Nx,Ny,Nxy,Mx,My,Mxy,boundary_scale,load_multiplier,sampling_region,hashin_fi,max_stress_fi,tsai_hill_fi,tsai_wu_fi,failed,hashin_mode,hashin_ply,hashin_surface
5.0973378105859535,-17.396958225709778,12.553622719364709,15.733860720993162,-32.63711192337348,-21.782989131586206,33.96728515625,1.4037289373746291,failed,1.9704594947539902,1.3858029916432453,2.0390957936434173,1.6659785252764416,True,matrix_tension,1,bottom
-0.16740490675894948,-8.499636951816566,8.762225813807259,7.749834283447941,0.6579226916741938,11.231708833106214,62.49951171875,0.29315291351706035,safe,0.08593887623077524,0.289372061440545,0.10244256602216874,0.28371915934228736,False,matrix_tension,2,bottom
36.22521153961932,-94.19837612852258,86.29689580477987,-4.904604315039481,-18.160444707401243,-66.89292024417986,103.2236328125,1.451904504594989,failed,2.1080605016993617,1.4519104097044857,2.7824602332747848,2.2850720128946187,True,matrix_tension,7,top
-47.97709331688419,-39.442556232889714,59.624068639189446,40.93346981186824,46.23027036035395,48.25635505020236,78.37841796875,1.4853793795953945,failed,2.206367135789396,1.3737218049128295,2.2064398947764126,1.806500682106809,True,matrix_tension,8,top
-13.885353259373257,-22.058920826551546,16.697341704524284,30.603029022760165,-3.0887714217305233,-22.774104567418842,73.5400390625,0.6693418954801338,safe,0.4480185919125227,0.665524498643286,0.5076385229480362,0.7149266095233335,False,matrix_tension,7,top
257.18784785857923,187.94738426348897,-230.28597211830834,80.33465986319572,40.376728838197785,75.6726994923955,368.642578125,1.1128886176241894,failed,1.2385287767497033,1.1124557943576252,1.9947884157789124,2.0104579690743316,True,matrix_tension,6,top
9.327147734259366,0.9284244698465706,3.972021610851436,8.672854492186692,-20.018907181841602,-4.3917529764230006,24.3052978515625,1.0068741195952893,boundary,1.0138025401343094,1.006871274759554,1.035388760918089,1.0533634377223262,True,matrix_tension,1,bottom
-3.204826783463157,17.412912530116284,-10.08510593032607,11.278400139591009,-19.601882637470425,-3.900704121938174,30.52587890625,1.0053579400657995,boundary,1.010749183941169,1.0053224358725694,1.036918683900848,1.058183369867033,True,matrix_tension,1,bottom
16.19641644038362,18.06651012236824,-7.941346195165498,-10.528912147988402,19.538266796346733,-4.3564802000671845,29.52392578125,1.1552727686394033,failed,1.3346727276721413,1.1470116752016661,1.3570882897820333,1.2516769743879805,True,matrix_tension,8,top
-39.785124451249956,21.51237467739611,6.162827284132054,29.877619710767036,-18.4874190487304,6.860085548733678,47.052490234375,1.2328740876480317,failed,1.5199910571726252,1.2216836595206724,1.592631266348635,1.4221243826769585,True,matrix_tension,1,bottom
3.3958156461901083,-4.92097268519449,-2.6990603500484562,-2.8379636341828958,-8.890260778016216,3.6203117716245363,22.7574462890625,0.525888058837859,safe,0.2765607669409932,0.5179002500953139,0.2768043882576176,0.46863106787191544,False,matrix_tension,1,bottom
4.133103633220595,3.8389442584911175,5.720488245607446,-0.8467052371653752,-3.6392053049884088,-0.6853581216371379,50.92626953125,0.17450243141868585,safe,0.030451596994389988,0.1744720209716273,0.030564971172206204,0.14193994963195838,False,matrix_tension,1,bottom
-35.74745414926902,-26.951724270738048,10.804350970072287,-24.471596356629462,-10.220271054159394,35.113115306558385,46.40576171875,1.372600585121548,failed,1.8840493278000348,1.367938856715243,1.977393490782162,1.63129182317493,True,matrix_tension,2,bottom
-6.728579632054837,-1.4805878221078657,-6.846805909466702,-2.4434102930369663,6.056098057489605,-12.448792762152298,28.8466796875,0.5923366336006116,safe,0.35086548877074586,0.5512508115320686,0.3518528094458601,0.5450159664576453,False,matrix_tension,8,top
-42.76134493041672,-104.07369067010204,5.1912059059176805,-38.10792234069032,16.74585285321215,1.5727126178133686,118.318359375,1.014984660155482,boundary,1.0301953202643277,1.0146994777685374,1.1340803912852264,1.1638763179511187,True,matrix_tension,8,top
-19.534458622633853,3.4216522251847037,4.19885358893677,25.941434776667016,15.938921390832956,6.811235971583542,62.06298828125,0.5994978863510553,safe,0.3593977952253905,0.5983864534452935,0.36435862889074666,0.5252665480013217,False,matrix_tension,8,top
-18.59689773696271,-26.93457873212933,-11.33135705825511,-40.01880447547536,18.463163588953783,-6.459777837522591,44.533447265625,1.2670365466243052,failed,1.6053899340476512,1.2574517954227669,1.7181112227221906,1.5112814786792907,True,matrix_tension,8,top
6.36825087384045,17.024448176025743,40.55860163516525,59.187839217691646,8.417692733673688,-20.099995738122637,78.99951171875,0.9766975663091894,boundary,0.9539450638550251,0.9751596999946742,0.9720761628160196,1.0121071131808368,False,matrix_tension,7,top
-8.657733580637727,-4.423509304873575,-6.518763834663841,-1.4994075120652939,11.35257264471682,1.6725500334603864,28.830810546875,0.570930722008192,safe,0.3259639147276987,0.570704040043586,0.3295951334255866,0.5266579694139706,False,matrix_tension,8,top
-82.62053903224545,-23.992016942870265,-2.6533639416284975,87.22088135732898,6.427097869655435,48.48348661205488,114.373046875,1.1535962959026964,failed,1.3308005693244072,1.0061759431159583,1.5815350891993356,1.6857358260006272,True,matrix_tension,1,bottom
-17.28934617233617,-12.991883442120448,38.12994599357189,-14.7145290540885,15.020908010790246,-16.175266207425533,43.388916015625,1.1809130271630535,failed,1.3945636173004332,1.141070599517651,1.416406364386841,1.31657957368583,True,matrix_tension,8,top
-9.114086900974435,-2.371796423829227,-38.099285339354815,25.955026651921305,-26.473535717296322,-71.31273851550506,61.63232421875,1.4512547698147114,failed,2.1061637551675205,1.4416148873797778,2.91230275835227,2.4139591395166287,True,matrix_tension,7,top
30.44310779048768,3.084458809975364,-2.287213823256983,5.510407294027552,25.178248334883747,4.229448494033568,33.079345703125,1.2181459779931696,failed,1.4838814480982552,1.2177514851765479,1.4895852078282288,1.2989907682933997,True,matrix_tension,8,top
4.75314579176223,17.025218692273743,2.0313164213047705,-13.574326361483992,-15.167259443819486,18.302001905191762,29.176025390625,1.1189779424810224,failed,1.2521174839788898,1.063204278987386,1.2526986612683333,1.190342545672025,True,matrix_tension,1,bottom
-8.13291777432651,31.018266014982597,-23.49637111632845,-18.990036658998957,13.654219841397685,-8.37525366974791,48.609130859375,0.9643897502551251,boundary,0.9300479497379067,0.9482979594827403,0.96111730490176,1.0260589302648415,False,matrix_tension,8,top
4.044632895005092,16.863674870178595,1.0853386179418372,7.715321059967573,-24.564036446926515,-0.5837171425977393,23.6883544921875,1.3115024741494061,failed,1.7200397323149008,1.3090173071387572,1.7447349779199772,1.4600345284279252,True,matrix_tension,1,bottom
-25.66216154285953,-9.764056937531397,26.765331262112007,-38.76104588882451,0.8951411404902857,-14.148836443697864,109.326171875,0.5152964385488034,safe,0.2655345550211118,0.4705911611275485,0.3254699878442205,0.5548143668738206,False,matrix_tension,8,top
34.3973659156177,85.48903992179473,-9.87629794601323,-44.48598018891836,-14.309482888184858,15.500857788360603,109.2490234375,0.9605897403750753,boundary,0.9227422528430455,0.9597704307989358,0.9263163775972484,0.964846090840709,False,matrix_tension,2,bottom
1.9488744797910502,4.915343590972126,54.21872853514644,40.421520525953866,-18.3762648228479,-6.1893629221360635,68.59814453125,1.0284763449252188,boundary,1.0577681892791502,1.0275802194416308,1.1789998575455352,1.1998460569991376,True,matrix_tension,1,bottom
3.0647355132519283,11.70964456734838,-7.079891333317352,-6.352199118951039,-20.851611577104123,-1.5795948030560725,25.045654296875,1.0367738953776011,boundary,1.074905471162348,1.0352367358346721,1.0772797284871571,1.056473936859377,True,matrix_tension,1,bottom
9.903644227918884,-2.3714519318585823,-3.9276130164721392,-0.4222184915397085,-7.873173348843171,-6.57115262196158,49.7490234375,0.301163008547944,safe,0.09070093374993515,0.29220404095268787,0.09204898909580587,0.25645648964767653,False,matrix_tension,1,bottom
-56.49577310717309,94.61999861427766,149.64093153536245,-60.34776873644822,-18.96862059306352,17.593634789234766,165.6787109375,1.1896506032658336,failed,1.4152822058994226,1.1889541090097933,1.4173196965545267,1.2523998677155739,True,matrix_tension,2,bottom
-1.0102915110114392,3.2018283235850973,1.7907873930573461,-1.549374686162554,-0.5512124607489063,-5.663151347346896,47.71484375,0.1470860977896211,safe,0.021634425697207527,0.1464292749920592,0.025816882313708375,0.1346005554927266,False,matrix_tension,7,top
38.81689522528418,-92.84614169109913,78.83736109701805,169.31775199868412,25.98650469600305,58.810777192659785,213.673828125,1.037500494223461,boundary,1.0764239972085003,0.9335706830392435,1.6492868373733804,1.8379789902421746,True,fiber_tension,8,top
-4.547072888602575,1.9944653233044907,-0.6130750868344056,13.190607582993838,9.914877374544949,2.431505598622442,41.702392578125,0.4175720176906359,safe,0.17436678871461686,0.4175489200572161,0.17527668314009778,0.349533710502559,False,matrix_tension,8,top
5.835290505390355,-24.855647297739832,26.614818229424394,5.870851058707042,10.728291992314329,-38.98091224778043,37.79638671875,1.4561939147674277,failed,2.1205260094235023,1.4440375135851706,2.2462886270482323,1.7968758816650854,True,matrix_tension,7,top
-81.33245860688785,-34.53639423181606,19.31572038515902,3.842881654333254,-21.399805687126737,-7.579901561538239,93.2001953125,1.0014222870190415,boundary,1.0028548218804403,1.0006554426473762,1.0182510578322082,1.0376094647837535,True,matrix_tension,1,bottom
64.83024182825044,-113.08052675110996,-10.435027990002714,7.776694112703116,13.04075202808637,-16.38562268026987,133.76953125,0.9916889368594884,boundary,0.983455582663881,0.9424336170072022,0.9833449485628443,1.0198094308906298,False,matrix_tension,8,top
55.15120454949126,-48.97345274827936,27.58048430966369,-10.489223106899042,-1.9579767397122794,-33.61716729909686,95.17919921875,0.9065292377080393,safe,0.8217975657479061,0.9010383717396686,0.9641214851125237,1.077011450927583,False,matrix_tension,7,top
9.223095960448198,27.42149219423153,18.637750172756473,6.950488527154505,27.605476316857132,6.949008156540402,35.046142578125,1.289725024229583,failed,1.663399949136927,1.2897273028994332,1.6696149228093295,1.396820610399879,True,matrix_tension,8,top
1.2813821636197538,-13.42934091530647,19.05507035750172,-22.688988428399785,15.064655253409605,-3.6711078135886046,37.581298828125,0.9595095748229934,boundary,0.9206664312173688,0.953678763047137,0.964893232629192,1.0303172201848227,False,matrix_tension,8,top
36.09099990423751,14.486279608550143,-31.162839895024394,-1.3272249231451914,-23.232911731940725,-10.273955574863656,54.4140625,1.0282624104629547,boundary,1.0573405438083827,1.0257151916416583,1.06736720053157,1.063217867569558,True,matrix_tension,1,bottom
-19.409600010564013,-28.15136929491069,0.9103728843674079,-33.78440102585875,-18.63785550406746,8.664637844759088,51.91064453125,1.007243051403385,boundary,1.0145403122290693,0.9831729408685306,1.0264597715853458,1.007980905641258,True,matrix_tension,1,bottom
-20.09196852718853,2.668945463875883,0.6316514263513553,3.6293408389519497,14.172296401314032,-18.092222028727868,27.959228515625,1.1038801148255053,failed,1.2185515447676798,1.0508470214466983,1.2188557896776575,1.1797539986428662,True,matrix_tension,8,top
-27.121508632075624,25.30988024559754,6.316655556248999,14.517397689164937,-9.790660266461792,13.95458845169678,50.70361328125,0.8636115652573053,safe,0.7458289055613271,0.826696391592663,0.7616472514600363,0.8916729463232036,False,matrix_tension,1,bottom
18.443943486739023,21.272083778893634,-67.93272452620435,-11.608362961842081,-12.001306550575586,30.1675249009736,65.1279296875,1.247056816739439,failed,1.555172003309407,1.2367949126099003,1.6176186099568552,1.428557286840003,True,matrix_tension,2,bottom
-5.428294604717823,64.32956991929464,-32.28899512520082,-35.70474325875295,8.78478624152876,36.66592375044815,94.73291015625,0.9386368131856737,safe,0.8810448855258183,0.9322429076476941,1.0592263121986933,1.1531026004154763,False,matrix_tension,2,bottom
14.661632437438122,14.405395754799565,9.482153977782204,39.83127203684314,-3.5107684386245332,-34.28467989294255,56.2822265625,1.0186096365105448,boundary,1.0375741036283104,1.0157767422995607,1.17060107783415,1.2016700333697246,True,matrix_tension,7,top
1.4765440855067622,17.92363138822216,-21.929895294782586,-17.131114933610185,-21.916460223200808,-10.869228888183086,46.7666015625,0.880675611188221,safe,0.7755922024598264,0.8769697056165566,0.7755004270272418,0.8529123211752152,False,matrix_tension,1,bottom
7.6315625526026345,-39.025041143225046,-63.812329195912874,1.501417135227953,-13.03193921444259,12.689681175241912,81.5087890625,0.9492390209031029,safe,0.9010624903267653,0.9164474299823833,0.9040847537574338,0.9707453205798852,False,matrix_tension,1,bottom
-12.127596802562431,2.531098626862708,13.917475969223414,4.196691148553019,9.705093679344584,-12.90204753723693,32.8955078125,0.7602527495883857,safe,0.5779848300811871,0.7213314603117571,0.5779213383307378,0.729210575839988,False,matrix_tension,8,top
29.936292482311018,-14.365316070288035,19.01434973583697,-9.698905115845612,-4.288427282611469,30.26430575617282,48.463623046875,1.0301481810859416,boundary,1.0612157504933522,1.0263191535773786,1.1482564985116537,1.16691437501999,True,matrix_tension,2,bottom
-95.79387408530224,-150.8219748581108,-43.83633686370165,48.436030168449776,-18.412101772858033,12.783203934911473,134.228515625,1.4270910983949223,failed,2.0366017147506787,1.404814510820977,2.18504369195221,1.7920371336694836,True,matrix_tension,1,bottom
-0.9136872794648764,17.888214536080397,1.2174930628789298,-11.066574493269586,-7.855254034773676,-19.565921135369138,90.32763671875,0.3301449386201302,safe,0.10899588439074448,0.3300761822087903,0.17651150844226418,0.3875767869780832,False,matrix_tension,7,top
16.754284470181265,35.877059133524696,-28.817687910559126,8.190226288709534,-21.694741365200404,9.897160680557942,40.22607421875,1.3693102282952794,failed,1.875022381789857,1.349214126987563,1.8943564704482418,1.5563160321124008,True,matrix_tension,1,bottom
24.31303971748068,-15.845582279405269,-13.983388741587872,-28.01790062855996,-17.136342611333742,11.206884621879482,47.00927734375,1.0072413149958637,boundary,1.0145361421372145,0.9755111958480882,1.022129124909229,1.0141125496204442,True,matrix_tension,1,bottom
5.872671673075396,21.42952189801163,-5.562169004858084,-23.96401591116709,17.31712740371179,-5.378844015917945,33.833740234375,1.1167975454640262,failed,1.247245057943049,1.1079343809623265,1.2987798014429806,1.2403106664383814,True,matrix_tension,8,top
-4.697597214752961,12.493819777635702,69.88900244030657,74.40141608012514,2.485364995442218,5.738333517712712,222.4140625,0.46371773162914753,safe,0.21503497887251852,0.4637186419290457,0.3114129212580576,0.5260503426883768,False,fiber_compression,1,bottom
0.8750534193027535,-0.06794772335054838,0.8247099603121195,-2.1894538906409826,-4.176163911843187,-5.446210149412519,55.9033203125,0.13065085913575916,safe,0.01706983939635204,0.11118158354204452,0.017137314062936858,0.09379878030842374,False,matrix_tension,1,bottom
-9.723069775049172,64.2441141575689,36.67789662475242,-31.905687202924714,11.53100463488112,-13.49987610892751,81.82080078125,1.015243305652103,boundary,1.030724329985614,0.9858429255324791,1.0917730846516271,1.1378694168714139,True,matrix_tension,8,top
8.033277765862538,-4.401622686760443,13.802670424682201,-14.815786315857574,0.08224454813070826,33.70285534759028,39.4375,1.023670568848222,boundary,1.047908984533977,1.0229929279875816,1.1728440290200501,1.1976510301764907,True,matrix_tension,2,bottom
2.3878936403716833,15.153313292145068,-1.4815555594054854,-4.44617992944693,-20.337821615683808,11.227183982896037,22.1875,1.2723637409328405,failed,1.6189160444265291,1.2467117021988203,1.6211651957950763,1.3934550124217995,True,matrix_tension,1,bottom
8.63557906350635,9.384238612975167,15.301709920268513,5.167810217238648,-4.035886422642343,6.400564624760071,59.7744140625,0.36680936433169087,safe,0.13454999139582483,0.3488401505940773,0.1366596123269466,0.31822751826041223,False,matrix_tension,1,bottom
-28.159752236120273,-5.160308473523332,-30.610782073170704,-22.988098008404936,20.970784582831442,13.764389839636147,56.11865234375,0.9619672555864894,boundary,0.9253970739081416,0.951000502763359,0.9889712452210999,1.06067929398506,False,matrix_tension,8,top
-89.403638060649,-16.39062337952311,72.9943675869503,13.11514852137921,-16.87546347741439,14.025791278727699,97.46240234375,1.2245287628236423,failed,1.499476791096819,1.1925378232391481,1.5211607982547128,1.3687756548307626,True,matrix_tension,1,bottom
3.1140531466488257,-2.6953037467028444,24.755476963598944,10.788809955677863,20.921347080732716,-21.548877414762867,27.154296875,1.4951098512076224,failed,2.235363210499016,1.434817175937797,2.235063991407705,1.756994792699857,True,matrix_tension,8,top
-8.65750726489523,-7.921698081267041,11.920392023882016,-1.7075326239420547,12.527547202000882,-3.949139862542822,28.75439453125,0.7420306468755328,safe,0.5506179715255943,0.7340691653969083,0.5544495879604315,0.7132867549537271,False,matrix_tension,8,top
3.1047084031194703,18.8127457186305,-4.349599037276588,-11.315195732152125,-5.393127878152956,5.4384518331751766,68.50634765625,0.3482504307673491,safe,0.12127896398183682,0.3350624697848791,0.12295521205682566,0.28679234374394513,False,matrix_tension,1,bottom
-7.78149022894525,16.57789253453705,-34.58037308020372,-11.360392977969223,-24.357709868969724,-11.933256855256936,48.22900390625,1.0149149050134274,boundary,1.0300565153488535,1.0108891521623609,1.031600145401013,1.0285205961382238,True,matrix_tension,1,bottom
-10.493810374037825,-6.592753500688467,8.42346715313524,-41.769230099863364,29.274675439297532,27.444777623467335,47.214599609375,1.2671576288642823,failed,1.605692855800215,1.2221139455796182,1.78343047359259,1.619139239749733,True,matrix_tension,8,top
6.5832573614457095,45.19769806400551,-1.9343067599007215,-6.820125134648987,-16.73537361734734,-22.925904656558988,103.5146484375,0.5239944147517624,safe,0.2745752217280406,0.43446442802826135,0.27676327293126113,0.47224462873186335,False,matrix_tension,1,bottom
-5.468443529192323,-9.4601243356869,-0.7523033525965181,3.55814923529271,0.5443425913695704,-8.148155715630622,53.7080078125,0.26286255821329485,safe,0.06909715970889264,0.2624489003028189,0.07587609602725831,0.23969526420589474,False,matrix_tension,7,top
-1.474690715971851,-6.031065361062506,5.065895005636087,1.736334752243367,-13.376526563228818,-0.6279418428445321,22.50927734375,0.6975784458440587,safe,0.48661626040051675,0.6964294460923823,0.49146732517552616,0.6642424428206374,False,matrix_tension,1,bottom
10.854883205398634,-83.18397562344039,76.40057333324556,71.35540053057532,-14.43845967051567,20.781625995890384,91.95166015625,1.4834450505972208,failed,2.200617113380796,1.4409914147147267,2.4613104504819523,2.0157825510981993,True,matrix_tension,1,bottom
-7.786880386438243,-28.417871479268758,18.93573560640926,52.94018091267039,-31.187254947952212,-22.197737510417205,49.86962890625,1.4864168025175062,failed,2.2094477276711317,1.4652793916026674,2.45784430582149,1.9772289195575787,True,matrix_tension,1,bottom
-24.54118359187273,4.9998115436864,36.56558307462981,-33.161793477805475,-25.71958055448098,-8.50460238998703,58.77294921875,1.0485540169494927,boundary,1.0994712403294173,1.0482966865857708,1.104608872542712,1.0434514526536764,True,matrix_tension,1,bottom
4.332479378065696,-31.821548605409895,9.240286066142104,-10.354126543531658,22.848310384224085,-11.251399536339076,29.515869140625,1.46611575024895,failed,2.149524775198385,1.443173532662718,2.174198607449415,1.7100005330797865,True,matrix_tension,8,top
17.43977322662962,10.243124954984957,-38.53115031026506,12.298955191230872,-23.643297598512692,5.378187973202918,36.69921875,1.3981743072382318,failed,1.9548917621905442,1.3879409355493917,1.986642726700521,1.6022733776395153,True,matrix_tension,1,bottom
-13.199921122090121,-20.990204823594357,11.6816046322531,3.954491642233636,-10.047677111759443,23.748416020441258,35.96875,1.0520250562228466,failed,1.106767011197066,0.9696676358857728,1.1091308546376326,1.1385962960272868,True,matrix_tension,1,bottom
4.2099305873575315,-9.701078888213301,7.37579734119206,-8.351376149513232,-6.444336564743903,21.33262943325164,32.813232421875,0.8248639601871257,safe,0.6804079885921708,0.8197206937023529,0.7157400798007109,0.8582163386973846,False,matrix_tension,2,bottom
165.37549407551495,261.70878875358574,-41.604113143363136,-198.8318282487829,-31.87364938847624,-29.383062088845076,328.6328125,1.1344171568727712,failed,1.286904102732076,1.134417957691113,1.3506629495788294,1.132249090729396,True,fiber_compression,8,top
1.2358998738432811,1.1184990701343551,-3.186783208262333,1.4910198237253616,4.377300209235283,0.3667011771301364,27.13671875,0.21629808632518235,safe,0.04678490443320636,0.215999058565737,0.046869070145215214,0.17703888902159243,False,matrix_tension,8,top
0.9476172353002744,-2.6655769266935017,0.25319423016176246,-0.6013917898009584,2.846016369269087,-0.2682604943723904,25.9365234375,0.15709166852060186,safe,0.024678179136548854,0.15640188155071164,0.02493419889070977,0.128387945604112,False,matrix_tension,8,top
11.78435904899731,6.409312279197272,-17.438918587065064,3.5597562830054637,24.331263153691182,-6.49743403951225,24.2222900390625,1.388383404708712,failed,1.9276255434425744,1.374630429554027,1.9333040352324282,1.5522149346769867,True,matrix_tension,8,top
-10.631470372256207,-4.03312766219959,-0.9611876747738388,-20.094333915635698,-19.034113671620727,5.679242152501979,29.751220703125,1.0242317949417976,boundary,1.049053166466777,1.0102870201554972,1.0504304878550825,1.028280904314096,True,matrix_tension,1,bottom
21.32899624278031,7.4019463943405315,-19.40033016686082,-35.78630315574944,22.713994945056108,9.493985770990477,44.72119140625,1.1774611199625513,failed,1.386416509619856,1.1749811985340377,1.501697935727848,1.385743987451327,True,matrix_tension,8,top
32.74199647521329,30.21065998256615,-13.007382198885256,63.644926697389806,48.707979031512906,97.53709630090833,94.947265625,1.4165872994030473,failed,2.0067212227980593,1.365160785376452,3.6963368284383242,3.152198046024396,True,matrix_tension,8,top
-7.615004586126762,-6.6200722891081885,-7.284435436840715,12.023598320807555,22.781756692984054,-6.97635530525072,22.9923095703125,1.2807294289350502,failed,1.6402831620337228,1.2650497606815512,1.6401950130200122,1.3844672644674199,True,matrix_tension,8,top
-2.688969486031409,10.416778959371197,-24.63754666005553,-9.045292468474505,-8.56071291591418,-25.387892382282505,80.1435546875,0.486850166049998,safe,0.23702596066145584,0.4867872930082399,0.3427440215972381,0.5798163132007571,False,matrix_tension,7,top
-6.567848256374942,36.34819446837417,-8.003400888358136,-33.665198408902754,-1.8600702459966454,34.26481180510386,53.49169921875,1.1431592436861655,failed,1.3068147424682555,1.1431575795458935,1.4210741391842123,1.3372815791279797,True,matrix_tension,2,bottom
5.07963419673872,-2.0147247803327413,5.8884459852298985,-0.12410856582606099,6.381167849771861,-9.413352396553831,26.176025390625,0.5319422524409438,safe,0.2829672590904473,0.5035922413755872,0.2833579974300626,0.47627676913343975,False,matrix_tension,8,top
-7.399615582077626,-9.514945424737045,4.1733013597019974,-2.135810593323427,-6.221348437896927,-0.5853215499983455,46.923095703125,0.3061104250740828,safe,0.09370400788325706,0.3057360972810161,0.09387289528969879,0.2572411057520553,False,matrix_tension,1,bottom
-24.27769518951572,-14.970584338105862,23.702484362401165,4.583979207622058,12.44702158460256,-18.49509801415911,42.611083984375,1.0211558041596778,boundary,1.0427703133110524,0.9635488195534219,1.0426904714892808,1.068195214053303,True,matrix_tension,8,top
0.6366316599287577,5.994826530188764,-2.0502559627429506,3.038646680778448,1.7274092018502285,8.496903113312383,57.611328125,0.19403504742787278,safe,0.03765018556106257,0.19352254965924798,0.048149659301068654,0.18771236990615534,False,matrix_tension,2,bottom
-31.401555721861527,13.99759892902563,16.59633229401055,-14.261379905883816,-25.987870925945224,1.383834363219003,36.39453125,1.3286035888921384,failed,1.765193455642606,1.3226906722268508,1.765167508086622,1.440551576233968,True,matrix_tension,1,bottom
25.013316122086216,-18.0087370965374,-43.26992762156114,0.5547862202768757,-14.49862065396957,-49.17748171473056,70.41943359375,1.0484649533617645,boundary,1.099282317333442,1.04823945471903,1.4689672878326834,1.4686850492866868,True,matrix_tension,7,top
18.380078350603604,-14.898395382094089,13.833317532379658,10.348485669551945,7.159924890833616,20.218275724247988,98.1328125,0.36999028920902743,safe,0.13689470029860326,0.36976373657002115,0.20581896373531064,0.4258288910090556,False,matrix_tension,2,bottom
38.61515721761629,20.66193118513098,-108.13902451132353,5.069884118301385,-33.7215073784748,-77.59581131959416,104.3203125,1.3823611739058221,failed,1.9109230038423555,1.3734719815216354,2.9462572685588984,2.5131521648062,True,matrix_tension,7,top
19.125061883331426,3.591008251172412,19.004118252610144,0.16959559386515252,2.853481230050226,-15.38580832514488,59.07421875,0.5311987963447368,safe,0.2821732711658755,0.52693100546406,0.30433817252313844,0.5205043988838962,False,matrix_tension,7,top
-48.3980220667759,-1.9021494038455729,-2.9622284730118698,66.78560137840861,33.223111409795315,0.42523756462225415,61.5341796875,1.4461711350574615,failed,2.0914363583052955,1.4389591331903047,2.1389265393721026,1.6099310476540336,True,matrix_tension,8,top
-3.990321186493797,-21.28602512501817,-2.9704483310103673,-14.672087208411744,-24.587563985766796,10.053221514733124,26.22119140625,1.4263103295791706,failed,2.034372071302567,1.403187989528201,2.034086116310004,1.6002820298437541,True,matrix_tension,1,bottom
-4.253550191153192,34.52156608030353,36.72392427483345,35.56638050399587,1.3491442941310572,-29.29822991455681,69.1552734375,0.9896166500059249,boundary,0.9793543896852753,0.9892756957342046,1.0614000057241886,1.1083725938593119,False,matrix_tension,7,top
6.134179995353921,20.820291174625126,17.790214498684847,-2.138563346904563,-20.122817234460545,-5.160981666346073,36.77490234375,0.9512469877941213,boundary,0.9048717096997041,0.9512391576268867,0.9108083380662989,0.9583714563588267,False,matrix_tension,1,bottom
-23.69530863569811,10.368999538558976,-20.663706473486137,-25.752502905752266,12.770455575039787,-16.48284369450973,41.925048828125,1.117218370365668,failed,1.2481895901614535,1.077192130734351,1.292256886164003,1.259879958812053,True,matrix_tension,8,top
-18.502637513830297,-7.814642301626307,23.34736567134334,-18.870448238347933,-34.37132982732498,-30.23360467771645,47.772705078125,1.2205737127667873,failed,1.489801013429455,1.1733773842580835,1.4921624696063325,1.3440156462968402,True,matrix_tension,1,bottom
-1.6434579987949174,16.966716033099768,-37.349368072016006,5.532658448704846,21.819058224704655,-15.759262291297391,34.31884765625,1.4395076426944626,failed,2.0721944747131507,1.4008883836771862,2.073926949444724,1.6517954106102382,True,matrix_tension,8,top
-9.48100645724152,-3.4587195749818935,15.132841758051224,19.478226589304548,-3.5613082607291457,20.195637102881996,47.268310546875,0.7114156536372,safe,0.5061158078454497,0.6343607564290012,0.5219873823468946,0.7206152937464585,False,matrix_tension,1,bottom
-1.8632667584639364,2.617355037991062,7.298888445563317,63.48486728140583,17.001018980008304,-14.124775578141103,64.86962890625,1.0435381369566494,boundary,1.0889847810613482,1.0435422448089164,1.0891562780693385,1.0555456560315226,True,matrix_tension,7,top
-66.5581475240466,123.48096124028866,4.224601049636439,37.859091149054485,1.9006229963050816,45.742401283040074,126.705078125,1.2027649893940062,failed,1.4466492932977466,1.1825842438467329,1.7195722002021245,1.5964104185244083,True,matrix_tension,2,bottom
7.624067283100453,-11.23205688243306,-16.49660445094538,-0.668091078797367,0.9605506645018839,-7.932124896409806,88.47998046875,0.2579012146404241,safe,0.06651332447068291,0.25591456035611704,0.07293087787175974,0.23395996833019322,False,matrix_tension,7,top
-7.546328975080148,-10.845854358329587,-0.8639102310627637,5.171234692008028,-18.690277937588096,13.431034071717201,21.2506103515625,1.2729779504828782,failed,1.6204824021422688,1.242074025201915,1.6311310530804253,1.4179402554802154,True,matrix_tension,1,bottom
-382.36381608963615,-2.40502013785103,-43.13809665315116,-20.19007561822304,-5.462843675191181,44.034666553120154,259.95703125,1.4920650073970396,failed,2.2262606927969695,1.488554420259107,2.411672316863262,1.8974924396027895,True,matrix_tension,2,bottom
-23.97189248298675,-22.36320583973332,5.909596549834951,25.464563210121256,-8.82275875949897,-51.17059155031613,50.2744140625,1.3275402805847891,failed,1.7623760772789143,1.3269433193791542,2.1029779663177606,1.808371086363666,True,matrix_tension,7,top
-9.436696518602183,-6.909879734505354,0.6527873256715728,-5.2747052926937235,17.75468273504356,-11.438120380832766,20.8927001953125,1.1832147883095117,failed,1.4000068994325852,1.1577774617222572,1.4103220323996777,1.2869662097991026,True,matrix_tension,8,top
-13.749969312272933,3.489256444801051,0.9182498687209697,-1.3201837533647731,14.221248662306675,-5.571176673403923,24.262451171875,0.8617037700600857,safe,0.742536803115737,0.8501916129170679,0.7467941586580438,0.8542097196049216,False,matrix_tension,8,top
-56.32503012533998,3.083924660012109,-47.46966538212469,-33.157498434550746,17.5118438546475,24.504913780532515,122.5888671875,0.7037084211355885,safe,0.49521037495695064,0.6215980906449565,0.5925270303933824,0.8160114744748094,False,matrix_tension,8,top
16.997536802831895,21.091514763489723,7.77422337705644,20.021403356582276,-27.618769962156684,-4.66833005889443,30.693603515625,1.449594972872511,failed,2.1013536651689213,1.4494122966306477,2.1659583084913847,1.7029256661150534,True,matrix_tension,1,bottom
-4.367084141624922,-1.2697983516457998,14.38380838573525,-1.297019239100705,3.162251002578551,-1.775030349544952,75.28271484375,0.2068142749382556,safe,0.0427722644917773,0.20306579803055885,0.04319965063819748,0.1702512491018466,False,matrix_tension,8,top
1.0395257771750699,2.701990175138551,3.819800576520181,0.7179138500561882,1.3669781111505,-2.668501234118348,45.392578125,0.12554639194700198,safe,0.015762005939893364,0.11675508760213829,0.015760301720034453,0.09711777507126888,False,matrix_tension,8,top
15.120571763622705,3.694891487591316,15.477215781147649,8.56921707476813,20.95839977474179,5.052464609144093,32.96923828125,0.9687238944615342,boundary,0.9384313014498633,0.968720875660013,0.9398089038399586,0.9678468774898245,False,matrix_tension,8,top
-17.776810180486155,2.322561973303474,-22.13105395557227,-10.454425934515319,2.7404013092377295,2.8966643948243322,214.603515625,0.1425906862423937,safe,0.020332171858278937,0.13717527057699622,0.027112579371490045,0.13447785661044173,False,matrix_tension,8,top
47.13992485983428,-16.648275550885906,77.14551835489885,-0.06603358471342435,14.034454188580574,55.612592608474856,86.884765625,1.2470953213141678,failed,1.555253273298644,1.2470977062563595,2.0100816297718707,1.8039159324091032,True,matrix_tension,2,bottom
-0.44146782488032477,-0.14327311903703474,-5.490782109836945,-1.0292923632649942,-2.986070708114987,3.718980092727578,32.0732421875,0.22947770363393935,safe,0.05266035162315008,0.21857944044809446,0.05266010174798866,0.18245535280455355,False,matrix_tension,1,bottom
-1.9135066445525126,4.020886249316231,11.115620733588214,-18.015833588474347,-18.77047106055122,19.90744570547827,26.4267578125,1.3198629105221957,failed,1.7420468878831197,1.2611513249344,1.7432732326207803,1.4784636338071186,True,matrix_tension,1,bottom
6.921589804464381,7.226597295040374,-23.872644685847362,3.5789382964533036,11.471966271460802,5.838835599506868,60.41162109375,0.4821877851592785,safe,0.23250876563449055,0.4799321897047816,0.23345486833026344,0.4284093452145862,False,matrix_tension,8,top
8.683494304177197,-7.938000626308598,-12.664039483205404,22.835491591503693,38.802760311364054,47.06801248593968,54.72509765625,1.2314130918535868,failed,1.5163957323066695,1.0856069563216222,1.519581688849643,1.4570809817561656,True,matrix_tension,8,top
3.5990460937160025,7.824420462918221,1.2364618493277693,1.334276826317525,8.405319009914027,-0.6049015564467316,27.265869140625,0.44693316799636107,safe,0.19975010255713413,0.4449823771472577,0.20046908801504626,0.392723753210529,False,matrix_tension,8,top
6.232944349369365,0.029431632808222495,3.3451256319568476,6.588575882359358,-3.6856408415801836,7.4358345971064175,33.744384765625,0.3775648162710129,safe,0.14255543855666686,0.35529130108312906,0.14534836714049387,0.3297703672350812,False,matrix_tension,1,bottom
6.276705276980763,-2.17916989166651,-7.202739488879131,-4.547881562010897,-4.443443291063525,0.22705086091130672,53.62939453125,0.21785632179840658,safe,0.047461595501272894,0.21673425055505832,0.047515069220608344,0.17330447890855133,False,matrix_tension,1,bottom
10.263771347743422,5.629162385014653,5.234521205219348,6.787755747305358,10.204688227621212,-34.912832808058965,29.565673828125,1.3245272172992282,failed,1.7543861164392518,1.3136673692581846,1.8526317501288003,1.576907677614846,True,matrix_tension,7,top
0.6804681870141411,-0.08742641735423247,19.72969760810497,22.411233017255853,3.8264628275515293,-9.442054530446985,71.7099609375,0.440052229214542,safe,0.19364807172793855,0.43994754214879794,0.19814431568013444,0.3982002370549916,False,matrix_tension,7,top
-0.02664618054045274,18.86815718658661,-10.672071649016369,15.415385221744648,12.961002736707607,-18.268429806553517,34.809814453125,0.9989824256092463,boundary,0.9979683864202485,0.9390749813284732,0.9997575477408764,1.0278997762767674,False,matrix_tension,8,top
2.780836580979224,-20.79841552785497,-23.44165538943755,-14.669009028186967,14.803565326269002,-26.072252022669996,33.112060546875,1.3852461866008599,failed,1.9189240767759954,1.3072192404104688,1.938026490980332,1.652979643126447,True,matrix_tension,8,top
-0.8097499213464817,0.4350853948748184,9.702345650546118,-5.465227520412872,5.840995480582872,0.5945789415564162,39.551025390625,0.31913714824700123,safe,0.10184906200043427,0.31896011558179466,0.10562754633701925,0.2829851788811518,False,matrix_tension,8,top
2.31181965042496,-0.7988999756829408,7.558576736700522,-2.372870080903051,5.885685382043684,-3.3496081406591824,27.755126953125,0.38571047324996766,safe,0.14877312514257493,0.3785988428648787,0.1502285344823729,0.3362074215653141,False,matrix_tension,8,top
9.691394307672756,30.77924259010399,-1.647582768227044,-4.193401034618484,-23.739844777458924,-4.883625661824537,35.7255859375,1.1366658704539094,failed,1.292018459682657,1.1365728381537568,1.2982207340544996,1.1920600506634318,True,matrix_tension,1,bottom
2.387941025453322,13.888534070060572,29.579552974131452,-6.176440806617186,15.112976246536196,2.5665888973036557,47.52734375,0.7721272778115947,safe,0.5961820595472347,0.7719919740891336,0.6078216095640898,0.7601262348723921,False,matrix_tension,8,top
0.40066944174120034,0.7143847829003762,-2.6423758371009622,-9.047345449720705,-9.988995036427713,4.227230733215911,25.279296875,0.5693571892754304,safe,0.32417095525556683,0.5591499657691956,0.3243167866415109,0.5054815047061849,False,matrix_tension,1,bottom
0.2898380011250034,27.088136208431788,6.146087339983002,-22.355748453737505,41.78719694945481,53.81237438316344,51.626953125,1.4894988351974652,failed,2.2186460629446634,1.3185852769659656,2.3562680787087995,2.0768776016380257,True,matrix_tension,8,top
36.59804715914097,33.30173933330461,18.096259704028764,17.63207631691716,15.313345211498559,-32.33632006312958,46.3916015625,1.4244540338768936,failed,2.0290813831791095,1.405546649356846,2.070575397133779,1.7103724972018597,True,matrix_tension,8,top
-28.813330491321338,47.26916293918788,30.46760361718291,53.93522260369535,-9.851307791264512,-41.78221676067534,83.88623046875,1.1147589132353513,failed,1.2426889276776516,1.1023781337698306,1.4659678198270252,1.423695673639813,True,matrix_tension,7,top
0.5970703892263011,8.569414418584033,-2.730818821567546,2.661004873097062,-7.472966067352303,3.4039179889895004,26.505126953125,0.47086916074012364,safe,0.22172158763957114,0.4639436083332142,0.22391692070603744,0.4215681510820183,False,matrix_tension,1,bottom
-27.89004121305628,-21.781296075195325,-31.94953173618685,209.4852811949808,-11.642583588008257,-28.844044277686688,152.8310546875,1.4204060744775426,failed,2.01757141565089,1.4204124104114586,3.317785192094168,3.121185598427513,True,fiber_compression,1,bottom
-5.001852782029563,-13.040215382780826,26.270604809931086,-3.1359855995800903,24.497375461852222,1.1731990645834172,30.296630859375,1.2768803719758663,failed,1.6304478127828357,1.274805647839628,1.6466500931993489,1.3992000100866964,True,matrix_tension,8,top
0.03199365543375404,14.48548214717632,-19.548974549688495,-16.86841950109054,-4.577678758763544,0.12243657566465171,173.0849609375,0.17308499759430335,safe,0.029958630525300012,0.17289722898190815,0.03351920303460391,0.13087752592273857,False,matrix_tension,2,bottom
-10.764151528746636,28.54718908064826,28.859589788794764,5.156141729672502,26.96760494564973,7.63780389276557,40.539794921875,1.2519282782405627,failed,1.5673302365252555,1.251831573923629,1.5752017572453378,1.3485789356269418,True,matrix_tension,8,top
2.972802745877057,0.03600929092260348,39.58662699210938,-65.86885193784404,-38.10122429948661,-31.903323410521168,77.591796875,1.1800876117371863,failed,1.3926103996140191,1.1329309152555112,1.4244660110032723,1.265934842993874,True,matrix_tension,1,bottom
-10.011605569516897,-6.5433860677081865,-5.717681083654255,16.32212704881696,11.967108597632992,-2.734825596199004,39.828857421875,0.6113246845876134,safe,0.37372131528788716,0.604019680657094,0.3754565836881948,0.5429603448831051,False,matrix_tension,8,top
-9.005371775790135,-0.5516129948651218,-4.709336439501057,-0.40044987370558827,-7.552129816993371,-3.596118605510684,39.927490234375,0.33009224727084097,safe,0.10896142460749687,0.32893833524768595,0.11005082906067738,0.2840944161904283,False,matrix_tension,1,bottom
9.738390856221686,-30.80311762209426,19.93730003896823,-18.666581326112034,14.76271064401689,-0.24816898220686384,52.080078125,0.8603347730609638,safe,0.7401821167549172,0.8587360251022497,0.7746053773720153,0.8963524853882584,False,matrix_tension,8,top
2.0135433322689367,3.378092056411301,-0.7769934674587353,8.441733036393495,5.552457350174213,-1.4144375187779379,38.748046875,0.2829015334344107,safe,0.08003332033158451,0.2790819185932891,0.0805982628500384,0.22521716500102823,False,matrix_tension,8,top
11.695976514513358,-7.326075277606679,-5.527566757568406,8.85881748250514,-6.313556511184958,-7.890095147025996,80.251953125,0.2497175542971179,safe,0.06235923100589737,0.2274899007046112,0.0707326865609545,0.22296756276419563,False,matrix_tension,1,bottom
-0.6804949642075994,-4.323432678983205,-4.480595130388879,-4.73395874920398,-5.8449328409322945,15.162984577754003,29.160400390625,0.6189123072405203,safe,0.38305710410425037,0.613468100513811,0.39924218260878186,0.602138663197038,False,matrix_tension,2,bottom
-13.189169526772819,-5.014776390078534,-19.242727461958825,-71.50979761819985,-37.161388832152774,-48.827758944716436,101.0205078125,0.9621968964209623,boundary,0.9258242418681571,0.8681969235898661,0.965670767787135,1.0575881151194935,False,matrix_tension,1,bottom
8.581238097238511,-0.2877962947242508,8.358494624751948,2.6617791078483544,5.068338294675081,-5.834769976157517,38.64501953125,0.37534616859699077,safe,0.14088503158895227,0.3584179788345495,0.14086563157158308,0.31434995700808377,False,matrix_tension,8,top
-15.967545220440112,15.493849170550954,15.677917437682957,-15.217285240194657,-31.08981166793426,-32.78888662279099,52.431640625,1.0470884728545737,boundary,1.0963982407194284,0.9717915564105194,1.100190490003924,1.1304892195103151,True,matrix_tension,1,bottom
3.5992144427827104,13.605817806997354,-32.974423972191744,1.1061296460529166,23.738191738934283,25.720906420511074,59.93212890625,0.8362229153813671,safe,0.699275629997061,0.7757018650837777,0.7129090584591838,0.8651257948960427,False,matrix_tension,8,top
-73.07304631677205,122.8660997619492,-38.750027655486186,76.25356307046584,4.961582324414238,-30.078166691692356,138.1171875,1.2261713907887986,failed,1.5035161967044401,1.2204138515964182,1.566873260480716,1.3962605328291808,True,matrix_tension,7,top
-17.779648542176226,11.02887350525453,17.29404276300573,-9.086154697768249,3.4429853742530607,-8.270709870911553,76.15234375,0.3938711848982377,safe,0.15513593478901597,0.3685567703593794,0.1596879694697993,0.34978465121239244,False,matrix_tension,8,top
-2.146068371444251,96.87524713497763,-26.85393218906685,55.649735950018965,5.424630860430675,44.31424604311451,120.21875,1.0255539542473429,boundary,1.0517689902165142,0.9976522677907501,1.3399669484368346,1.385043505502168,True,matrix_tension,2,bottom
-5.217666455850272,-37.76891334170768,29.909559599137545,29.375024631840898,26.81385689730914,69.43248440951785,76.26416015625,1.2266181304192247,failed,1.5046038354613906,1.2266200369446074,2.333772917961224,2.11049259421162,True,matrix_tension,2,bottom
3.375791327449405,-5.643031002796944,0.21134481597724403,-5.427198515950919,14.660193836604495,3.2911444348892114,23.604248046875,0.7319409670390274,safe,0.535737645883187,0.7319387940349636,0.5460633946823268,0.7128582607786046,False,matrix_tension,8,top
-57.44584723146526,-53.30369878099894,21.06205714855721,1.6003116983314487,6.628120227811968,-35.103384770879295,72.81298828125,1.217877264401124,failed,1.48323533980673,1.2085273271279537,1.5978051017839672,1.4461551818904845,True,matrix_tension,7,top
10.633511852927931,2.1894896769577468,-5.664507535603504,-5.090629741173579,-27.470106086247878,3.3239792931924064,20.68212890625,1.4836109604999692,failed,2.201118348836626,1.4752077719057826,2.207758193644407,1.6858627454124315,True,matrix_tension,1,bottom
-5.473364044834378,-9.578263535330294,-7.988484391253192,0.4425717224809711,-17.24886670235961,5.083217211737909,22.4183349609375,1.0064392680359178,boundary,1.0129278592972024,0.9960087776066116,1.018238753028504,1.0326440934419034,True,matrix_tension,1,bottom
-160.12664740395738,-64.3175823964963,79.5822856619901,-179.3160739724339,-22.432203809902102,-76.16758189425465,191.3662109375,1.4269725861841684,failed,2.036264028713247,1.1329235937374051,3.0520090247791574,3.0383682560802034,True,matrix_tension,8,top
8.466910555559208,11.852098372718727,38.487449429241636,-4.253680361793745,7.881921899720823,-31.12688886947536,46.611572265625,1.1235262650672546,failed,1.2623115411714634,1.1102955101592438,1.347579974892089,1.2926296448810832,True,matrix_tension,7,top
-2.762929043061057,-0.10961858595013482,-7.700591141770361,1.1271879864467227,4.766867256340652,1.4433336753767598,44.1044921875,0.2186801060522526,safe,0.0478213095965388,0.21864174134026193,0.04802649053382697,0.18045533138764042,False,matrix_tension,8,top
112.25335514294551,-284.1001732600431,-162.589476717435,132.60259821706686,40.85975435147448,62.32262939029187,347.962890625,1.0863308760012327,failed,1.1801171974022149,1.0799402898830244,1.271054580382628,1.2753279589613309,True,matrix_tension,6,top
36.63312193554581,150.94221183547532,-11.905260960368194,-44.42843782889602,23.82095033204175,24.44430002246947,157.76171875,1.0493542996786849,boundary,1.1011510672875369,1.002683043746946,1.2714817637794504,1.3142224057398237,True,matrix_tension,8,top
426.0773741410601,60.29003784249212,-135.0784621880969,168.95388033900224,-20.13307871852327,-46.646891706498295,339.41796875,1.4268640847044995,failed,2.0359559747345166,1.2818805198778964,2.9259716106168603,2.860187322046929,True,matrix_tension,7,top
9.335030179242532,50.64127402347975,12.34102898800401,-9.959388565607878,-13.42449772526003,-10.862848902111125,118.3046875,0.4782636466258934,safe,0.22873621163937582,0.4641061911699144,0.2287080840180772,0.416633748371675,False,matrix_tension,1,bottom
16.778608506564176,-31.73684808371851,15.784110871236859,-6.952452272246972,6.902303125432896,-20.636312163379845,54.208984375,0.8372075844260041,safe,0.700927603801072,0.7700111159718342,0.7042773957656178,0.851617643632725,False,matrix_tension,8,top
14.535464025658001,-22.94485299761616,12.559168914235935,6.132570512129207,-24.315957523527896,-0.36804630541994277,30.137451171875,1.2955540623364716,failed,1.6784726653762383,1.2928506384283698,1.6996345214949617,1.4331500324029722,True,matrix_tension,1,bottom
0.4819594847582944,0.7918349385723117,4.006631560892629,3.333488180124648,-7.7952931994343215,-0.8630900515177057,23.228515625,0.40735917513676323,safe,0.16594217680352616,0.40709616933743475,0.16910388057176462,0.3633355751055296,False,matrix_tension,1,bottom
2.3616202138775226,31.31233634702201,-27.24545867505513,8.43518220461455,-22.964079494977057,-16.848051516391305,53.5859375,0.953517598218442,boundary,0.9091978745218626,0.9363602650171328,0.9375628656339959,1.0095649049307767,False,matrix_tension,1,bottom
21.8803255600041,-88.58017155882344,88.15883496929101,28.528505910656992,-8.639221281936106,27.24535860265857,115.142578125,1.1563621959225951,failed,1.337185715325529,1.0660877704048044,1.3776509157278702,1.3540035615147277,True,matrix_tension,1,bottom
-9.553209839494675,-6.017316388137176,-14.49725300003433,-17.121436294424353,20.483475225178967,7.5458232093275885,32.862060546875,1.012598955669908,boundary,1.0253581293249014,1.0114982576492593,1.0680843062460312,1.0902165883116572,True,matrix_tension,8,top
2.9228139004081224,-2.385458654676847,12.698935345621766,-8.929794433082023,7.181384437998241,7.790608696926829,65.64306640625,0.2920396142292651,safe,0.0852872756534932,0.27502701638375593,0.0944442006547565,0.265167321900431,False,matrix_tension,8,top
35.44159362901657,34.574635862111165,0.997650084769311,-7.733718105615787,-7.455404314252341,13.903728576338224,80.19873046875,0.6552131022693958,safe,0.42930518783038785,0.6283092517194321,0.4297205156050197,0.6085810464413772,False,matrix_tension,1,bottom
-4.1826416908328135,3.783320124960518,4.227187965999154,3.004251900475698,3.421116487894919,-1.243297186628881,44.36083984375,0.19121550840764237,safe,0.03656338518190943,0.18825508428887802,0.03657535659120274,0.15070002431016086,False,matrix_tension,8,top
-12.422201934626965,1.7997490946548258,-0.6338373163793958,-3.3419375944857017,-22.449476570274193,-9.474030981582263,27.837646484375,0.9921766062714561,boundary,0.9844215450673386,0.9902297434720547,0.9912879082046003,1.011793277103532,False,matrix_tension,1,bottom
6.187104936027087,-23.861661877979316,24.68559964898886,-2.4712557212614104,4.976571784438927,39.9062000653198,51.26171875,1.0396755371590698,boundary,1.080943496973585,1.0387613185395115,1.287293042630629,1.3012674973285285,True,matrix_tension,2,bottom
-11.312415901898884,-6.20798256536435,9.723507732085874,-2.006572264265133,-7.537110612726062,27.97842173073731,32.093505859375,1.0356229003796609,boundary,1.0725232222706857,1.0260781412659703,1.138429571075144,1.1541267904520642,True,matrix_tension,2,bottom
2.474779699033927,48.690157470158546,9.745006277427393,26.26237544000114,-19.761979889495333,-23.28417783844814,80.9638671875,0.7903045170090003,safe,0.6245839687631959,0.7312480969302381,0.7006775656998795,0.8906294877545127,False,matrix_tension,1,bottom
0.28724613881725336,-9.178927630095446,-9.705983980078093,-10.183185342055578,-12.61268618977362,0.781221546716438,33.220703125,0.6328012353665773,safe,0.400437914605988,0.6295798945570797,0.40045347312217766,0.5728111181961417,False,matrix_tension,1,bottom
-10.018229021371543,-0.8454563365638706,-0.721530253428257,9.28953212683724,-6.458080880937012,-1.731495374312906,43.8720703125,0.34763003552469585,safe,0.12084739089469808,0.34757500401444225,0.1289500384074829,0.3189961384050631,False,matrix_tension,1,bottom
8.529351631683545,1.7349694172625298,4.995808888727535,11.774101166321536,-12.256760546623829,13.295040936957806,24.66748046875,0.9647425953485586,boundary,0.930744023555428,0.931836993433541,0.9448950991177464,1.0126134628749708,False,matrix_tension,1,bottom
3.907702672956665,-13.473633037297391,-0.495954085716672,-13.61020872813055,-23.429940527288167,-7.730859482876141,30.616455078125,1.0282211195267794,boundary,1.057243212179282,1.0278613535352863,1.0573855117334885,1.036412611853691,True,matrix_tension,1,bottom
-9.72266686965368,6.018957241515023,-9.988063886856601,-4.787380453164256,-5.2803125459836195,11.202610817865404,40.553466796875,0.49736185851428605,safe,0.24737036887103148,0.4826869548262403,0.2475010286587957,0.45140331802977884,False,matrix_tension,1,bottom
14.486842446545293,-61.20989283043286,-1.252947982018621,58.02395253838206,3.8444119653602398,1.9727472016961018,239.69140625,0.3575199345117067,safe,0.1278218489814944,0.3575218160916819,0.13661496533408374,0.25193688264846886,False,fiber_compression,1,bottom
-38.37459173073041,-32.32023448817851,4.040038549170458,-13.733944249651534,25.206144341386484,-6.055013872761689,38.853271484375,1.4994733368001465,failed,2.2484262017074776,1.4880543375490132,2.2860037257013,1.7599912495621144,True,matrix_tension,8,top
-35.03731293514665,-2.9833077269200823,-2.4004550251936516,-5.408649122934409,13.747445968101324,15.271949957456455,81.3955078125,0.5056205382904859,safe,0.2556548183899062,0.46892259532397806,0.2672010498606544,0.47665946470929005,False,matrix_tension,8,top
4.450269771750574,4.0038499697225305,2.2305476071485777,7.075943617899704,-8.397787056649976,14.482051071169112,24.88818359375,0.7740542321156858,safe,0.5991642505957149,0.7306229699482911,0.6041314749313992,0.7658097633960465,False,matrix_tension,1,bottom
-25.417916030279827,-14.013347566273579,22.842317004981037,-3.9301501494367987,12.652449948451126,3.5694553015536776,64.03076171875,0.6153544884638082,safe,0.3786651250972512,0.6152826698803292,0.3856239979768708,0.5805697251678216,False,matrix_tension,8,top
-3.682774553992839,-27.711018169325857,-12.49964870626621,8.577389310623468,6.15472875320306,-24.385831616802434,44.706298828125,0.9068994945578688,safe,0.8224684483287529,0.9017892998239968,0.8718752507279625,0.9728219644143161,False,matrix_tension,7,top
-10.426326494157152,-39.25285313344985,-17.926531887359552,-20.78621841248934,22.010743976870902,23.08307749160682,66.73876953125,0.8762924061466794,safe,0.7678933475011177,0.8283165761029245,0.8302987560414862,0.9755690212938951,False,matrix_tension,8,top
3.7227430207898524,-21.725311619764934,-30.511932256013587,-25.014966252243497,-16.889461461276724,-30.95469189684337,123.154296875,0.4654634924150406,safe,0.21665849239495386,0.4501604912173145,0.3395569024957624,0.5727430285561979,False,matrix_tension,1,bottom
-3.814503674178479,0.06039547847333652,-0.5286036149776289,0.8207973854478974,-0.031097619123942453,-3.4936461032650743,50.78515625,0.10365990931752686,safe,0.010745579915932332,0.10349000245850326,0.01212769735375159,0.09078191255594864,False,matrix_tension,7,top
18.167340935077604,-39.10054715423001,6.105218832331511,21.007649091390178,-2.7022986250706933,9.716078648810555,113.2890625,0.43594945569506016,safe,0.19005256028724887,0.40775919968528207,0.20983129813385315,0.41959178153592247,False,matrix_tension,1,bottom
-84.63514430273747,-122.40864917351372,49.2260189881506,-51.43099055181922,-23.785146129215597,-72.39235088582157,135.7109375,1.3390135883555971,failed,1.7929655182475321,1.3343675063229596,2.672673862729665,2.3123578118671286,True,matrix_tension,7,top
-26.06392608958652,13.502900357805666,16.166799071832624,11.462257229109222,8.523941578304871,56.36529514681968,48.2978515625,1.3895579121981605,failed,1.9308824917499976,1.3863061713573954,2.3643995676144445,1.9845574929016951,True,matrix_tension,2,bottom
26.05681127318296,29.08993668207698,-32.706771452266906,-7.185538923308402,31.242714854547085,11.688037727704433,42.04052734375,1.458422201125717,failed,2.126998695461158,1.456857316644494,2.1637741488906483,1.683867351788675,True,matrix_tension,8,top
-5.081373417484855,3.815907121377763,-3.3413342283954637,-0.5637242086621512,1.0406159786226779,-8.977400546094247,39.713134765625,0.29098605336399264,safe,0.08467351628494622,0.2888612256347391,0.09291426287029717,0.267214571752048,False,matrix_tension,7,top
-79.26845287231316,14.453666074570675,-33.91083021116052,25.756979817133054,2.0768523514297006,33.98508909140431,110.58203125,0.8797862508762208,safe,0.774030438168626,0.8671347504461087,0.9266522452633831,1.0602164993898493,False,matrix_tension,2,bottom
14.49375432423789,-30.014229981371834,20.362685634164514,4.801950176226056,13.799713103417417,-15.618164931760658,43.40234375,1.025996688370073,boundary,1.052670361484822,0.9816678383643626,1.052705726290094,1.066607254124989,True,matrix_tension,8,top
-0.29777391789523194,4.947235001665818,18.954244982493858,-30.85103787358291,17.019591720715997,0.14474426538297244,39.351806640625,1.0244770927816755,boundary,1.0495578534712802,1.023248075379125,1.1252305262990385,1.1448128019926591,True,matrix_tension,8,top
43.0661523547045,-206.67252106768976,55.50921218812351,-127.73964286032641,4.576548461557353,-10.202081084632571,255.84765625,0.989510183754789,boundary,0.9791360588791626,0.9811893971138982,1.689222162029359,1.7114339697745116,False,matrix_tension,8,top
-29.198842189744337,-21.31017206153747,53.5436369210913,22.559257540894613,-16.22147162598837,-9.946085823958482,91.53369140625,0.775947419795303,safe,0.6020982144539171,0.7690716875337378,0.6529858796568396,0.8231044052119892,False,matrix_tension,1,bottom
-27.87411492658014,11.907872511000814,2.037266195240552,37.807463869418115,-17.425293299311075,-1.6260878407643098,49.1689453125,1.0486628746863231,boundary,1.0997145044205678,1.048351826033659,1.2043034279255243,1.2066105393114714,True,matrix_tension,1,bottom
-27.827412541208275,8.951919190422387,0.07991374991755454,11.269701842400497,-27.926073216487303,-3.570112997411884,29.096923828125,1.4475884263906684,failed,2.0955391939818413,1.4468882371285796,2.1345428682585386,1.6697608748233075,True,matrix_tension,1,bottom
3.82152361049723,-1.9312193999793532,-13.714825729214871,8.394498468017279,3.095504543634845,-6.165236402019785,62.73583984375,0.28713420747945473,safe,0.08244692100533449,0.2864588041888589,0.08438605539442345,0.24853628808904032,False,matrix_tension,7,top
-9.497206430390609,-4.981134122430224,11.377463242824135,-5.922991739270789,5.929570147095252,-4.9858100333760085,42.169921875,0.43697080006009026,safe,0.19094497312185674,0.4258098011458838,0.19457608678148133,0.3919090092828907,False,matrix_tension,8,top
48.35103365443223,-29.618561969785812,-87.08870230216063,-76.53417214539698,-29.456081778580543,-69.17459953025174,145.306640625,1.02792699435748,boundary,1.056638651893862,1.0200307167774918,1.9578565724404833,1.9265468689387784,True,matrix_tension,7,top
128.3537550587256,-93.92806294740545,11.006911078240135,-60.96883969901627,-26.669645457021204,7.6440960046556485,134.1357421875,1.2892258134129477,failed,1.662118575918912,1.2660065588669216,1.708923371012161,1.4035605991255056,True,matrix_tension,1,bottom
71.55988935602525,-17.051798421275944,9.770218392338005,38.542748090856165,-6.165562201034953,-21.847329749752525,146.41015625,0.5918179022906457,safe,0.35024995805182074,0.577323079887279,0.4112068281513231,0.6358868033034123,False,matrix_tension,7,top
-0.5277922224799503,-4.722931619116266,0.5904188212609722,-2.72215500310209,-2.464461618097022,2.827606728053576,37.757568359375,0.1765011823883264,safe,0.031152789615167282,0.16784538934219545,0.031196424918053637,0.13455695167876439,False,matrix_tension,1,bottom
-43.28683747536595,-20.52409826692997,59.55432741118293,34.91457784444092,3.0228303546130504,-29.12855521745846,86.6083984375,1.0274417204569333,boundary,1.0556412190466837,1.027414304292149,1.131608737613053,1.1478682359165115,True,matrix_tension,7,top
0.2858469349326389,-0.6922425145301063,-0.23487794354887478,-1.6330807399656682,-10.984799979125437,-3.934709333413378,23.734619140625,0.49750458458268065,safe,0.24751233825027594,0.4971255114882202,0.2491077146628876,0.4461951122498649,False,matrix_tension,1,bottom
-1.8506813643482778,-8.003477751756757,1.0871441454054573,-3.7943301143143744,14.424191105665964,4.945907377419649,26.004150390625,0.6831423890800151,safe,0.46669116663547877,0.6827134133311789,0.4750259956288972,0.6557829797407159,False,matrix_tension,8,top
-14.176271177776613,-10.559139519409943,5.742945677880977,-8.999068054524876,16.33942534640666,-14.173676307845756,25.283935546875,1.182758643920578,failed,1.3989299272649798,1.1491244467408015,1.4127764354596992,1.3005845108167495,True,matrix_tension,8,top
-2.9507769237812176,5.7341705927292885,3.2802519246432955,8.920292634002825,11.829656662793125,-5.3769584237627,25.15234375,0.6895093991487116,safe,0.4754233369607236,0.6767122696236131,0.4754150817777343,0.6369066093249318,False,matrix_tension,8,top
-12.624875814767014,-10.229748978469276,-17.163512425399087,-17.077989914417813,-2.3425391909033246,-19.754117587746688,74.34130859375,0.47481823702833126,safe,0.2254527639452018,0.4677236871026768,0.28048276837165204,0.5085548567529469,False,matrix_tension,7,top
47.15589717671618,-7.576051338620541,1.208746449471773,-21.741048663898944,28.635099681339984,18.789735918600673,49.2998046875,1.2713156616358094,failed,1.6162731811512063,1.2564113678311304,1.6953852861468182,1.4864454423216742,True,matrix_tension,8,top
3.521319676100991,-18.74484138362284,24.443426600026882,13.525777577605563,1.5952738642394986,-40.72428306732223,41.635986328125,1.2720779611963535,failed,1.6181953018648843,1.2698006215533206,1.7946744995965351,1.5756769376037403,True,matrix_tension,7,top
6.518257857649958,5.960880576236609,-8.55576782189094,1.6205970174956694,5.457563725668305,-8.912197356384398,34.718994140625,0.4671538118504096,safe,0.21823387974903083,0.43863875870681,0.21822817166779904,0.40519571099858165,False,matrix_tension,8,top
-16.363436674137567,-100.76895604765126,-17.71997325347863,-17.807421321924227,-8.05604628031311,-30.656298820313886,173.5712890625,0.6326433350428593,safe,0.40024038239750637,0.6302880029909527,0.5475634154505158,0.7734366945532575,False,matrix_tension,7,top
4.106981822438278,-2.8257705248692124,-3.802470769863219,0.8572548507338826,-17.830454698564544,4.427967466442603,18.9461669921875,1.0256093147712853,boundary,1.051886965488014,1.0165148285735919,1.0580797086544989,1.0576350479764391,True,matrix_tension,1,bottom
190.32781268318345,-386.86565626916547,-391.02952822708664,54.2423504320899,-1.4098960129622717,33.71317658877936,558.015625,1.0493522523145844,boundary,1.1011520449113545,0.9154301134522321,1.2110300520204984,1.312638693533089,True,matrix_tension,1,bottom
29.763668832571213,15.445516585822217,-8.323920793569183,-67.2635172835893,24.548936517174347,38.989505635361574,85.69677734375,1.0332837054661512,boundary,1.067680208393492,0.8790654742290765,1.3994956413627326,1.5236005170977467,True,matrix_tension,8,top
8.274688340052078,10.567934681047683,19.143404503165208,-10.759271140786124,-2.781028052309226,9.17704775604374,73.68798828125,0.37272256295710937,safe,0.13892376739833792,0.37235376892290994,0.14480664028173823,0.33744426064737854,False,matrix_tension,2,bottom
3.1553390870748252,4.403767380362257,0.6694207994933092,1.6710991070182726,-1.968820022574241,11.250091894397839,33.506103515625,0.3810754474043997,safe,0.14522013237675785,0.3772677982902344,0.1574459459994395,0.357296109902002,False,matrix_tension,2,bottom
0.10266208440811345,8.214022253632864,-13.993287650460381,-12.245016601822439,-19.04302930743378,0.3055442029435651,29.257080078125,0.9521156011423293,boundary,0.9065299912016231,0.9486314429887678,0.9064018591313059,0.9408677929747877,False,matrix_tension,1,bottom
22.175389902650018,-21.510325242046388,7.754669129091552,-10.036519072582049,22.53536210327174,15.930598117938857,45.499755859375,0.952172345570409,boundary,0.9066413266755953,0.9372358847669872,0.9376833312417688,1.0101392483524787,False,matrix_tension,8,top
17.04949288831485,6.425790253114323,-22.819300913318656,10.709486158958795,-17.71705683044656,23.073325870657214,29.33251953125,1.4518736181389635,failed,2.107955034977932,1.3886028893039553,2.1241489597178074,1.7322116360681903,True,matrix_tension,1,bottom
10.71928446217942,-14.250688120629974,46.258091442647455,-25.27764927461155,16.059879087110428,59.44376698157922,60.30908203125,1.376167570011093,failed,1.8938552571659706,1.3731738481069249,2.4017694626532617,2.033042945617343,True,matrix_tension,2,bottom
-2.4567188298735796,-2.189539367555377,-3.7608699033618342,1.5012022345712168,3.720799444464286,2.9317930823514344,50.67626953125,0.13906876193911905,safe,0.019340196540840893,0.13551381516424238,0.0194146277984231,0.11002433589664207,False,matrix_tension,8,top
44.58322498028014,-14.321054220455489,3.180390569654402,-62.94771669163677,8.36221467397262,-33.34274029498759,60.5869140625,1.414733872046909,failed,2.001472078818568,1.3119746571046358,2.177229099214611,1.9069758435403912,True,matrix_tension,8,top
2.5604081271087256,4.8321467046257505,-3.6938927928246974,-5.362331610869509,-10.16895143421831,-1.256547929202448,27.360107421875,0.486660241472743,safe,0.23684220565126127,0.48621958173328167,0.23689634732388606,0.42740324757128256,False,matrix_tension,1,bottom
8.364674333727116,-8.308388232665088,-19.862711726104635,-10.239791406025974,19.780888661958368,11.132808759048002,38.325439453125,0.8862181018009035,safe,0.785385712504146,0.8801711231731059,0.8115238283428321,0.9178525545217744,False,matrix_tension,8,top
-26.98760426323019,0.7525044974995305,3.424787497822256,-10.92224237163199,10.123056429292692,-18.14265854689293,37.52099609375,0.9578156139885388,boundary,0.9174210700454578,0.9035000098888255,0.9274537052428915,1.010240198947817,False,matrix_tension,8,top
-50.45485040404995,20.587385903353248,-52.71149044276613,-10.655110688882685,17.734297671816236,-5.487753469987207,72.69091796875,1.0837577883081941,failed,1.1745425379808523,1.073485076363828,1.1946865126990263,1.1568293498736606,True,matrix_tension,8,top
24.063867305583955,-45.0273359710699,26.456071689224714,-1.2912281427616068,-27.9418467667294,-13.664354079285571,53.77099609375,1.2160448489851552,failed,1.4787808477836364,1.2112597435381403,1.4940435939137937,1.3181607075923232,True,matrix_tension,1,bottom
9.01738047778123,-21.165676453210857,-4.968876989666789,-10.627222828751295,15.925216631489993,-16.62192132601427,28.352294921875,1.2201902353543566,failed,1.488867737543641,1.1785032806336144,1.5043594818242072,1.3633931072125138,True,matrix_tension,8,top
-34.38468482148477,-20.042318419194363,-23.722002752856532,-37.71929962682515,2.8061753456447014,-36.3372398356604,62.6103515625,1.1177692292593515,failed,1.2494273252948147,1.0348374784134406,1.3016317633436574,1.3614100321230351,True,matrix_tension,8,top
-6.440368693911444,-2.6869549091670772,-3.247601109250313,-3.112257498438324,7.14806879370545,0.20151983940552434,28.4765625,0.3847898458793645,safe,0.14806552977308707,0.3841247066488958,0.1507120251330484,0.3404270411066908,False,matrix_tension,8,top
-9.022022915296855,2.9702978060143215,-14.13431867065641,12.527562122939747,-16.592305590383155,-3.950684231345423,31.86962890625,0.8523290399927805,safe,0.7264756430182043,0.8523264723191842,0.7511017078622972,0.8724477517877298,False,matrix_tension,1,bottom
-12.456604928398807,-5.268488987297454,-4.592388538457873,-14.282779015723989,9.43437367507102,4.636308875593538,47.947265625,0.4749158151746916,safe,0.22554542967433983,0.47302346553318436,0.24454396186779537,0.45931806676748727,False,matrix_tension,8,top
7.564788639919621,-2.2397207689133083,-2.912707985929175,0.9942425257942591,16.112504989332916,-12.729379704553562,20.2127685546875,1.098900136861921,failed,1.207583675577822,1.0675907479770559,1.2102258172988922,1.1626778164030687,True,matrix_tension,8,top
7.13232725932497,51.70452843156774,16.041299653613265,5.601031939312532,-18.39762010368643,1.0191723458874553,57.36376953125,1.0093515592442193,boundary,1.0187929166070147,1.005911713286613,1.0320937364495664,1.0460305861328245,True,matrix_tension,1,bottom
-4.065880678813636,2.7825525327831198,-10.761212357529944,-11.309146066081361,-19.079174708534687,5.48042418711663,24.27294921875,1.06002096928332,failed,1.1236502476093866,1.0475454305732235,1.123504265161671,1.083224984973291,True,matrix_tension,1,bottom
74.31478462466367,6.765503684920556,30.183484265549897,23.394429292313074,-7.048264403907843,-40.87144201849817,87.48388671875,1.0690557512994172,failed,1.1428812978165104,1.0682375178766406,1.3584541156194803,1.3471448450697752,True,matrix_tension,7,top
-10.309273441710827,6.719440929787373,3.899268576522141,-21.749309146495204,17.381565593906544,-1.458342301897439,29.705322265625,1.0342654621718197,boundary,1.069712841398339,1.0311574707223794,1.1164004305521793,1.1238582110519029,True,matrix_tension,8,top
7.285822247781263,-14.725248349850043,20.69481191808834,7.671516583230561,-0.11873099963356139,18.517666469352896,62.759765625,0.5284543205798683,safe,0.27926828940695986,0.5233916405236794,0.32014772282917475,0.5441104594259796,False,matrix_tension,2,bottom
-15.534521104047998,13.688878298658977,11.212778363194632,0.345371653576239,-18.585578569938534,3.056788894342004,29.1083984375,1.0359530791809326,boundary,1.073206273427238,1.0292274812548399,1.0795731903541164,1.0691596433997896,True,matrix_tension,1,bottom
-9.676030926518827,3.7154475342389928,-17.1054087031797,1.3504157712234712,-3.143027335046306,8.600712323343657,61.873046875,0.3561905412121579,safe,0.12687193938561098,0.33238808715644663,0.1270941899311459,0.3031445260354965,False,matrix_tension,1,bottom
-2.140519944829428,0.6134333599083024,3.9736918359780358,-2.4945205571565103,5.374329098057455,-5.358921519208955,22.880126953125,0.4019351590030198,safe,0.16155203895950185,0.3884602255849928,0.16278010424280576,0.3498121464661686,False,matrix_tension,8,top
9.56539332817896,27.773496605509152,-11.063912949042916,-19.986902579775492,-14.41010023078297,9.571263751354548,47.43701171875,0.8650775864221302,safe,0.7483615089647682,0.8387347255204517,0.7514333442804604,0.8358381190195235,False,matrix_tension,1,bottom
-11.973606077025218,8.176774784910535,-13.058498167759728,12.35737891627059,30.467631950159163,3.9073103276841223,26.115478515625,1.4716082796589292,failed,2.1656412942161283,1.4704412532686575,2.168274543459446,1.6486112190326947,True,matrix_tension,8,top
-19.829109058778474,-6.602198670258596,-11.971593995649183,-15.85051398089276,18.866761574706786,2.9889408971631757,34.471923828125,1.0033249809831708,boundary,1.00667177721133,1.0031603813187242,1.0419005832478019,1.0682372669630877,True,matrix_tension,8,top
-6.539814637764774,36.48951913422982,-1.2233322033793768,20.07646354156877,-7.414957770806223,-12.94384492498984,147.056640625,0.3042116060376955,safe,0.09254573771453936,0.2436100866910083,0.12261523615721719,0.2952459821283055,False,matrix_tension,1,bottom
-0.7130847028251844,0.15402444567174486,-3.5063197326594047,-0.0939873077383644,0.14654324750623143,-5.877829768102474,39.06005859375,0.17627158608006355,safe,0.03107174225925673,0.1754750467127697,0.034949556479143454,0.1580564243207756,False,matrix_tension,7,top
9.942107774448989,-29.633643383863625,4.069944623594951,26.26186170708011,19.960131422325805,-2.4475395900375894,46.553955078125,0.9814581569035843,boundary,0.9632661618274013,0.973633024189217,0.967296248218261,0.9661834080470917,False,matrix_tension,8,top
13.69408075834469,5.71110855525445,18.42399488876186,3.8602271916761906,23.966963492530272,2.7689247714205374,28.607177734375,1.1888068301239876,failed,1.4132791096231698,1.1878187832367733,1.4196900439111269,1.2619546816397984,True,matrix_tension,8,top
-7.7659254533256865,-17.453632172435395,14.899010184660115,2.4774724599229825,-16.549569840193662,-6.890348677435188,40.0703125,0.7546589070275554,safe,0.5695141361071016,0.7532407069472477,0.5782532527254527,0.7356652165186989,False,matrix_tension,1,bottom
-26.179275066148307,71.62045444680275,-53.54283147298846,-40.80580084595562,10.807189268253042,19.9621113435269,216.68359375,0.4809836744354913,safe,0.2313458354795785,0.40355061804609993,0.33942389944281653,0.5681682590745306,False,matrix_tension,8,top
22.83357524053877,56.27184312647145,-29.8051930530212,7.209368357461263,12.364824484919216,24.73307273193651,193.9482421875,0.3786365625898881,safe,0.14336588316735333,0.37029229810954156,0.2529450734636626,0.47964565857878405,False,matrix_tension,8,top
0.7371750950675969,-13.489551207644245,1.1281987204862143,-0.46710568083342413,3.220676213301499,36.78665211055155,39.68359375,0.9913408244389859,boundary,0.9827592944036087,0.9895304184887955,1.1526602943033797,1.2054827492954476,False,matrix_tension,2,bottom
16.408762554633526,1.5050512204928694,35.90314211991009,-5.805687599506811,4.977156661519157,-12.267551836474475,76.83349609375,0.5474910770397616,safe,0.29975024420147106,0.50624413761165,0.3021732454321465,0.5010894783627002,False,matrix_tension,8,top
9.743390367950864,3.673697989597581,14.496028131661161,-1.093323468157538,-3.8242137764818382,31.130634511557787,35.3232421875,1.0221040554666725,boundary,1.0446986892884063,1.015719842448687,1.1419102981478138,1.1702341156771074,True,matrix_tension,2,bottom
-80.69771630530173,-109.5723562803134,108.86209577530126,-42.353377792295184,14.803971469269298,-7.381927836979558,163.2236328125,1.1034048151854803,failed,1.2175159970271745,1.0924617290737075,1.3292948834468576,1.2934842005985474,True,matrix_tension,8,top
-4.347816304221202,0.9066833551969905,2.4292747310931544,1.3442047839954012,-3.2720777266420336,2.7386161583527673,29.013671875,0.2328476236668288,safe,0.05421890681395617,0.22633381495045624,0.05464486995216551,0.19169495639084774,False,matrix_tension,1,bottom
-29.607089808220202,40.810814382627036,19.86725825000867,18.97560922014448,39.11876971536009,88.21870644124299,76.06005859375,1.4763718702701532,failed,2.1796980544782456,1.472562541389692,3.5597870779283047,2.934010134678989,True,matrix_tension,2,bottom
-6.237296413641855,-8.612510170632929,-10.907948565761032,-3.033269325184118,-12.3151977174862,3.3915012325738343,28.75048828125,0.6994815480560038,safe,0.4892782929933355,0.6921874048167583,0.4901570122852685,0.6564594452212598,False,matrix_tension,1,bottom
10.58517058142205,12.571543675940495,-7.784864685354286,44.22179744327679,4.887441996896889,-38.829257545483166,44.553955078125,1.3868315101018929,failed,1.9233154035100026,1.3868251147208375,2.0558622691389017,1.6870190748266671,True,matrix_tension,7,top
0.5086410958293405,-3.574067959541752,-13.744774013595489,59.005569286499174,16.10852174711575,21.305530278281076,160.3447265625,0.41354662362685013,safe,0.171021044634071,0.4098564241690792,0.17643524273038316,0.37448154396710975,False,matrix_tension,6,top
3.2104715037261577,15.091073492346661,-161.92241742352314,-15.72782798720492,1.2274801910565063,-18.767039782264902,297.015625,0.553819787814017,safe,0.30671722914831673,0.5392762103721314,0.3445425570052205,0.5678058686749816,False,matrix_tension,8,top
-14.029146024932256,7.202604312273626,47.97437585713883,85.7376380887348,-23.348784488098868,-36.18404989982008,100.7255859375,1.0764234067425673,failed,1.1586922865217761,0.9474766256009797,1.6331406428170867,1.7032543601455123,True,matrix_tension,1,bottom
-3.0533529785630953,5.558148017076203,6.8885694026748805,9.083304426223384,12.505380053677953,-6.09274909699044,25.81298828125,0.7387916262374843,safe,0.5458229761187557,0.7242214094428958,0.5457897483775028,0.6929493755401817,False,matrix_tension,8,top
-3.335333090145498,-22.08044565302405,-50.52170713250927,3.151887177577615,-26.130608834135348,2.924507654468337,42.5078125,1.4410742038246513,failed,2.0766966892862366,1.4339255952280168,2.0938411835525574,1.639399213225066,True,matrix_tension,1,bottom
7.2431586831491215,4.6656261939013595,17.908069155138115,67.57434450006501,8.572198595437683,14.995940251122263,186.8330078125,0.38817008203185255,safe,0.15067752337956042,0.3881720280746159,0.19683946164416355,0.33080163245072036,False,fiber_compression,1,bottom
61.3662118389049,-35.80326100190868,-40.473655053807946,-1.5158630558325963,-3.4967549768939135,-34.990128325758974,96.107421875,0.9262596505612528,safe,0.857965458106412,0.9243920711810567,1.014514665127065,1.1130516786196782,False,matrix_tension,7,top
-2.7000377800385795,-4.668732257372256,3.1576409040532782,1.649169728722277,-2.0787059607050273,-5.300179394803477,82.71875,0.10412873711068718,safe,0.01084290484096774,0.10336023674679491,0.015398791726027114,0.10043724182817493,False,matrix_tension,7,top
4.2727867651406415,-3.799605207711425,-0.30980876547320674,2.474751855508369,-8.728567547798708,3.7893571397038786,20.9365234375,0.5434570820579642,safe,0.29534622187485426,0.5357291456651528,0.29791683961048837,0.49606776131778335,False,matrix_tension,1,bottom
2.922846823230427,12.850816498051481,6.527675599552748,-28.167533828772882,-9.298525388161135,1.6375355346394975,83.01708984375,0.3993024028367036,safe,0.1594436187021852,0.39285267000565505,0.17131173674915282,0.32164082754639484,False,matrix_tension,1,bottom
11.860970300312728,9.142556044629119,-3.2196812893643436,-27.742939317575463,-6.844031491089528,6.2563205947868745,74.57275390625,0.44278254549079243,safe,0.1960577140744403,0.4427586460243371,0.19618863744225518,0.3851232264987977,False,matrix_tension,2,bottom
7.952956125219912,1.1107165797627534,-26.82330101665713,-11.189625356526697,16.513529620912472,-4.7849220175940825,34.432861328125,1.0080438297202845,boundary,1.0161637112692303,0.999231907307588,1.0359359400431034,1.0588809774120918,True,matrix_tension,8,top
0.749547179128126,62.01185652424908,15.543571624432055,25.735416202818282,20.372931946300913,39.144682956622624,140.47265625,0.5825837592296899,safe,0.33940601805494175,0.5514162585287115,0.5762519135576982,0.8164714889466205,False,matrix_tension,8,top
-25.202593221262944,7.123171808769366,18.203859856894372,19.180171531350847,-6.80331858658036,18.57804880629812,50.58984375,0.8331656303470766,safe,0.6941777820906295,0.7737275439070415,0.7136261197209801,0.870290833262723,False,matrix_tension,1,bottom
-13.43206313058007,-9.087227729356812,-5.48240115410181,-8.779572831745686,-15.939716297389637,-49.47779452769311,55.83984375,0.9926244203180057,boundary,0.9853151070721421,0.9926155644882441,1.3752569878017893,1.4186518825556431,False,matrix_tension,7,top
-17.73104369432028,69.57584835911065,0.4808528289511094,46.41175729884132,9.397914554956108,29.70887087532184,179.8349609375,0.5060014541370251,safe,0.25603869857103084,0.4887817558944886,0.4137261455639574,0.6547601196625462,False,matrix_tension,2,bottom
1.0100059094063356,8.957645123916,6.614278266032193,-5.205101875787714,7.312107386855166,40.34268019228858,42.97705078125,0.9962227930143668,boundary,0.9924643073784333,0.9961433219008391,1.213791751950622,1.2617844475195978,False,matrix_tension,2,bottom
14.219671780922909,12.890999162404617,0.13245858050208112,-26.945120252637405,5.8415228561267085,-25.092004808961825,43.5244140625,0.9633786425593855,boundary,0.9281060266868566,0.8743745760289634,0.960698061217856,1.0729608154566825,False,matrix_tension,8,top
105.38133099268269,-95.09667207017792,-163.6586533812258,27.487604475799206,-3.5423299576839993,-51.81611752230793,150.22265625,1.4942338494187621,failed,2.232759839863041,1.4942215250810646,2.546690580251759,2.019378499639022,True,matrix_tension,7,top
8.574511573025173,10.783298330673098,8.671210445672505,15.201050841770334,-1.9529321350673379,-21.11208538553532,50.7509765625,0.6059109493066119,safe,0.36713503661678365,0.6057386371139882,0.4194311664658512,0.6378645532093602,False,matrix_tension,7,top
-61.16013577480268,-11.12245935587567,-43.62622620080661,94.72496963620108,47.26425463479519,41.08919012830002,98.3603515625,1.3888829731292294,failed,1.9290161307540659,1.3212253277367139,2.0101746573668073,1.630538648126485,True,matrix_tension,8,top
10.227005462109403,-61.35410640268754,-113.18675252028146,7.769332972665297,16.77218298589999,62.60066846874367,106.650390625,1.3568531572801832,failed,1.8410690932450293,1.3567617362965259,2.4332648478315604,2.077935632092094,True,matrix_tension,2,bottom
-20.076099768609282,-7.086113027952989,9.662335951971547,50.9314321389924,29.773463754628867,22.517633106054372,70.380859375,0.9567374305133006,boundary,0.9153518234824762,0.9309860134020612,0.9344436759609916,0.9462010006285326,False,matrix_tension,8,top
9.373088068335978,-13.077059033599527,-2.832884502112867,-1.3636875064352443,18.925536949175235,-4.214191705100835,23.49072265625,1.0808793856989865,failed,1.168306202620738,1.072174795491902,1.1758646248557294,1.1305288262786983,True,matrix_tension,8,top
-6.450121232640202,0.3933715014403597,-0.8000548615013782,-2.5255633240126754,7.292751356700174,-14.144284981547314,25.089111328125,0.6926826125554397,safe,0.47981088773076674,0.6467941556907242,0.4810918569874087,0.660440672392464,False,matrix_tension,8,top
-2.8243382877537906,-7.39932753427777,3.07486283532024,5.1654092283071655,-0.20694485975541332,-9.018447488826489,49.349609375,0.272044487578198,safe,0.07400878387804337,0.2720119510672584,0.0830233973859948,0.252585845849974,False,matrix_tension,7,top
24.605492367596312,-70.71416937594668,-92.41736892929819,-35.21191391184846,-14.605366540050518,-51.33127690522466,132.9453125,1.0157333961768373,boundary,1.0317265460287715,1.0110412159293982,1.4568377222023967,1.4833154274917166,True,matrix_tension,7,top
11.506615568902776,3.300736232967255,-8.188734302260235,-10.165405164448934,-19.340219453376008,3.4129627274870376,25.494873046875,1.0372987215401708,boundary,1.0760001245160054,1.0290803625110618,1.0759894363759683,1.0531202818748584,True,matrix_tension,1,bottom
-5.941013199649306,-9.992358497467187,17.474074081768208,-18.883609030756244,-15.98440618659303,12.309429205896892,34.385986328125,1.009136260975171,boundary,1.018367160267411,0.9750246992087521,1.0204623447917542,1.0226724927707984,True,matrix_tension,1,bottom
-2.4172458371619743,2.3566300544612595,-8.899380580676464,-7.117645300175189,-1.0735909904498182,5.92714847231253,60.14013671875,0.22155629112742736,safe,0.04908794813418228,0.22153821691808706,0.05195586677942121,0.1941311464919942,False,matrix_tension,2,bottom
7.107166766804403,13.2070231392991,-3.6159790862812944,-0.10554113209191326,11.421567155178012,-9.541917852714093,27.01953125,0.7933710402183983,safe,0.6294401570534668,0.7696820720365293,0.6311605804445816,0.772319890250334,False,matrix_tension,8,top
6.039624597551021,-14.29973765549867,-56.464299517056126,-57.943099706162954,16.291601732814613,58.67614835273507,70.76611328125,1.4476498267076172,failed,2.095708823345005,1.4337515785214543,2.568484513181823,2.1186525752298606,True,matrix_tension,2,bottom
6.013487755785545,-10.229486840579952,7.787699240743925,8.626283952194601,27.411739769359063,-3.9597350060309138,21.8543701171875,1.4777233214112178,failed,2.1836838126523883,1.4680582288182276,2.1868582705753283,1.6715236685792392,True,matrix_tension,8,top
21.213139220975734,-13.857673676610657,-10.441096894643888,14.014192875038217,-21.432755908330616,-10.631998924228453,39.131591796875,0.9962600060710808,boundary,0.9925446167503329,0.9921236694976562,1.0298014672211482,1.0652296249329205,False,matrix_tension,1,bottom
-5.658338760385242,-17.242572401032287,-17.937119682877416,-11.786639234653453,-12.289720154719713,-1.446976597134332,54.2275390625,0.5663219504238763,safe,0.3207215314051711,0.5656146272829965,0.3209402856564213,0.5007634044337589,False,matrix_tension,1,bottom
-43.14891480266885,-24.554686406763164,73.71872790107133,36.89812809444486,0.8990821032440028,-25.698419372464308,113.654296875,0.8764186108411043,safe,0.7681164066569457,0.8753067618388276,0.8303996038567264,0.9500856788839649,False,matrix_tension,7,top
23.12692449052712,-35.93206571072722,1.4442525613452133,-80.43067409974331,8.38162943481328,30.173059090824793,105.3408203125,0.9143786922865522,safe,0.8361033189093524,0.8748766635189864,0.9417137335470633,1.0677375901813486,False,matrix_tension,2,bottom
-44.08343301352275,10.877328389771018,-1.7921117995588538,-5.017331593983737,-5.7188989539221255,5.357865887003894,119.3125,0.3887594960377653,safe,0.15113444377618468,0.37364029325973147,0.15119166501042205,0.3249664047263085,False,matrix_tension,1,bottom
-0.03467474645120014,12.563469448723694,-10.81375418745682,11.802855675073204,-11.741774210691052,16.806332235660456,28.476806640625,1.0143740465424274,boundary,1.0289646365733887,0.968108495895349,1.041962542787286,1.0838802632302178,True,matrix_tension,1,bottom
-64.22016831276316,-16.053198565147206,36.0819426369663,16.19976274202144,7.290743955258725,29.544158126288142,132.634765625,0.6250190414705931,safe,0.39064969956494633,0.6226513467331777,0.5250268345502775,0.7516935607086699,False,matrix_tension,2,bottom
47.84249891924014,79.18215955779398,18.670066578134655,47.10545642630368,-15.981453420649467,-31.29720166867685,169.2900390625,0.6567465355712445,safe,0.4313209481941974,0.6124376400732474,0.5923494294011751,0.8334576245659047,False,matrix_tension,1,bottom
12.583656399669598,1.934575004398027,-9.169697638677153,0.17170863901197594,22.45060457163483,8.68072930369889,28.1787109375,1.0196724945274553,boundary,1.0397492266717911,1.0184069238996303,1.0503675905264631,1.0525324443127375,True,matrix_tension,8,top
23.59435690580592,-2.8302850430590567,-23.835092187359145,25.060554677136597,9.033646692972143,-0.9268440397349788,111.7470703125,0.38420534270978346,safe,0.14761625071672269,0.3797689431308992,0.15646813246586092,0.3081114882781441,False,matrix_tension,8,top
-18.53856284553301,39.27615473055579,18.545810397063683,8.369354579716237,4.9773394582631125,-5.984788359258982,138.3974609375,0.35108217550337306,safe,0.12325901335633456,0.3317300042106761,0.12404177478482956,0.2868868332985304,False,matrix_tension,8,top
-69.40127947121422,-130.07986526579487,49.27865477733523,50.62588605804119,38.51577571642139,32.700184803603996,136.291015625,1.2555355192592996,failed,1.5763846353887665,1.206635157883092,1.5865406487618707,1.3677748772962546,True,matrix_tension,8,top
-0.3552458949427901,-3.798336436941174,-2.432016332541751,15.756221980242046,-13.528719788926201,3.897167970687579,25.3134765625,0.8536487244086481,safe,0.7287229704623833,0.8470359429614239,0.753768281933765,0.8781529908917236,False,matrix_tension,1,bottom
-4.9236943187833955,-23.674795372380448,4.417391054284285,-4.315204436526467,-23.835782317044966,9.533013428120528,25.20703125,1.4203804274557867,failed,2.017504355676681,1.3998188523913262,2.021764410592824,1.6049710264670904,True,matrix_tension,1,bottom
2.888182019822167,0.37058615653608695,10.686416616503982,13.536545027036025,9.120752200285388,-7.5756600684229625,36.66455078125,0.576317811572692,safe,0.33214324748431423,0.5541951824968935,0.33377547391652046,0.5077429995519622,False,matrix_tension,8,top
-25.506854927840518,6.6157172812907055,32.03820131732829,9.020007672632449,20.768004700798276,2.5782138240832224,47.23095703125,1.0020975632755773,boundary,1.0042004267967655,1.0012391043272206,1.0051376860149304,1.0079540406334473,True,matrix_tension,8,top
-13.781326279454431,-16.28054237764104,21.391010350821595,23.1822503480118,-16.742232613364994,16.35188970185882,34.152587890625,1.3086910689124804,failed,1.712673724688821,1.2713867918246604,1.756958111620732,1.524078438278599,True,matrix_tension,1,bottom
69.01880342587992,149.12233798298277,12.405215314933457,211.481424724267,46.40251857475396,93.60866316927863,192.2255859375,1.4968944882229362,failed,2.2407030360708124,1.4660257284743985,2.9425491202397818,2.8435436983842344,True,matrix_tension,6,top
7.136358871026068,10.830003369490168,-24.42737818549261,-12.496350428924146,18.802710970110397,4.3577040636323074,37.442138671875,0.9605942356990961,boundary,0.9227434578947751,0.9605935071930597,0.9505034290925198,1.0055715192789216,False,matrix_tension,8,top
-9.981992017755445,25.90695177335182,-1.612362575054037,3.757714457834651,21.64157288277284,-16.474900639284975,26.89990234375,1.4528238529981827,failed,2.110732417678552,1.4122505413074002,2.113530349246118,1.677548519683769,True,matrix_tension,8,top
29.3400160169137,-47.206532814070655,-59.16558414387289,29.217577275266834,-21.387784217117275,-13.912350003047726,89.23779296875,1.0081999128756414,boundary,1.016474652652844,0.9972878222875037,1.103210597381734,1.1447103823083575,True,matrix_tension,1,bottom
-0.2643723471969141,32.503837233931755,-26.943826734266022,57.90237074760415,-23.915764337188808,-23.864610010481627,70.7958984375,1.1190714924183858,failed,1.252325561184579,1.0766620400952363,1.5026571181937327,1.483243657317566,True,matrix_tension,1,bottom
-11.907058010359892,-3.346189210768779,29.185514223114854,31.625688326491826,-17.618058135640634,-0.9152884131064711,46.060302734375,1.0448646467916192,boundary,1.0917512882981342,1.0440993279132507,1.1720528727540522,1.1751854331942861,True,matrix_tension,1,bottom
-4.01773943297265,0.38405039261482765,82.26740152635537,87.11707931921165,-23.752829862724816,-15.43696094356016,90.5859375,1.359938495741964,failed,1.8494357845776752,1.3472617523235808,2.3158472365894363,1.985351718677749,True,matrix_tension,1,bottom
1.7347083503777758,-0.2590583011397824,-2.8567942616284716,-2.8197747484286637,4.264447126283972,-0.46097033178493185,25.040771484375,0.24483278278483114,safe,0.059943499768077876,0.243820367729442,0.0612755619256617,0.2087759247050123,False,matrix_tension,8,top
3.3170345322793877,27.254291077201028,-12.04438771146408,-21.61745809335851,14.655177441156226,-9.417944265883683,38.949462890625,1.0490872478002204,boundary,1.10059001210549,1.0309001788874808,1.1393470228594447,1.1447980132754214,True,matrix_tension,8,top
4.572216119145618,-16.20678661238366,-3.068005811133133,7.669419594299461,-17.19181956003486,-11.936538969726461,38.514892578125,0.7296929468904186,safe,0.5324581220513485,0.718950078230936,0.5505049792260787,0.7272321662428202,False,matrix_tension,1,bottom
-23.032184094434413,6.47514533571739,-21.77788568279619,-14.791695396738374,-1.0847640145839874,-35.742069808314774,51.29052734375,0.9834093859659954,boundary,0.9671097523552974,0.975082277087623,1.1252995569279964,1.1885909066818041,False,matrix_tension,7,top
-5.330196824418885,5.569145717822755,-2.75034567014296,4.195094191379214,17.972147888292078,5.838436606006219,25.699951171875,0.8177473220407372,safe,0.6687179601066313,0.8174592325939356,0.6717117763542422,0.7939053713403055,False,matrix_tension,8,top
15.128115002734978,-2.719142615792431,12.217147214703271,-8.468208533491252,-18.228622074650797,1.732244267311672,29.53076171875,0.953293601469836,boundary,0.9087694936416948,0.9481215594909767,0.9090899797102062,0.948185003723493,False,matrix_tension,1,bottom
189.06548625437145,-280.5862558968107,-187.98627532099633,-151.6282794913273,-9.303082757944162,-53.73185503516065,307.30859375,1.364292849560478,failed,1.8612953925241933,1.1408258454519231,2.6754672955873655,2.5453743439082537,True,matrix_tension,8,top
6.250812849408656,1.837992257380629,4.962931575928259,-10.879032310014571,10.818805136018192,-14.035049904173013,24.7470703125,0.9030843961524326,safe,0.8155761232114711,0.8659485889121279,0.8268692762070378,0.9328354935484451,False,matrix_tension,8,top
7.427347833924622,-6.206806020688683,14.100237313137864,-100.79212943964986,10.646532903688039,-3.992702245825409,95.955078125,1.071993919582894,failed,1.1491718715026071,1.0700701433256596,1.6378651806575468,1.609492994810101,True,matrix_tension,8,top
-4.022883566532953,-61.34794149865089,-7.60806052598778,3.6347701832593184,6.183929558704888,8.711945392854284,335.25,0.18782442905221797,safe,0.03527803406057343,0.15109553801080708,0.03537982527916959,0.13471957234754692,False,matrix_tension,8,top
8.584908571377712,63.0273180153406,-84.75493708505007,8.777725245068403,-28.60220757977745,-18.11329820439345,91.2119140625,1.2234364041486396,failed,1.4968040877744608,1.2103337332985182,1.5352711258560672,1.3700135094385613,True,matrix_tension,1,bottom
17.237492900669707,-11.837362071516287,-10.949671493904052,-12.188469506617112,16.171768992273726,-4.328338406235605,31.86767578125,0.9853289549436947,boundary,0.9708755284392853,0.977472422215481,0.9921970682819599,1.0322212982125365,False,matrix_tension,8,top
-4.569399137495952,-1.1377288568426738,11.89371463639334,6.7352536782977355,-4.126767169753192,3.133156359996431,49.85302734375,0.30805028702269355,safe,0.09489598630470189,0.3017431415760765,0.09840933480353682,0.27044038575188556,False,matrix_tension,1,bottom
4.555888139633226,5.184106564551079,4.674493388361586,-2.0996867017852128,-0.745270673764591,3.3504771103787574,74.615234375,0.1240484597923974,safe,0.015388119097844823,0.12370381875163135,0.01632179938556881,0.10529170015456778,False,matrix_tension,2,bottom
-52.902324227289014,3.720812361187626,35.25607515982398,-39.13057047257202,20.87112844084888,10.832951344646062,72.93505859375,1.0743244402283696,failed,1.1541864409830325,1.0691192277173298,1.2798514300607278,1.2658827038601341,True,matrix_tension,8,top
-36.6249306337285,-85.27572338164906,-28.136923837543943,46.89108160215169,-28.584375677051526,-36.602679383370464,102.015625,1.1498793178024271,failed,1.3222259765405862,1.0436787055016448,1.533155925311232,1.5429905015540668,True,matrix_tension,1,bottom
27.44934003206447,25.59378399374858,32.170260810416416,19.171614856712445,-8.122265987868607,-5.444038167199567,129.6123046875,0.4159545708551039,safe,0.17302063633438594,0.411326943515316,0.20009305477779848,0.4140748540813007,False,matrix_tension,1,bottom
5.617166276876336,-4.686432477940601,4.703572929928363,-10.214239800588889,15.202161362183414,-6.679716974236178,21.93359375,0.9732553015203675,boundary,0.9472300443424605,0.9603391548032072,0.9633561779626423,1.0128432075123186,False,matrix_tension,8,top
12.78970071336875,3.14018112957761,0.3590611407029206,-1.876101224989332,-19.169449234668093,-14.94082255151881,37.2265625,0.7443307795691606,safe,0.554031552095976,0.726782388474746,0.5609165052850715,0.7262409112910982,False,matrix_tension,1,bottom
-4.683037857073804,-3.0769313699056347,6.557778084855,4.02635080220551,3.33934234142629,-1.5347254377281023,54.10009765625,0.188612683838001,safe,0.03557504670384891,0.18471406772482565,0.035663206849015236,0.14642485664696558,False,matrix_tension,8,top
-6.044877011513676,22.581016985515795,20.35676198078268,-22.862879268884903,-19.920156707712778,2.531030935568581,43.621337890625,0.9957735186650077,boundary,0.9915753207352942,0.9880857369684991,0.9937274990682887,0.986192336635855,False,matrix_tension,1,bottom
5.211407616818218,-25.764549141391548,-11.87698939386769,-6.8234289359198215,-7.873449643812327,-9.994606567441418,135.765625,0.23758895653442968,safe,0.056449059241425036,0.20264267892744284,0.05644495933849697,0.17801490473794881,False,matrix_tension,1,bottom
-17.798931305713893,9.491453087428537,9.162878948710873,10.261906964443183,-18.751607905541103,3.6380025284680673,28.21435546875,1.0987386545350473,failed,1.2072418527433888,1.091745652733217,1.2283324245429392,1.1746645490887644,True,matrix_tension,1,bottom
0.05783736052007218,-0.7330615881924378,11.61476607375203,12.133953960712683,-10.493772635788769,15.724218126141956,27.25244140625,0.9283257586609457,safe,0.8617904762231928,0.884760063657345,0.8742639548176007,0.9702890146541391,False,matrix_tension,1,bottom
46.664028148352564,-47.87533584668998,23.71757867635941,-5.170497794197816,26.65360613797542,11.091314998672024,62.8876953125,1.2206062774911968,failed,1.4898981269560674,1.2183131900420316,1.5149136474911864,1.3362123531696948,True,matrix_tension,8,top
-3.894834540063914,25.429709589030093,13.465726175401276,16.978751362988497,-15.419028887693274,-24.251068663234406,79.94775390625,0.5533793162063774,safe,0.30622947413248836,0.4458681980896241,0.3451417689362108,0.5672832628622553,False,matrix_tension,1,bottom
19.321717202341713,23.985888267345715,-3.8124985654059347,35.166418646698304,33.63164999084082,5.981797767512078,38.689453125,1.499725516431537,failed,2.2491998200819787,1.4990010127189122,2.252213039634185,1.6641506630549414,True,matrix_tension,8,top
-0.7015188079714543,1.4505260670286193,-3.9044519096497106,-10.229953259654398,-16.885003447871508,7.276111212007546,21.75341796875,0.9865184703021067,boundary,0.9732265388030881,0.9696720750800933,0.9730861479459038,0.9923857141852958,False,matrix_tension,1,bottom
-67.3783172371644,-78.00605469470725,31.6482131283239,94.87623158374575,4.007041940281518,35.50103044693823,150.689453125,0.9821584102869451,boundary,0.9646382374729869,0.842898149516816,1.2911695407164099,1.4360050157035993,False,matrix_tension,1,bottom
-7.352914882238204,-12.97867612632572,0.8011671963607495,-15.360543022671356,-9.055376269579599,-3.6791005715054528,69.05126953125,0.3410609771647378,safe,0.11632265632157322,0.340611418548061,0.11819151435089328,0.2748793007731049,False,matrix_tension,1,bottom
29.938720305273403,87.56847260671084,73.71356760948368,111.76927015043206,-0.18795210824082295,29.731674062034273,148.1787109375,1.1165761109871202,failed,1.2467535158261205,1.0332843102297251,1.74265755612284,1.745244593269968,True,matrix_tension,1,bottom
-24.160409381753684,-20.221708934434293,-49.73018269387279,25.64597467417249,-5.7187251611646435,-40.33932235827461,69.42919921875,1.095342684504618,failed,1.1997788471422195,1.0947177348541286,1.402434545585636,1.3674325471183837,True,matrix_tension,7,top
17.07708152206716,1.371581169602371,-15.052599078897511,14.10610203384498,-9.777713313280204,-24.538119566923807,75.46728515625,0.49876342142629937,safe,0.2487650715799266,0.4921678587449244,0.34470741591701504,0.5806369016971628,False,matrix_tension,7,top
-7.605525671867917,0.7659486397335601,21.25216679228266,0.37269373722647214,-22.303586153290958,10.116115726747303,24.27880859375,1.3722589234467772,failed,1.8831131260325544,1.350692265761778,1.8911761588518172,1.543891321583026,True,matrix_tension,1,bottom
-0.003644197677231865,-7.274047652292341,1.1630642283599004,6.328801944641287,5.128920451541389,5.958942825787785,82.42236328125,0.15160110691162496,safe,0.02298293013638835,0.1337004428725218,0.023091989650199717,0.10732642583919703,False,matrix_tension,8,top
-14.094066430786746,4.378356789590357,-24.84932379188305,-12.580430823303413,-13.201022101522554,17.54071133928865,38.171875,1.006301076008636,boundary,1.0126513418847378,0.950932651596483,1.0133324457201818,1.0374533696583055,True,matrix_tension,1,bottom
-32.395770016210356,-7.476036217461003,-17.898870429293616,20.862980567294986,28.263921926986754,25.342033261569984,58.96826171875,0.9744854747193715,boundary,0.9496348449179471,0.9328533236849049,0.9495451375196962,0.9956872980744392,False,matrix_tension,8,top
-30.719839883517192,24.715956346875018,-6.976091279285822,-13.051860424452327,28.55877155629435,21.99567007843884,46.90625,1.1818211579267268,failed,1.3967030509278684,1.1569259224663722,1.4482629453339488,1.342296015283468,True,matrix_tension,8,top
-2.306919155704202,3.967005297708737,27.94205779571683,7.377662724509359,12.678841081381666,20.41927969747082,100.380859375,0.3772382457030311,safe,0.14231142415949413,0.3042041598103633,0.14412494224261158,0.32816460666570607,False,matrix_tension,8,top
-8.100506604137143,-69.19147203310358,-58.52369321852667,-27.99777065754844,14.608396862826055,3.1294362215910283,115.994140625,0.8307282560556889,safe,0.6901132881296057,0.8307191272995712,0.7518138726080418,0.8957169271597597,False,matrix_tension,8,top
-37.72880518757466,-0.8155670517828453,9.050573259705278,-21.888686703808414,0.8421266980034532,-47.564944215799976,47.654296875,1.367744362076742,failed,1.8707365244486522,1.3530449858504294,2.13874308865229,1.8141796191618558,True,matrix_tension,7,top
157.39517445550794,-2.51614722049106,79.65474901556615,-4.129966369652531,-2.382066776392423,-45.251251025489076,145.6015625,1.251322832761854,failed,1.5658234720281752,1.2469569385911037,1.8164009963677086,1.62308727362348,True,matrix_tension,7,top
-16.577631727267672,-2.6431849347020147,-12.896250667026298,48.61022686924722,-1.8967261958771853,32.66306868559517,60.58837890625,1.0282838155055785,boundary,1.057374700317427,0.8986630608152286,1.1464166101330362,1.256375423632424,True,matrix_tension,1,bottom
-13.20107211724564,-4.466473437213301,2.1033441364943792,15.844952500229443,2.2177163128419415,13.82404188988255,82.55615234375,0.30780446611296364,safe,0.09474412399686905,0.3010858947192208,0.12349106806034378,0.31497646301220555,False,matrix_tension,2,bottom
-0.06113445637972471,2.4749234143287886,-0.5025968594745952,-0.7936224232125693,-1.252932673145758,2.4136276144091733,33.34814453125,0.11381854340881069,safe,0.012954754478806358,0.10645323395832573,0.01295448096049955,0.08813989901253895,False,matrix_tension,1,bottom
147.0504933981993,80.96368094894433,231.4769903487331,-182.23014067084605,-31.241493812312164,-54.453772446457904,341.12109375,1.0108807809205593,boundary,1.0218805994935383,1.0026416006147743,1.4707012544872842,1.5573371805789016,True,fiber_tension,1,bottom
-3.239211321919476,8.860400481505172,28.268851073632504,-4.231677295463581,-5.045195585535893,1.4215355699858663,111.3173828125,0.27447087289542194,safe,0.07533468245361342,0.27110425319980697,0.07534770446536244,0.222985109826703,False,matrix_tension,1,bottom
-1.2390993917042532,2.0761367849112036,0.743582110187872,-4.015492477522683,-2.4064574456241994,2.948167454450262,35.568603515625,0.17102772732620652,safe,0.02925058418094689,0.1619121834127114,0.029430744421354432,0.13305568107810015,False,matrix_tension,1,bottom
-3.967741930247416,0.3081967450925136,17.130485152259165,-31.62519490705897,-19.58028208522953,6.355379215277703,40.911865234375,1.017601896008938,boundary,1.0355162553099018,1.0005616047096169,1.044325805667862,1.0161950736016034,True,matrix_tension,1,bottom
-210.1882323183072,61.05229243585567,186.60972018329898,83.22319174721281,23.781598010720675,-16.391609334708328,223.587890625,1.3454019231297818,failed,1.8101132346095505,1.3453458276678996,1.8098457516222584,1.4514132813467326,True,matrix_tension,7,top
23.60929217606345,-2.230821412139336,-16.67662519461826,-9.225650031636377,3.7643179486654543,-7.000365260769459,82.2041015625,0.3825205647807399,safe,0.14632245135694952,0.36311892453108124,0.15132497372023032,0.3409849066754394,False,matrix_tension,8,top
31.27149327085829,50.076122292144326,35.031022053488755,-32.86344584672315,-31.783358773151917,-2.6653903791046436,55.9560546875,1.4747762066381684,failed,2.174987349116775,1.4719847407964337,2.1776509643024244,1.6308362253685298,True,matrix_tension,1,bottom
-7.985071879649649,-8.578424894367474,-12.145918409505713,-5.7089621746464445,21.304481700967642,3.6019009216926237,26.0380859375,1.0755679552799917,failed,1.1568502072932452,1.0753456353836637,1.1743937740130455,1.1335102970313795,True,matrix_tension,8,top
-3.1342420935987394,0.044656956968620376,2.7714678108906026,4.703041160126937,22.439448699551285,-9.133924861077517,18.71142578125,1.3377724959707373,failed,1.7896417718661608,1.3179443548943024,1.792878374012885,1.4818516324934285,True,matrix_tension,8,top
-6.666994105457321,3.2704803132755886,5.379193527444451,-3.6374503485510297,-0.03791110060233942,-7.321585655014709,59.8623046875,0.20521923144956705,safe,0.042115204312244574,0.2030187849715725,0.04863787199203428,0.1883365196623362,False,matrix_tension,7,top
-18.157197032026826,-43.16475473388708,8.932696409431923,-20.337070681032237,-18.32868583565876,28.781332020163468,41.815673828125,1.48396515374868,failed,2.2021722673488964,1.3900869968983038,2.205080370663392,1.777852018372812,True,matrix_tension,1,bottom
1.3928917305508384,8.763518625725139,11.193038245843445,-6.012195079180634,8.473940110080616,-7.088690107764396,31.021728515625,0.6135140744345104,safe,0.37640095923214617,0.5971818927441782,0.3813109526359817,0.5767677768439147,False,matrix_tension,8,top
34.605847275535744,-17.100956196313323,52.4435156787443,15.403448415810388,-26.46644610399657,-13.603909161099343,60.31884765625,1.2141052306704583,failed,1.474070969693554,1.208277586459344,1.5252914491624412,1.3655431627079684,True,matrix_tension,1,bottom
-0.21957817674234534,0.13866791850676352,2.354753346105549,0.40924579141340484,-4.016447175151497,-2.524356364929137,31.5693359375,0.16846320470614623,safe,0.028380159827819197,0.16667412679806937,0.028870362405653237,0.13895572308614,False,matrix_tension,1,bottom
46.52838700551418,22.444703623955526,8.27185711474557,21.56032253888045,-19.19751176177971,-4.4119226258402735,58.74169921875,1.0199922170137647,boundary,1.040386948950677,1.0199824437492178,1.0921048133254463,1.1098109285701694,True,matrix_tension,1,bottom
59.059035144471984,32.84745722858061,121.75749539949481,96.69594778672733,42.96321094589411,98.55596051384396,137.009765625,1.4652325931213253,failed,2.146929725829658,1.4593183952933488,3.9707920520522095,3.293955336056823,True,matrix_tension,2,bottom
-6.763771254002555,3.4436763583405745,6.226067857410978,-6.23783916226176,0.482797168036364,-5.808630780531866,71.857421875,0.18105043520543124,safe,0.03277958663396345,0.1657511953025649,0.03422631647078384,0.15148982615591153,False,matrix_tension,8,top
4.773406670382358,4.018841438865527,2.02673500134355,7.4374149188260645,-0.7136708528349547,11.4331818774174,44.762451171875,0.338500327452837,safe,0.11458361522963914,0.3331079992997821,0.1296635109822869,0.32222170746992673,False,matrix_tension,2,bottom
-6.038180093835742,5.6518190336739265,12.684448399096228,-1.7292254617185538,26.97021135970133,3.630232849342859,23.0235595703125,1.3547291827484957,failed,1.835305014248764,1.3540071163760727,1.8524123370540433,1.5069850179552824,True,matrix_tension,8,top
0.6747200721901072,-0.2160837660085371,-0.9806271484070798,-1.2518614749208015,4.307518200371273,-0.4247880104686993,19.4703369140625,0.23961537916612663,safe,0.05741591114202029,0.23856286038940733,0.05811549360115518,0.20137753054857926,False,matrix_tension,8,top
-1.2356808340404895,13.099365450777988,13.294166202260971,16.213198810642485,-15.452296036423553,8.157714875007446,29.080322265625,1.0419159898933312,boundary,1.085604853001235,1.0262902907116347,1.1131896711276228,1.1184591172481257,True,matrix_tension,1,bottom
-20.22568410852856,-26.19128529748717,23.45445620019339,15.176535398948058,21.525043125652953,0.8664333430738603,46.19189453125,1.047135902408551,boundary,1.096498377691618,1.0445558266692478,1.0963399707182333,1.0565276709526663,True,matrix_tension,8,top
15.158725071357933,3.1108210367964273,11.014157683335723,6.674489655504025,-17.336014488747484,-26.310626241634914,64.41015625,0.5805190649542019,safe,0.33700585475108885,0.4640387403885182,0.3566514625394621,0.5714339370468522,False,matrix_tension,1,bottom
6.351521406646847,-12.590382182395132,-9.029924872979674,-6.656577433493538,-3.2885943645757676,-12.536157991333598,85.21923828125,0.2604620631841156,safe,0.06784110522037105,0.25966512026982774,0.09234956895811622,0.26830179822539674,False,matrix_tension,7,top
1.7069554848826556,-23.363853387420807,-2.2917408102210644,20.94866286106609,-25.76210125994252,-4.085542569148574,29.9267578125,1.3668535006595615,failed,1.8683010773663284,1.3666223148141279,1.9316538663499825,1.5834031145530438,True,matrix_tension,1,bottom
-7.6997040573161994,15.616257203131441,-4.1097959808334235,14.824357922998093,5.757505782757969,-4.601606825504286,72.9150390625,0.33428979342086307,safe,0.11174981871715628,0.32995277296142894,0.11495367634196273,0.2782686719668406,False,matrix_tension,8,top
6.9665454005307605,-3.7419319887897813,0.28119185581903355,-0.4197854699811547,4.805135218766735,-6.99586402557125,29.040283203125,0.39983314107954937,safe,0.15986793249577982,0.3789721939903636,0.1601648430240698,0.3417758242138845,False,matrix_tension,8,top
-19.06916190684122,17.49572538819089,32.34981513045423,14.506621941982862,20.66283352762865,1.2361832351627196,48.631103515625,0.9979222612888977,boundary,0.9958504420003937,0.9958571938946609,0.9957040102789523,0.9947408016844116,False,matrix_tension,8,top
2.4410152880601617,-5.6649589989393805,-8.752065192999694,-0.6004562787728847,5.8908619203056745,-13.902207022183129,30.37646484375,0.6096760645859387,safe,0.37170558282405236,0.5633581938445559,0.37197580601428054,0.561320069267369,False,matrix_tension,8,top
-18.450973119654112,14.924312937888526,-8.317540127950291,9.365325783389554,18.829144545102274,12.719722642138578,48.376953125,0.7268413784130432,safe,0.5282987377286165,0.7161282021602122,0.5291815821028862,0.6880005550364741,False,matrix_tension,8,top
79.53310473178968,-60.895918546580695,18.535430794992305,18.4429057751723,34.645505309002814,24.064092868717097,84.56494140625,1.3219382867095146,failed,1.747540760919821,1.3002153598268893,1.7497056618369842,1.4587922076731283,True,matrix_tension,8,top
1.1471924394028732,0.2443839570189643,1.511501595932207,-0.05882657367565167,-1.8478779961673446,1.2705202529557265,24.1131591796875,0.12227126155962414,safe,0.014950305121893494,0.11927980674735977,0.014991844157889306,0.09596304744020089,False,matrix_tension,1,bottom
-18.597999739200755,47.23187497617988,-25.17895586111978,-9.692527752051605,3.0864187883324057,-31.372477935836336,66.62744140625,0.984013895368848,boundary,0.9682937794050319,0.9737110561815787,1.0737133556449685,1.1348898756256256,False,matrix_tension,7,top
-32.68315834002722,26.331318410114033,-183.21542265457038,-2.5941434945707678,-20.86034646093636,-54.542610795243554,191.59375,1.0273849761319,boundary,1.0555226341619945,1.0255341975139072,1.5499221945669266,1.5590354304819583,True,matrix_tension,7,top
-1.0237311425127924,-2.1757356326094413,-11.056636729107808,-6.52955927304679,5.543809238681753,-12.170682725730819,32.428955078125,0.5765095538064333,safe,0.33236758497596647,0.5373233086885186,0.33556447374520293,0.5347823940138805,False,matrix_tension,8,top
26.264996229229865,11.577840001451593,-8.392921691684997,19.650503345051966,-11.154738075956141,15.200544933036392,41.210693359375,0.9814699913637133,boundary,0.963293975659806,0.9428809343195348,0.9902118693633283,1.0572157417761807,False,matrix_tension,1,bottom
-8.72385506782683,-22.092535387487082,-4.664300607710578,5.957424248805121,-10.627323421913957,11.899063656775981,35.792724609375,0.8268893545115816,safe,0.6837515846041747,0.7959503423243336,0.6893666192522485,0.8254264426289756,False,matrix_tension,1,bottom
11.581323423187081,-1.595509724801385,-11.55933127633326,3.9686915652332027,14.410557749072968,53.996317396443274,49.52294921875,1.179034755440648,failed,1.3901246052334493,1.1790206524640967,1.8279378583397863,1.6982837512606979,True,matrix_tension,2,bottom
80.21420204183755,13.400367196065693,12.587061368679844,18.28453438070077,-26.204656376066374,-11.528921792716835,71.3564453125,1.2476724278147213,failed,1.5566985749911777,1.2445392525069028,1.6153659527943827,1.416818238181502,True,matrix_tension,1,bottom
-10.61947608323805,8.427524331041166,66.30243924831758,52.62656331098987,-9.86017878875293,-40.84980502577133,88.10400390625,1.0836516904023072,failed,1.1743139869954622,1.0711767233878002,1.3889034071462834,1.375016303652582,True,matrix_tension,7,top
-59.31659032175087,-11.564292640063494,6.112231083185458,28.760981889496236,33.60864645782194,10.484211347649659,52.50146484375,1.445095896446717,failed,2.0883392986180134,1.4448721322395037,2.0885784406776047,1.5889454445386517,True,matrix_tension,8,top
-3.940458241021336,-1.5277863672696954,0.11105407794531923,-0.20279260099082133,-11.026196744304828,-2.3243489780671664,22.5206298828125,0.5344970181256146,safe,0.2856901147304289,0.5344730628685421,0.2880128171714088,0.48573304144478124,False,matrix_tension,1,bottom
-9.81510422512873,19.405285278443266,-42.905414461293155,-64.74012758664674,-13.845191781530747,30.38549226737867,60.73193359375,1.437345462729572,failed,2.065968958777085,1.4373263214970549,2.1107487794416238,1.6612215117085174,True,matrix_tension,2,bottom
-45.89172979652987,-7.262819429662214,8.021307884181,5.550748969551242,16.856384730154666,-28.66308057956076,39.539794921875,1.4659303917343238,failed,2.148976033686843,1.3727524730159393,2.148826471385476,1.7584591026630707,True,matrix_tension,8,top
21.11408045090169,-20.603847237870493,-8.826360954068265,-69.14210048593439,-15.89204262074484,-13.410352145171588,209.8828125,0.3739879568868376,safe,0.13986818033396956,0.37398954575491755,0.17691768752349035,0.30260824541744696,False,fiber_compression,8,top
-1.1845501945945465,-47.83504462258602,4.563017884400489,-19.65569823257736,10.283644796165396,-27.141038855676832,49.513671875,1.2015018634188175,failed,1.4436101290122376,1.1115832839672362,1.466254162333727,1.3950608271113254,True,matrix_tension,8,top
0.6538896266546053,0.26901269961302493,-0.5504723507996362,-3.3142404575768802,-3.186819388724791,-1.2596345703164367,37.363037109375,0.1298271510343869,safe,0.016855284758209983,0.12966965761554344,0.01687755735289523,0.10059351059761187,False,matrix_tension,1,bottom
76.52490533548895,-34.176178292948414,-118.11596004390086,-34.03852590484959,27.6448700798047,39.76535177432653,152.056640625,1.0289558204000655,boundary,1.0587510722742812,0.8815869112671676,1.1985513456480927,1.323123187877407,True,matrix_tension,8,top
-0.9710183227924887,5.631215256054318,-0.3095337076877839,-6.615653877681613,-20.473387407815157,-6.750663471814019,25.23974609375,0.9217493690957277,safe,0.8496336459078097,0.921395163643901,0.8521409455173171,0.9147276077597343,False,matrix_tension,1,bottom
-25.644265277958493,-33.747155826478256,18.815100074501217,19.37283955258084,-29.13150264571309,-8.387017079741995,40.225830078125,1.4590729589092277,failed,2.128908994116721,1.4587970431785657,2.196298548766105,1.720009835395695,True,matrix_tension,1,bottom
8.76594675995253,18.124535493703185,-15.66620627262161,23.110080157396286,-33.30094589526109,-27.411365889728287,39.775146484375,1.3873782078245616,failed,1.9248334884672096,1.3518563634754557,2.0256769987028695,1.7014453732337278,True,matrix_tension,1,bottom
-3.5587644717985123,16.21856389641485,4.788855585164627,-0.39153088510417616,-21.304694865226118,-19.62825092812579,42.49072265625,0.7939035116894531,safe,0.6302858081569569,0.7608961065105,0.6414953536505973,0.7980148365889639,False,matrix_tension,1,bottom
-23.86621260367776,1.4143287641779358,2.4847732633592066,20.382449635038466,2.9481600704583184,26.511293571591235,63.703125,0.6481421474761828,safe,0.42009427476227823,0.6398184422806138,0.5175877051163706,0.7372735040420989,False,matrix_tension,2,bottom
131.55824824902692,-120.94380751888923,347.8901975614878,46.38508992745635,47.07380976437887,64.906431957745,293.74609375,1.3682702373879034,failed,1.8721647425330574,1.0946741140427119,1.873094359337324,1.7814227340142645,True,matrix_tension,8,top
-21.130147756691844,18.47632543052009,-4.487815495316408,1.4106688810810921,-16.841048414506584,6.9273137748924425,32.9140625,1.0265376522394327,boundary,1.0537827152516428,1.0121135594052746,1.0595564926188412,1.0621001248568316,True,matrix_tension,1,bottom
-5.0997790164436685,34.55534763386782,35.582980908272,0.8349444558884569,1.1484453792600766,-6.703566600696835,218.35546875,0.23049904993793596,safe,0.05313012263739574,0.2290364940638964,0.0573405774925201,0.20495021556723564,False,matrix_tension,7,top
-6.130790496526383,14.239299937492346,-7.832677468736148,-0.5493656040465874,-23.009322209848442,10.24652632325753,21.7352294921875,1.4078955581374881,failed,1.982188540435492,1.3859793985071767,1.9896814693254494,1.595160201005361,True,matrix_tension,1,bottom
53.7833131431127,-31.13025178242165,8.69497202202551,-34.70125492101967,-8.38007431743653,28.41162631720505,67.3828125,1.151361511880778,failed,1.32564081467048,1.1505003579823987,1.3823346121215379,1.2839084335805988,True,matrix_tension,2,bottom
-16.63313257960676,-17.469638268776258,6.216133202400546,26.105149534211378,17.23303956634985,-23.98134995914981,35.89599609375,1.2989393841920043,failed,1.6872480945932204,1.2360474831582016,1.6943859259620102,1.466410405907637,True,matrix_tension,8,top
-18.615044596851092,-3.6524375951958037,13.1969192167844,6.630650821738264,-15.769665204628696,7.35714286421785,29.6357421875,1.0014319333114683,boundary,1.0028806863862205,0.9865331882600008,1.0139947340580933,1.041056706251145,True,matrix_tension,1,bottom
50.10706934793265,0.8099431015458275,-21.96946236315413,39.160129462202136,42.920748932595146,57.68430884561321,77.70361328125,1.267308524566982,failed,1.6060723438229085,1.0390401395021946,1.6061545185666608,1.567271890711588,True,matrix_tension,8,top
6.773890212607089,2.4541423335340853,0.8272848383163096,-2.1928674085331266,-11.205285613181534,-8.829444292764924,37.65576171875,0.4289645482805561,safe,0.18401288562283827,0.41831334038544904,0.18572546806906595,0.3783520483463306,False,matrix_tension,1,bottom
35.23631435700453,-1.022187245387033,24.540877893588263,26.395594967143936,-5.660230991581141,14.543661862686788,73.9033203125,0.7141061496923499,safe,0.5099525378596976,0.6729806029521946,0.5440629873817147,0.7421788305893137,False,matrix_tension,1,bottom
29.602686840942777,-55.42484391733907,7.520034271087573,76.73045429441366,-8.437495902964505,20.844077514490625,85.1435546875,1.1976320141524235,failed,1.4343386924423231,1.1516320015113002,1.7040270997493803,1.6128572754503552,True,matrix_tension,1,bottom
5.011026799338036,-13.676202439106456,-6.138575223505353,10.554910349600247,3.5004650589846302,-2.9875126415619304,92.890625,0.21052124576521752,safe,0.044319659701926556,0.21034222531192395,0.04435283650657612,0.1713539349088056,False,matrix_tension,7,top
0.09650917213802195,5.039472147448231,-5.580764428659135,0.30948303686880096,-2.3958929372963493,-12.165619144605236,49.68896484375,0.29191167109275373,safe,0.08521282840204507,0.2918508762736809,0.1058512974640691,0.290454521326898,False,matrix_tension,7,top
1.054729715428184,-3.6286543070211454,-4.22292455618053,-0.3075004658152631,4.2800364975092755,-0.5120026442599522,30.225830078125,0.23577769747930277,safe,0.055591561605109,0.23454673887527888,0.0559930594834799,0.1962458014307237,False,matrix_tension,8,top
9.698089271555746,-27.48843322146918,19.293734017404837,-6.892727090878907,17.761993702851555,-16.75519468694997,33.1669921875,1.3022937783281257,failed,1.6959693577192714,1.2606685795864259,1.7075613213594205,1.4737388638765552,True,matrix_tension,8,top
-2.218247124107711,5.825890340373056,-3.836407337405044,-9.347165681839632,23.12070515557161,15.106061018849548,30.3173828125,0.9915683409146429,boundary,0.9832151549246638,0.9797564993184619,1.0133565056654013,1.0555344780486269,False,matrix_tension,8,top
-1.5329911498360076,-2.4453517998863092,2.1339246623889063,-3.5174956551139718,1.9131578927984245,-0.521653560065989,42.98779296875,0.1256784560057599,safe,0.015795086539034716,0.12489144360869879,0.016744332612987144,0.10644380459487202,False,matrix_tension,8,top
7.633581609488161,-10.853356799066477,9.4267519040754,1.4890313542755178,-16.49727523435085,-2.2311654927959825,28.09814453125,0.8303017068923625,safe,0.6894118884438051,0.829875236919795,0.6962715790294491,0.817458352892483,False,matrix_tension,1,bottom
14.708975345007442,-24.407570454566937,10.059720287641195,17.44660063620415,14.880384450667053,16.095208899949796,90.6689453125,0.45449495088672565,safe,0.2065672440872169,0.4133238966646726,0.20726459300658515,0.38204926148875273,False,matrix_tension,8,top
-1.9802121038488354,-26.765898053297676,-83.50207554145591,14.942969444780642,8.185630361991397,24.531254984051788,202.818359375,0.4568389768974179,safe,0.2087038273421504,0.4559504174576333,0.30941564946954236,0.544915553304232,False,matrix_tension,2,bottom
6.440387278168683,0.24591780708808794,-0.1933024192858231,0.9686304030361644,6.3707715898596975,-3.2088310152154085,24.5302734375,0.39397294859667176,safe,0.15521564707214278,0.3868373046196772,0.155542592687887,0.33870987254172685,False,matrix_tension,8,top
-22.034419342706002,-1.997594531755764,54.27281367887812,72.54742165030203,18.052041533737707,-15.169971543446907,85.36181640625,1.1269515674562678,failed,1.2700317155758618,1.1268716736788444,1.2701635648181246,1.1621816285256494,True,matrix_tension,7,top
-3.7489760484552455,-11.650850164023536,9.164042608695402,6.355631721902162,15.870644476778232,-9.120928373196048,24.97900390625,0.9881410228402903,boundary,0.9764354945797977,0.96663015059982,0.9766378447875518,1.0022969663013295,False,matrix_tension,8,top
5.727153416713657,-11.707071015462772,10.430377825809991,5.588017476999959,-0.2764466923913315,4.583374692503987,129.6884765625,0.14027659874495882,safe,0.019677717161933478,0.12613636241601478,0.02082468799353805,0.11427957627350323,False,matrix_tension,1,bottom
-6.362310213203702,-25.434817991534775,11.830485688667146,16.358563674299237,-9.628268224129025,4.780238111483904,51.9619140625,0.6695791980262848,safe,0.44834428846564583,0.6613157840070025,0.46923502465337824,0.6645857108256253,False,matrix_tension,1,bottom
-8.473608800319466,-11.928092170140717,14.205217186657297,-0.8623868372729361,27.30271124569845,0.6252816377867284,23.933349609375,1.4245648613092503,failed,2.029397061553032,1.4215308476185955,2.0447578474373573,1.6068730364152555,True,matrix_tension,8,top
218.9737972969408,252.32414346497097,413.3010207265475,-226.60945803383422,-44.174275580338964,-59.51650424446006,468.1875,1.2441118212921782,failed,1.547816182047025,1.2368374926409422,1.981934847487815,1.7423946237109313,True,matrix_tension,3,bottom
20.333654869158483,3.6112131635963927,-20.48096916769872,-23.672843399501954,25.33036677083175,-1.374247091143983,31.051025390625,1.458106088124989,failed,2.1260809935303064,1.4540891703853327,2.195307211295246,1.7261800292432674,True,matrix_tension,8,top
-49.28081990320516,47.47236692101087,-13.111669503524526,45.614509385002414,1.723025435919527,47.68708996395609,76.8720703125,1.2485469770751214,failed,1.5588836179176822,1.2230624363221372,1.8578007518825062,1.6896206674555505,True,matrix_tension,2,bottom
5.0850883508949485,4.407621736096488,2.4604292398889074,-1.6466109225473595,13.545054690767627,-6.413432479974793,19.75634765625,0.8449355381382473,safe,0.7139190388502348,0.8313542508448257,0.7179807663030112,0.8349514298099582,False,matrix_tension,8,top
4.804052076609289,-5.126739623696159,3.7572180014335577,-2.015522944248181,-18.88422634476011,0.11402841349270207,20.922119140625,0.9843815968924371,boundary,0.9690136973891927,0.9816086990762948,0.973625678627081,0.9979090385523735,False,matrix_tension,1,bottom
0.5297333794772847,1.8882284016854463,2.038450827399007,2.1950899843505036,-7.4795943288819675,-5.2674698992827915,31.549072265625,0.31138682366968523,safe,0.09696292220891146,0.30648953726494044,0.09957055617456914,0.2713014961758535,False,matrix_tension,1,bottom
30.487058014302583,-34.285036623951505,3.9764640886821865,-31.605698730797627,28.026502617956343,6.826392198522988,42.4013671875,1.482567232536771,failed,2.198025779660825,1.4825167772722334,2.3090421615386814,1.8020351583101746,True,matrix_tension,8,top
8.52959345444669,-38.6295558991916,13.616844090722854,83.66320839763026,43.00788402869359,22.88202332952347,71.12548828125,1.4828248532365653,failed,2.1987876679731033,1.4737651739649726,2.263974923671595,1.6800862112827604,True,matrix_tension,8,top
-58.83126871583779,57.074119085040245,-35.13788867059853,-31.111178497148963,-7.3701337910525355,-47.252644386707004,95.5888671875,1.1075470729585424,failed,1.2266630682079793,1.0977905476195735,1.5464012826584026,1.5050066638183497,True,matrix_tension,7,top
-79.23538130367345,-65.85860894914181,-69.42896670815675,46.42517474228408,-20.63035326583139,-15.870724059724814,133.1240234375,1.0153090066304182,boundary,1.0308525233235823,0.9977492867273581,1.1948597818523667,1.2412679516300715,True,matrix_tension,1,bottom
-2.8178489883582825,4.764205228437858,6.766774904548537,-1.4893990981776024,0.8163071438188206,-7.9171140077533755,47.384521484375,0.2514758280083957,safe,0.06324066848949159,0.24928396252681775,0.06982740307338758,0.22860477314156902,False,matrix_tension,7,top
18.766450228729084,19.203254093123345,11.845675202602497,1.9487289446783038,29.372766002562297,39.44035302444057,59.45556640625,0.9637556347493211,boundary,0.928838034546188,0.820536481132726,0.9504281067793239,1.0867810890209826,False,matrix_tension,8,top
68.01928631062988,11.203903370491215,31.0122586590531,13.833826665205741,12.113416022098633,-36.08189444636927,60.03466796875,1.428425010284451,failed,2.0404143241766195,1.4184352861410228,2.1372545744683222,1.722409730160647,True,matrix_tension,7,top
-1.4718186656928827,0.2787959457218509,-1.7522461765660968,-1.9164520791815467,6.065046536131375,-2.642754326257827,19.181396484375,0.3786657330254254,safe,0.14338842921198863,0.37329791782213034,0.14472271695735972,0.32938111509406787,False,matrix_tension,8,top
-7.605387048427895,-17.150001773340364,6.342456328042656,28.10513657684777,-3.680954317130998,-16.73197336549603,81.0625,0.4738753055028978,safe,0.22455902924868995,0.466250749115902,0.25845765595011966,0.47998515456236984,False,matrix_tension,7,top
38.240727325859694,-8.300320461689601,-18.59479629210483,-5.237420587854969,22.301922456144094,-6.693154941534473,37.36865234375,1.3236580123151114,failed,1.7520742932396687,1.3103806739045578,1.767671623801899,1.4768190883985022,True,matrix_tension,8,top
-1.5280454919239066,-13.419973713361175,4.189276995595857,-18.852636852498016,-4.686145337736605,8.012649289803457,61.5185546875,0.41173163409046576,safe,0.16952330751211447,0.411677572322527,0.17191478868655669,0.36526431798406545,False,matrix_tension,2,bottom
-0.9530180680316167,17.13856124310354,13.54825010151835,6.5366444863419115,13.58995683736886,10.994846791957494,57.55859375,0.49947058500571184,safe,0.24947349140482764,0.4852722392693619,0.25008188166645123,0.4438986949486846,False,matrix_tension,8,top
4.996324110822401,6.4906865365054465,12.961090370786382,-11.128891673119464,-10.773623687402065,5.466265031658479,35.831298828125,0.6270957346052393,safe,0.39325167344825845,0.6133776743199337,0.3936923139395289,0.5651751911354163,False,matrix_tension,1,bottom
0.33292757265862505,-1.6441195479515798,-0.8389632638363205,1.1996859624977056,1.6196729383696091,-1.0789568531160705,29.093994140625,0.10164025169233855,safe,0.010330883744759226,0.09889596740080303,0.010330774259967656,0.0773077044611133,False,matrix_tension,8,top
45.29631823545588,-12.533579165760761,-12.127085063803952,39.38384529744622,-9.530828705679152,18.36547490551942,62.859375,1.0474442038984104,boundary,1.09713996481303,1.00101605298034,1.1772270998025136,1.214975514475029,True,matrix_tension,1,bottom
75.41855018396942,-201.85237544577612,-128.36962019430254,102.0698419657285,-6.069860767246278,-38.81198750291488,213.416015625,1.282136747093754,failed,1.6438827124167172,1.2487867015114775,1.79822691150773,1.6033737634693799,True,matrix_tension,7,top
4.816887550426964,15.723645975386022,-41.99429902858401,-13.305628856459965,2.5450521333850014,-1.5815067705621269,212.3828125,0.2218475596781077,safe,0.04921687622479538,0.21989643483475696,0.05851420125579277,0.20853899149695282,False,matrix_tension,8,top
-7.449686918819599,-12.874073783135506,-5.999022719796594,28.070426225127033,-17.887191744961985,-1.534731864570348,35.833251953125,1.03198851218197,boundary,1.0650066735354347,1.0314687062204668,1.1335864314037152,1.1453664534477108,True,matrix_tension,1,bottom
-46.42600752852259,148.22624356648433,190.45725011650902,-9.85605924996622,-32.575996965498796,-50.86989064342431,252.140625,1.004485003368946,boundary,1.0089917713410708,0.7598818190829054,1.023102436681485,1.1865594903152779,True,matrix_tension,1,bottom
1.1082238333074084,1.1287549850957534,-5.398033136125054,-4.641338763692172,10.282754385182034,-0.8530830974548218,21.93408203125,0.5760488548007959,safe,0.3318330791584005,0.5738378019687244,0.3373255981626852,0.5366947806695718,False,matrix_tension,8,top
7.658353282695808,15.71178243584119,-3.75153016857573,-8.660174152723027,-4.60863362230182,-37.576920413107906,44.83349609375,0.9536024906836266,boundary,0.9093667486818119,0.950461313500058,1.0973290645899347,1.1788674491551812,False,matrix_tension,7,top
3.719029850319838,0.17283947284358642,-4.691189717873839,-0.18889034033666682,5.505809280491017,1.741208271685462,32.2783203125,0.2578090412747648,safe,0.06646595574342923,0.2577276288372405,0.06716610016371784,0.21769435554220265,False,matrix_tension,8,top
-11.179492376183443,-20.397044495310688,-5.248682179773106,1.3789765728862808,-28.206697432184722,-17.31372654006369,34.504150390625,1.18289740923453,failed,1.3992582984761763,1.171350870944359,1.4203871732506752,1.2898289337972557,True,matrix_tension,1,bottom
4.615954281229503,-14.201351064364998,8.349093999648584,-13.839974365872358,19.20610425315271,-20.05986752946705,24.00439453125,1.4761123027907912,failed,2.1789217093754565,1.426055747772454,2.2035193462615985,1.7637138004407713,True,matrix_tension,8,top
6.516176588009454,1.2335266431602854,2.2038266562500515,0.06866438223450536,-4.018783767633434,-1.9190987962828845,46.871826171875,0.17680504519620527,safe,0.03126029060054855,0.17617836447979002,0.03163665375951704,0.14581709815566038,False,matrix_tension,1,bottom
2.130070760021149,-5.955084041037602,1.6942737447099285,-6.902257718407065,1.571421289661274,-2.590992535443672,60.54736328125,0.16490753295171784,safe,0.027194821232791152,0.158973238938601,0.029663087955061413,0.14186546547532897,False,matrix_tension,8,top
57.22889849318547,-34.993872690881524,2.599988669625528,-45.43398173183036,-19.15398941631235,-12.138002591818337,141.689453125,0.5940599694253491,safe,0.3529090757890071,0.585539927011167,0.37634729632035224,0.5203163829152548,False,matrix_tension,1,bottom
-33.04432252313324,-54.69716576132137,-24.694605896996464,14.669159235587385,-37.3686973344671,-31.983118866939684,57.42041015625,1.4908297565059296,failed,2.2225819282318477,1.4454869682844766,2.303212987811871,1.8481001110817468,True,matrix_tension,1,bottom
8.418273549177853,16.842450272578443,17.3723579635383,-39.91719957647902,-6.058706652792213,-42.43217305514189,64.970703125,0.9839662463804297,boundary,0.9681904522369763,0.9681396868660787,1.2295806861215917,1.2977073951167009,False,matrix_tension,7,top
-4.182155764098891,-4.153261904659056,-5.973493980195482,5.398493314443168,9.668510780844771,-1.8988170961258177,26.915771484375,0.5210055239279657,safe,0.27145122514572684,0.5165125701852966,0.2714306089033334,0.4606429442237723,False,matrix_tension,8,top
-9.880516575525963,-12.80517068949718,-26.361787530725273,8.96035946428254,15.994982938053433,13.077081001682185,65.91943359375,0.5803758957915041,safe,0.33683941689381,0.5630527618068476,0.3372548685269134,0.5271326640937744,False,matrix_tension,8,top
4.456079713380933,0.08374817905582482,5.945321669476574,5.287570773574712,-9.515124937472656,-9.598514258579986,44.348388671875,0.3676467065358776,safe,0.135165371654959,0.348770734967169,0.14215305413973375,0.3312474721382329,False,matrix_tension,1,bottom
33.98085227046221,15.806387459997364,49.45530761923987,17.839031165750583,9.387717902111918,53.97913878144841,66.16064453125,1.2798947171716482,failed,1.6381479535420718,1.2759268103584303,2.049188432944145,1.8126738685967685,True,matrix_tension,2,bottom
47.36448024579365,3.6850089396613823,-9.736840169360411,-26.804675515088583,22.49205797419807,39.57724737581188,89.82763671875,0.7983219477430586,safe,0.6373245290520168,0.6237508422714058,0.7298961083027566,0.959104958215595,False,matrix_tension,8,top
-4.948497151162732,-0.13929379360354283,-0.10071474334201189,-1.8261432133178772,5.988040377242835,-0.1662698248350329,24.540771484375,0.32531569528872617,safe,0.10583239545377664,0.32439322177245866,0.10725365491883371,0.2811191692388462,False,matrix_tension,8,top
56.89824280083417,-115.31379650344324,-43.75007701775214,56.610922708236075,-36.212092655149576,-47.72323057872624,110.921875,1.4323457411007314,failed,2.051650227698543,1.2856102201778272,2.370361762120043,2.128404624165187,True,matrix_tension,1,bottom
9.599119015173628,-8.450301679726126,-4.446331951018032,-14.930896414662243,-18.470254437639067,-19.391997942966885,56.02978515625,0.5982164118978412,safe,0.3578632510194115,0.55306852335261,0.35781717425656695,0.543470270553768,False,matrix_tension,1,bottom
-21.095405027789877,2.959885548593188,3.1648478590946936,22.944806972816266,-9.0163218172427,3.9945906635451913,50.73046875,0.6500509698625313,safe,0.4225690255570294,0.6440956597519772,0.4569652471595957,0.6623695809733793,False,matrix_tension,1,bottom
12.126085550875036,12.629411843522886,5.333918837842837,-4.16467694117798,-5.824593634997124,-22.28234898980734,61.5029296875,0.48308942728727866,safe,0.2333776822844458,0.4829477752248655,0.30831941851943795,0.5409942621522997,False,matrix_tension,7,top
-27.715557783867666,10.847904304006683,29.507154856817948,-22.391538342724214,6.989265881326899,-25.499721612780586,53.7490234375,1.011702291016056,boundary,1.0235499459250996,0.9218429902693783,1.047744120884539,1.1275229307433814,True,matrix_tension,8,top
11.281312683942762,-12.722507054180683,18.961521791053922,-4.60553733365855,-12.175503487283404,-23.490664180215145,98.7724609375,0.3747261960688655,safe,0.1404207447576699,0.3458879631000153,0.22577756849825578,0.4463380318620551,False,matrix_tension,1,bottom
10.604091753614293,86.86033685182048,55.471709468441105,-11.931207529053589,-12.338564994858654,18.22290433207621,108.6982421875,0.9805837240412567,boundary,0.9615453798899664,0.9211414066558491,0.9622392599747603,1.0061539760955336,False,matrix_tension,1,bottom
22.20670953833615,15.749724344748026,42.18738537407306,105.80289710005323,10.498756557917975,-6.94206598278218,146.5771484375,0.8035795693810174,safe,0.6457403005962735,0.7735942853934424,0.6467359807248942,0.7677385860954777,False,matrix_tension,7,top
-3.3612005847997066,0.05431086963247185,2.0459678966975265,3.788792092177902,-14.205889712153349,-16.152416798479017,43.429931640625,0.5110174850661318,safe,0.2611392045392069,0.47001698339242715,0.27104894441617006,0.4791369924484857,False,matrix_tension,1,bottom
-11.328757107839321,11.168397794968701,-2.972485242709377,3.4557685472500737,-21.542899391231103,-8.123077540010216,28.41259765625,0.997927338229625,boundary,0.995873046482034,0.996824381027671,1.0108834080736229,1.0329251847239687,False,matrix_tension,1,bottom
-20.850480920562553,4.652029057148529,63.274484162521404,-0.5064015203305627,-19.947285745984498,-5.000221155058752,73.400390625,0.9520368473684377,boundary,0.9063833610220124,0.9520374684418741,0.9139484540651192,0.9626903654757475,False,matrix_tension,1,bottom
-1.1412402091466969,-52.53819966021498,-35.037572708879196,-5.435464970525811,-6.015380424760565,-20.608009405814393,157.279296875,0.425548250843942,safe,0.18109247899759176,0.42544005395434786,0.247513809235226,0.4751292401521441,False,matrix_tension,7,top
19.15899782664215,-2.137135890658622,8.59714611559208,-11.666698903599393,12.323605680405333,8.093666564803373,50.73486328125,0.5571558391483146,safe,0.3104275623472222,0.5507035682040852,0.3289533358008134,0.5415302809728403,False,matrix_tension,8,top
33.959445555497936,27.983652020462756,23.091640910708843,-3.860169780395207,9.607111334928149,41.71340297186874,67.6826171875,0.9707372875239381,boundary,0.942334394330533,0.9707360590163939,1.1909769524365963,1.257543565465387,False,matrix_tension,2,bottom
1.2936766428450424,2.9611061900725932,-5.876200819476246,-0.5330862416299064,-0.6702479286915553,-15.795811393678113,38.738525390625,0.4435313552712846,safe,0.19672181911014078,0.442131931588612,0.22680169065027506,0.44530554649616944,False,matrix_tension,7,top
-1.6736395447816284,14.783745810754429,-12.694308776334102,-8.609991933402505,-27.274277393526155,-5.021313702763966,26.93115234375,1.3000013103959762,failed,1.690025554322317,1.29971345506328,1.694178067447547,1.406892163576228,True,matrix_tension,1,bottom
25.153313855117876,19.543040086605416,1.767982923745264,-8.415940384621758,23.302878804761928,-0.4486646353063632,31.859130859375,1.267942014908467,failed,1.6076975884842102,1.2646205166526956,1.6318438793374743,1.4002885234211775,True,matrix_tension,8,top
-12.79156855629552,21.87346143885325,65.98582444299474,1.785785370661472,-22.183947450215435,-34.34639901533677,114.2138671875,0.7151265860884899,safe,0.5114101476910538,0.5521234562611574,0.5299017859217592,0.7423381766129964,False,matrix_tension,1,bottom
3.746622962807178,5.566792678190189,2.9700902461211407,-1.4954061770200877,3.845986127247447,1.1637091433343605,45.4462890625,0.18700791364784425,safe,0.03497218709415862,0.18696000009760533,0.03572154871451684,0.15686021789208607,False,matrix_tension,8,top
-0.7550508844773348,1.6655297255094341,-5.192732242025104,2.740565767946675,3.1534159486913578,0.06405273855471484,45.356201171875,0.15238039862097022,safe,0.02321978641902262,0.1519098891418195,0.023225146667329326,0.11962522350865387,False,matrix_tension,8,top
-13.66777595547687,11.6336904740247,-17.194247978627633,-12.94425314632764,23.96266352078008,20.72455423404595,43.670654296875,0.9685524189631907,boundary,0.9381002068091481,0.9386792828117657,0.9802653339047501,1.055402025050686,False,matrix_tension,8,top
-3.7711480640963937,4.279595450531979,-5.841249250573981,2.08367914734704,4.362584767915883,-0.515471515449863,41.33447265625,0.2298912744443763,safe,0.0528504836732156,0.22849012817916506,0.05286393504209808,0.18719034564101344,False,matrix_tension,8,top
-9.883075938533237,-45.16224343919045,47.007611317004404,-35.423808171132215,16.164278230594974,-3.2957851174690713,71.98193359375,1.0647407536186628,failed,1.133683260428526,1.060131181610294,1.2226942380975008,1.2133278381688675,True,matrix_tension,8,top
18.530071246703145,2.702150297733999,-13.522310446505076,4.091307033634403,-1.9578839889562663,46.283180843518295,37.027099609375,1.4023557759555791,failed,1.9666262852254666,1.394251357839413,2.2044709533928835,1.8256270053986883,True,matrix_tension,2,bottom
7.131688796375555,-9.246083716766075,0.47369632252280197,10.016453319350607,-0.5835780578924904,-8.705014518394849,66.41162109375,0.266405861878266,safe,0.0709724053030494,0.2659309355239683,0.07924459603489913,0.24595074295662334,False,matrix_tension,7,top
1.5290491952971406,-3.4106778951791634,-2.7861065429137692,-2.275667210489532,1.468582781908043,5.440928328793429,60.8359375,0.125908772755952,safe,0.015853062299896862,0.12564297578236278,0.02011243814520687,0.11762821626513571,False,matrix_tension,2,bottom
-96.92483879484463,-96.65463996846354,38.81317881725302,-97.9311999580421,-16.41807771132898,22.13783574284685,128.73828125,1.3586402861559685,failed,1.8459064578615858,1.3553757463195957,1.8537657697608392,1.5002070279381325,True,matrix_tension,2,bottom
-4.235446955158514,22.6642578529422,47.76833394986699,27.317398434914875,3.314546030896687,-33.57875637531911,59.8515625,1.1452211616541579,failed,1.3115361639123122,1.1448067421304444,1.4178047992533078,1.3317481546237433,True,matrix_tension,7,top
3.9224064465758897,3.2209328619469635,-20.092593538509686,-7.517631436531985,11.5251477511846,0.7579571658496127,39.935791015625,0.6231891905444285,safe,0.38836895871631033,0.6225246885839607,0.39829368338199245,0.59481399458768,False,matrix_tension,8,top
-0.3325970069278399,4.41674752354592,4.5913194348217345,-4.224389558836129,-8.361242038363182,24.38218770154981,28.0537109375,0.9584344894438311,boundary,0.9186093974098508,0.9492698427594924,0.9636697640821466,1.032382267418136,False,matrix_tension,2,bottom
10.561694321101799,-18.387871465108418,23.413389605503802,-15.452154116422175,5.191817945344679,-30.04521914248077,46.39013671875,1.0033040604786356,boundary,1.0066220129984609,0.9757453018348191,1.074941915977577,1.1331268937194434,True,matrix_tension,8,top
-6.7081730763858465,-16.49201882540052,4.482147320539224,17.577409008702354,11.520725691594333,-2.1334006592245616,49.0595703125,0.5704870572389107,safe,0.32545550258638184,0.5643279472759811,0.327872298795758,0.4985580305504104,False,matrix_tension,8,top
38.85042281817945,-11.8939262665317,1.1833041180583006,10.407914374979985,19.176358536146243,-4.607385207293287,44.09716796875,1.0513774971888419,failed,1.1054030899167167,1.0408404818315193,1.1053336743014135,1.0721312307602202,True,matrix_tension,8,top
22.287278556741107,19.5363771627877,7.7112140414897885,27.767332223503665,-6.241935461350865,26.214533867485446,48.76806640625,1.01185402365032,boundary,1.0238584284937768,0.9191109888620752,1.0587168825660287,1.1444690550024166,True,matrix_tension,1,bottom
-11.486294304301488,-6.639951739650693,4.033968985754919,3.826261126253099,18.784243017388548,-6.437957796674553,22.37646484375,1.0957958066309128,failed,1.200768798205227,1.0820288388627342,1.2032235992583524,1.1426830304584155,True,matrix_tension,8,top
16.86690853815689,-23.00303309478612,33.69702981584198,29.42592062595082,14.352044799922512,4.891399068489644,103.22265625,0.5345797035206286,safe,0.2857804997532741,0.5344677445882976,0.29467270923140276,0.4562383608384788,False,matrix_tension,8,top
20.91156354733275,1.0160636086776917,-27.691004355587637,-34.22003670791924,-24.54216408514181,7.249126513214272,42.883544921875,1.2838137259072517,failed,1.6481939555831695,1.264957982096811,1.6563239148165199,1.3745744552572643,True,matrix_tension,1,bottom
23.452879680632744,-29.377189237224904,68.63628223466806,-12.53679146049994,-20.297213159016017,22.58995546631269,57.4052734375,1.4784903264340103,failed,2.185950763676569,1.413108593837038,2.1857094764621086,1.7351178435048034,True,matrix_tension,1,bottom
42.93862857021326,-76.04177282380749,48.9128874083079,66.13793780469888,-16.169957566094585,12.771773969548406,87.8818359375,1.3851164824090731,failed,1.9185673158613386,1.3649386406663038,2.1592194193972154,1.819914163152459,True,matrix_tension,1,bottom
-10.329645046328423,9.94654235237642,-7.6927843176145725,-5.474332158332933,-9.162086055834182,3.9274614207228558,37.092529296875,0.5352356434439364,safe,0.2864776204187346,0.5261554660294995,0.28643708598276457,0.4743139958758569,False,matrix_tension,1,bottom
-25.650065891280015,-21.845836527049386,7.961854747272959,37.208840726402805,7.94421148420217,-7.80643349097466,95.6962890625,0.5436977789888755,safe,0.29560810706546353,0.5433226320716259,0.29588112954102475,0.4866460847602378,False,matrix_tension,7,top
-4.351811400869207,-11.026159817965485,16.202863491837594,-29.21117045368466,9.178610753697,-5.334944149984274,51.95849609375,0.7121193804313611,safe,0.507118084825298,0.7040413157839777,0.5581245418266053,0.7522210415462557,False,matrix_tension,8,top
-5.130103864201249,-4.885413102875919,-0.93671315568945,2.972955660849738,-3.174159591871293,-11.306131142358922,55.5263671875,0.25329078361870083,safe,0.06415647050014754,0.25297938706699513,0.08300254615867703,0.2533701077206423,False,matrix_tension,7,top
0.39411547997112156,2.37748214895434,-1.3778358997592044,-3.475921526881154,8.841728784641749,-0.9918762884286562,19.970947265625,0.4980870813730417,safe,0.24809368221118352,0.4958107291049397,0.25171029810673934,0.45286885178874636,False,matrix_tension,8,top
-9.744341055935047,-8.02262472169804,0.1382235092601242,0.00364359190467228,3.502049198721815,28.215746798709027,42.549072265625,0.7311158973972789,safe,0.5345329571911246,0.7301913780345035,0.6382961697024296,0.8322731033095702,False,matrix_tension,2,bottom
45.356686671729165,5.265450825929273,6.039704326537052,34.18753040607595,-3.9863816127262828,-7.3132637046299545,228.859375,0.2532647290959006,safe,0.06414409221063656,0.24193748631349996,0.12445851825425196,0.3002141335469508,False,matrix_tension,1,bottom
-1.4637016745352573,4.670230865623855,-1.1056419194695055,0.15467074194099237,-2.3100474612895754,0.17988548291799017,44.10498046875,0.12535729181103733,safe,0.015714571646239496,0.12483063923283529,0.015831879056693907,0.10097222402068412,False,matrix_tension,1,bottom
9.459040260945686,4.272230855250835,5.144761615005865,-16.03144611569869,16.62601936094412,-10.787900190031893,24.214599609375,1.1563305456826345,failed,1.3371113858040433,1.1341359892885796,1.3652624893310543,1.2749104879291644,True,matrix_tension,8,top
31.625170289536214,-46.83441165592815,8.303798329126732,-25.79616350632463,1.5907315271104674,-13.687518777791992,131.134765625,0.4893497603756667,safe,0.2394651722923017,0.44183872679763453,0.2662735725147294,0.48331125462827956,False,matrix_tension,8,top
-2.5395575587757753,-15.179653330642115,-17.54448460604995,11.223778090701153,-27.98453011033788,-70.61211833266083,59.56689453125,1.347203507322016,failed,1.8149621656223776,1.3402600154386157,2.63762413717749,2.276975112289507,True,matrix_tension,7,top
-2.607373432032311,-14.992656928107882,1.1615791562923434,-19.128126458085976,-13.416567076412596,-9.80479870022314,65.36328125,0.45254109053767855,safe,0.20479391779811995,0.4423593936006301,0.206684771556475,0.3798211460260741,False,matrix_tension,1,bottom
-39.983081048084365,174.5043325704459,31.465937656741346,30.26358894253441,-33.0048748254815,-53.24082381467789,168.369140625,1.1559638266807897,failed,1.336254095235934,0.9042707739299891,1.4836185075338695,1.594723006946589,True,matrix_tension,1,bottom
5.892314427320507,-2.354850571248382,-1.8036256290261534,9.675439548630171,-20.434178596363314,-7.753047136147268,25.462646484375,0.9737835384881791,boundary,0.9482678594319226,0.972615165346297,0.9732479568228941,1.018526554033794,False,matrix_tension,1,bottom
40.171444733974795,-101.05040450327022,-69.44510633796476,-6.0714706978538455,-21.673597869252358,-60.75716391104037,122.7626953125,1.1760904073894989,failed,1.3831968051288972,1.1753077075944762,1.9854250318993312,1.8442819603995964,True,matrix_tension,7,top
19.523132018598293,-28.453737923832215,29.697912329443092,-15.642341383855994,-11.650286480263155,25.12270819453347,50.568359375,1.0982448806370633,failed,1.206149785735667,1.090487942878369,1.244262763283512,1.1982804019382582,True,matrix_tension,2,bottom
1.4346940052896855,10.076050715115231,-8.459372339131724,-7.261720334400773,-9.139637369444696,1.9688695466662154,36.47802734375,0.48676849649570975,safe,0.23694393759215554,0.4819784749131895,0.23695174008540076,0.42293655951485504,False,matrix_tension,1,bottom
-18.007235813854443,-22.491461006815044,-0.8609481829010847,-8.267612299719532,-12.174599991442012,27.47229222361203,35.53564453125,1.1946303060641146,failed,1.4271536085750647,1.1532598611522729,1.4272510451072762,1.3402775862190264,True,matrix_tension,1,bottom
-2.222087854723283,1.019994713602406,-0.23117126559420875,-7.074074965638047,5.951955389695313,-0.5631916726489562,27.08642578125,0.35376091143931865,safe,0.1251482909893809,0.35260534321387416,0.13026042428647405,0.3178541874708028,False,matrix_tension,8,top
-7.405685830924519,-38.94361565657333,55.527621646091255,13.990163146185235,16.489995447107244,61.01685115142767,72.2880859375,1.3010490053248849,failed,1.692749066120959,1.3005813921726241,2.26137653955472,1.9804789787459043,True,matrix_tension,2,bottom
-38.0706476880369,-18.62871577889505,-26.881857216805166,19.48170933682838,4.5696736193359655,-37.23478279917356,51.8046875,1.2666661923834592,failed,1.6044711001302439,1.2642756665643713,1.736117441323266,1.5224362619336351,True,matrix_tension,7,top
-0.6014488271911044,-18.730015605637647,5.983515601429078,4.276527408130001,21.58783293129809,9.593417738688919,32.976318359375,0.9412097221709822,safe,0.8858837507022325,0.9388290170689455,0.891217134820672,0.9465166919552516,False,matrix_tension,8,top
-7.484302244380507,-5.153911441865216,1.78393348679957,-11.557136887528515,-0.19899100912267983,-5.463372811707117,98.7177734375,0.15991607955338125,safe,0.0255733121785146,0.13827665650146437,0.03046802993326947,0.13594728345767726,False,matrix_tension,8,top
12.559954925582169,0.5721924238634619,41.45812613545969,0.19937729195123266,-22.755831156026655,-7.309107447247147,46.63330078125,1.0610175486604247,failed,1.125767788789093,1.0606370366085804,1.136927371306125,1.104665212807229,True,matrix_tension,1,bottom
24.6506685414644,103.19116325651054,-25.987397627277154,-11.191510581045556,-24.06175573293408,8.864528873815722,81.13427734375,1.3897618698752603,failed,1.9314590600054091,1.3699395841378963,1.9316372304230045,1.5471975535639273,True,matrix_tension,1,bottom
85.82892840582937,-48.74659513607295,77.91608433290442,42.545881497417334,-0.9504653416597276,-24.8826562747621,164.4453125,0.8213683840752299,safe,0.6746534172580919,0.8171550577813809,0.7361062096614364,0.8867621244615913,False,matrix_tension,7,top
8.594239052127735,-21.640966933365174,51.50836750120547,25.5815667961987,-19.567814095308808,14.786416052411836,46.576416015625,1.4324363467110612,failed,2.051881382229642,1.4016405142037127,2.1092830380868635,1.7126098031508115,True,matrix_tension,1,bottom
46.7896071878679,24.025726764697215,13.311704594223338,-2.58704747320872,26.602245169312006,14.156509013594945,53.736328125,1.1559534076562463,failed,1.3362350749656602,1.1494938104426429,1.3568628485297427,1.2481349440079228,True,matrix_tension,8,top
5.791338129744956,-3.5916036840009316,1.4621769406286713,-1.0949695282350242,6.016257112352765,-3.089194211963781,25.601318359375,0.38174429968428014,safe,0.14573094954290888,0.3751531782001811,0.14666109408778297,0.33038937089497766,False,matrix_tension,8,top
8.381177293349593,-35.57658231322338,-12.398965955357358,-55.76911480381992,6.229464321208491,-12.960872909401873,83.6728515625,0.8285848061314367,safe,0.686557963202018,0.8028040350887282,0.8306940873243306,0.9974414044966237,False,matrix_tension,8,top
-23.684190721003873,14.434078259410525,-12.697105508324379,29.007327488540724,13.575703369782985,-18.257553249355343,48.7109375,0.982312820614547,boundary,0.964939675816311,0.978252301837512,0.9755511878296028,1.008332293179437,False,matrix_tension,7,top
-12.766480126142051,-8.239664428387375,61.90307134423729,-36.42880447646572,4.442062777731796,46.44913325107686,65.04541015625,1.3373660383487436,failed,1.7885593132861486,1.3366668057905822,2.040757307678275,1.7380665945090674,True,matrix_tension,2,bottom
-10.813692684069155,-65.08353513093923,-39.53505105558399,11.91612586478589,-5.160904352059616,2.804506432818161,207.0,0.3770690623624319,safe,0.14218324750347341,0.3724413861376302,0.15174167146072692,0.348382710776308,False,matrix_tension,1,bottom
-1.770935447782469,1.4149991821117514,-5.279956806603707,10.733552035369343,6.812797507469626,2.1754879160854643,52.1865234375,0.2705666316009798,safe,0.07320730558589526,0.27053584449939505,0.07403544078865354,0.21430782389740013,False,matrix_tension,8,top
-0.038385651878976884,1.820032583277539,-4.543685528679085,1.4940077327335068,-5.497714851544144,3.430821692762664,22.716552734375,0.36350206712684285,safe,0.1321346798570038,0.35591335555792397,0.1330723510060076,0.31296499045704446,False,matrix_tension,1,bottom
-12.253046551204251,-6.393663638811477,3.7345779993048054,0.1401922884771414,-17.81615846869675,8.219169099276382,22.11474609375,1.0983146323589386,failed,1.2062979116346553,1.0807115551818673,1.2112766351864115,1.155616576596607,True,matrix_tension,1,bottom
15.12477724347042,-10.299597081334383,-10.465476999200034,5.447483319305856,27.074384046860533,24.680894767818366,43.010498046875,0.9908516670135854,boundary,0.9817885539646636,0.949917599814483,0.9921592759724926,1.04487961974234,False,matrix_tension,8,top
36.16913919642338,-57.44040285981519,29.435656733264974,-33.54496686400972,14.553497246840063,-10.394591770249237,74.66748046875,1.1140273403504666,failed,1.2410622044224455,1.0950473146011583,1.3157338076269396,1.2734534283927088,True,matrix_tension,8,top
-74.18854574175943,4.318771625088623,15.502741423411791,10.765522221625524,-2.476611517634951,39.64477309381783,71.56982421875,1.2065417977744808,failed,1.4557569004292263,1.1958272383290482,1.6299483241910395,1.4942921505998599,True,matrix_tension,2,bottom
9.264765181106963,13.022769060925942,31.078379047175723,10.788789026138478,-26.720107921056393,-72.55161559605594,59.6220703125,1.4345370906189883,failed,2.057905106152044,1.429711674024256,2.9058971181370157,2.4194248735214647,True,matrix_tension,7,top
-14.451564224095863,32.79071367152169,6.087162609744594,52.718105182596204,-12.082660802080458,19.138589379129456,54.33447265625,1.2499647731872046,failed,1.5624340683448872,1.2069817463910144,1.7071674851981817,1.558780187528648,True,matrix_tension,1,bottom
-68.45894902233776,-18.38829409305414,34.03682820469554,62.011095099223695,9.630073938194208,-11.741346211279687,130.771484375,0.7745410869828653,safe,0.599918972824793,0.7710932650263566,0.6011774471749701,0.7405960869529387,False,matrix_tension,7,top
20.84141383069838,23.913026944566564,-9.900509873076631,9.092463832901693,32.49671152137743,52.039205280119056,70.31689453125,1.0006611139759853,boundary,1.0013244567407296,0.7659086483332919,1.0167487330139486,1.1892455643208062,True,matrix_tension,8,top
-0.5099037995856843,5.255990700608397,-1.0907411905196562,1.7882218439576183,-9.975281937088072,12.230647058960209,21.4053955078125,0.7836353078609383,safe,0.614087687687725,0.749615108581373,0.6160366568381467,0.7656991366352779,False,matrix_tension,1,bottom
1.299078717155662,26.50232873893583,-5.626397406263962,-8.865437650646708,-7.332007641840385,22.081832142753044,42.180419921875,0.8729061182942299,safe,0.7619650939326166,0.8670204092827261,0.7983503226558328,0.9161349506961046,False,matrix_tension,2,bottom
90.23981371147605,19.52231855186906,-36.54094693884567,-1.3849399698856173,2.2286503274219425,27.95536931377488,135.37109375,0.762267738042069,safe,0.5810539222220966,0.7609779247438044,0.6780571072478412,0.8594589959883572,False,matrix_tension,2,bottom
-2.326456133532966,3.3922880835077547,-3.0094284376027565,-4.453624397073219,-7.585104691540243,-6.7456121831981095,45.664794921875,0.26717190234505184,safe,0.07138109016610601,0.25636968823333245,0.07145776311713394,0.21762825704898825,False,matrix_tension,1,bottom
28.710053453984152,-109.93255103680997,-288.1363432581073,-95.680931917157,-43.248837619292054,-55.493167754657186,307.33203125,1.0793470514547914,failed,1.1649997791677469,1.0140932698301237,1.2519048058672329,1.288955433095451,True,matrix_tension,1,bottom
30.696932967681477,-0.6614735721075685,-1.4741636276456707,-29.109921350218304,-2.048358558511179,-26.660777584365416,75.86865234375,0.6599942517948076,safe,0.4355936015244436,0.6447621666692129,0.5340138268827195,0.7526859835103928,False,matrix_tension,7,top
-8.858247193605235,9.301487858102062,4.002696036620363,-4.201707696557826,1.3643608560622542,-0.7860455844736041,134.87890625,0.10514939956071398,safe,0.011056486195054983,0.1039494523214583,0.012124748761694509,0.09005918562633616,False,matrix_tension,8,top
-19.92579957406864,-30.319172018188716,-52.06815543816378,-11.506285021310642,18.19183556476638,-22.288858367862428,48.294189453125,1.4623359152617414,failed,2.138442022255689,1.4027426783913048,2.1567393043350798,1.746598739779021,True,matrix_tension,8,top
10.124004604495113,6.172550732616564,14.381645465418929,-6.108585169439463,-19.87603938155664,-3.4627565522351187,29.5673828125,0.9516825939252824,boundary,0.9057005414751658,0.9514003396002031,0.9079934974028093,0.9501717953484692,False,matrix_tension,1,bottom
10.700975067002508,51.311907033754444,14.84136141200911,31.034473041885526,-36.498138377999126,-42.55152813803169,60.458984375,1.391100794310006,failed,1.9351711150272084,1.2820633692589503,2.0914768254464513,1.8575430552385126,True,matrix_tension,1,bottom
-9.114831155554898,-9.08799850859849,-9.49353433705309,-10.368644384251379,-18.766251451324234,-21.943899598809004,57.1396484375,0.6054972711299602,safe,0.366632525229415,0.542698067415897,0.36760232220594846,0.561346986523083,False,matrix_tension,1,bottom
7.937221170367662,2.101065535406932,1.9020615505605656,-5.32742768680462,-0.8676523031284126,2.5880156901924942,91.05615234375,0.11352885758375429,safe,0.012888894720867423,0.11351405575051574,0.013283540922967806,0.09398054869559032,False,matrix_tension,2,bottom
15.021380886639015,0.11121101622130955,11.03641563675541,-6.818732701810175,-25.23119290538611,3.735551611978819,23.6455078125,1.3668145229036457,failed,1.8681843890925922,1.3578440906803089,1.8717332241592064,1.5102103765253792,True,matrix_tension,1,bottom
13.011149142354348,-10.74291875465425,-24.862689318168606,17.00342395977228,13.142459107153973,-17.286054703699826,41.62109375,0.9799370343354299,boundary,0.9602837934813169,0.9238815122670062,0.962707470994282,0.9991216967100749,False,matrix_tension,8,top
-9.756463841452813,27.36089759853567,14.522619961512424,-5.985886726708494,4.804982292530215,2.5881138468917495,143.896484375,0.23260709565338325,safe,0.05410656139924889,0.23129684545598708,0.057952804880480456,0.2058915536954765,False,matrix_tension,8,top
-1.3029652813389145,-9.138314391400577,6.332103907952309,28.94344448706451,-8.239485494417647,-27.10283510165173,63.90234375,0.6575281426777985,safe,0.4323443831957497,0.6488270727044025,0.5349244878788303,0.7531181519711628,False,matrix_tension,7,top
-8.438267454474275,-15.776044145068953,121.21493396223995,-121.15364413270426,-20.997000060973154,-0.19946358311589743,191.3564453125,0.9071368550556108,safe,0.8228975764678144,0.889126847607745,0.8429713329566509,0.8800777264395514,False,matrix_tension,2,bottom
168.0815794525889,-9.86977671621445,-55.94201383521849,-23.138891916511657,-21.656981190025967,-16.197894835250136,238.44140625,0.7589126218799116,safe,0.575955047580352,0.7412647593894122,0.5769309940389391,0.710771568138318,False,matrix_tension,1,bottom
4.779313885141939,-7.80630008508744,-6.666718175006842,-11.094772490986886,5.497502388688194,1.5883622246452593,54.7470703125,0.3078560893890351,safe,0.09477597628497186,0.307744856851956,0.10427097134802295,0.2855040071752856,False,matrix_tension,8,top
15.91236320136346,-5.4277525837872735,1.4995124289741177,7.6166241809039255,-8.798676076523002,-4.870344133239118,51.529296875,0.40894764677051665,safe,0.16723826860645985,0.40636484882555274,0.17566318670516592,0.37670641289215223,False,matrix_tension,1,bottom
2.766797260976303,14.75958298746601,11.077977598768957,3.381353359877113,-9.088938111146996,9.737238328377801,33.548828125,0.6907826296384304,safe,0.47718737158880803,0.6654436985433498,0.48001198797522704,0.6582874833351046,False,matrix_tension,1,bottom
6.376230843405995,-84.48994316572389,-10.85543921234574,20.848057998524688,-7.556394094553151,22.794605532652643,93.767578125,0.972087883484954,boundary,0.9449646934441851,0.8958767837491965,0.9674734272620772,1.0627670846667943,False,matrix_tension,1,bottom
-1.7467076809688187,0.7717220584991624,-8.517351655563095,30.004993760012066,-20.785994468842237,7.6563186490556685,27.967529296875,1.3695751232244133,failed,1.8757677112546915,1.3567749316628042,1.953942014911841,1.6208753138159107,True,matrix_tension,1,bottom
-23.183674945279677,0.20935163758588607,34.82217263853775,10.18142207127108,-30.330281562731706,-54.67088252850882,76.7763671875,0.9887392929764354,boundary,0.9776083330786309,0.8081833287230885,1.2539249768820018,1.3992048426367827,False,matrix_tension,1,bottom
13.394466764947627,-10.33654488385759,4.110268586425857,9.931113895185995,-5.2516564855172545,-5.000752814816939,90.01416015625,0.23680531004428296,safe,0.05607723137391958,0.22848679977921835,0.06445429676344386,0.21709930873227634,False,matrix_tension,1,bottom
5.861048725649259,-0.1548110571070316,10.519419227308555,-4.9890227748946,-14.347021158167626,21.351859234999097,24.4599609375,1.179011411455684,failed,1.3900774578592665,1.112570463175645,1.3899977690282348,1.2938564474313912,True,matrix_tension,1,bottom
-7.501316453231477,7.658378862686002,-44.08039476322053,-1.9873947985708007,-4.532735976990681,19.92870683054876,69.576171875,0.7157060806163811,safe,0.5122422406274308,0.7100571059054903,0.5473389326197677,0.7347301074062799,False,matrix_tension,2,bottom
-2.3396706602944155,9.223173752374258,-21.891100511127974,-7.481825718490028,-10.679718364154068,23.346520087293307,34.798583984375,1.0300671819959422,boundary,1.0610463279674436,0.990421219176023,1.0611460366134229,1.09255465484456,True,matrix_tension,1,bottom
-7.396268061565262,-5.146964542186766,-2.7922781900870475,14.599268317189386,-21.490494042123625,-14.96109215761554,33.666748046875,0.9335442338711999,safe,0.8715056991429698,0.9199885575012298,0.9117768238948024,0.998700464286739,False,matrix_tension,1,bottom
-2.7254331886809418,-5.421587623039279,-2.465340694693149,-6.765610356956843,-3.418506750195699,4.031130349831015,45.91015625,0.2352109916033769,safe,0.05532471233157298,0.22830703402395072,0.05591377678405791,0.19079573077515596,False,matrix_tension,1,bottom
-20.084576756139583,-30.766130837861684,-22.816071896458368,-0.8654463934018936,17.388647833694733,18.073449554947608,79.6162109375,0.628048201481614,safe,0.3944467710216009,0.5892113712087845,0.4036360376443285,0.6050303784211368,False,matrix_tension,8,top
0.24583940600873136,-3.217889858053222,-2.0146928556853156,20.39958171246262,-17.64448263939452,-2.3500286307851534,28.161376953125,0.9708279994435804,boundary,0.9425094281844494,0.9705778471371804,0.9872397606392157,1.0407939819085892,False,matrix_tension,1,bottom
-8.927402544545247,-7.336634592976209,-3.0965517757388836,-22.132518824072896,8.255346866197002,9.239982247456492,73.2451171875,0.3828845663042103,safe,0.14660200188634406,0.36297899644478804,0.18174847486465273,0.3911747487825392,False,matrix_tension,8,top
2.420492538748797,-25.165512522943338,-9.305749357783464,60.2520564511756,2.677468849336923,-33.225903850655705,61.1123046875,1.2099119416601993,failed,1.4639022035583105,1.2071100270224027,1.558341906064487,1.4065096801477752,True,matrix_tension,7,top
-44.947266973490656,-39.02855207585886,-16.65581523842775,35.12412890958654,21.68239607057725,19.60551033699796,115.8583984375,0.6634885454765258,safe,0.4402217708352718,0.6288914869470819,0.44813800005027016,0.5991857582154814,False,matrix_tension,8,top
13.56267784629303,-31.329657602717987,-13.880069813997165,22.007284565998148,-17.390706864853158,11.27191508956923,38.7119140625,1.2312777029970159,failed,1.5160457407422718,1.2088938251026433,1.5600179570611097,1.397849924732266,True,matrix_tension,1,bottom
46.32894672991776,21.974217935710325,-57.638935677243666,-43.29620173033962,-32.746867727592914,-33.58121905621087,100.263671875,0.9986709934143495,boundary,0.9973441867519088,0.9214035178685651,1.0043512435465527,1.034051013029616,False,matrix_tension,1,bottom
92.795660166158,22.78382586963592,-32.949728158694356,-153.94307862359014,5.218788452933318,1.9052273439831855,182.251953125,1.010919868371595,boundary,1.0219640866871667,1.0109223939982568,1.8897447323969567,1.9176782946199757,True,fiber_compression,8,top
35.83462918639903,22.67648332614652,-27.78959631205145,-14.817852482699205,-2.7395863143759787,-22.39763349548999,105.1865234375,0.5460758777834054,safe,0.29820317293924126,0.5405887991639468,0.36782042473926635,0.5979095209782626,False,matrix_tension,7,top
-16.6098739065181,18.265948984435482,1.5614716303088574,-26.38927508014652,-0.7836003826789708,4.291804032265677,159.703125,0.22813254133467953,safe,0.05204478964646014,0.21835756680672438,0.052754753550031105,0.18779828980413957,False,matrix_tension,2,bottom
16.800826944487348,3.797553824234145,-26.685570383301123,-28.71708313734187,22.77939655012743,24.269349538935565,58.1162109375,0.9332079314845553,safe,0.870883967537925,0.8820838307885321,0.9643497063914862,1.0848561077823873,False,matrix_tension,8,top
34.870469747141414,22.56126511713089,-30.07530142458342,57.14099100719884,17.699137372351707,-12.73353577914535,79.41796875,1.0049633810693246,boundary,1.0099626271871778,1.0046344465379444,1.0098319111190488,1.0040700039445047,True,matrix_tension,7,top
-88.12699695745387,36.89881774239858,-50.2886660607702,19.544838345391618,-27.508802232299583,-13.944705667924678,88.984375,1.2808295027300853,failed,1.6405245114462461,1.2750376933933423,1.7072882566137109,1.4746838874070098,True,matrix_tension,1,bottom
67.40361216937937,49.41199989691977,12.646036131324347,-0.9023728820623517,30.11687607730081,40.31169193498136,98.318359375,1.0005733687184355,boundary,1.0011622096654031,0.8563971864597372,1.0298599129674337,1.1507386960413408,True,matrix_tension,8,top
-8.746948008920464,5.391844668958052,9.913871529069551,0.3844646614988976,-10.201854674441492,2.923191983872538,29.94921875,0.5941486114175367,safe,0.3530164535117591,0.5881676658485848,0.3549531228621691,0.546618957259964,False,matrix_tension,1,bottom
40.99012804542102,16.652728014116683,-31.931687065158204,-42.49668275603328,8.232094442551658,-26.786910105676604,63.20068359375,1.180711650493004,failed,1.3940895827630901,1.0980093285833705,1.47867010965879,1.4350390809494835,True,matrix_tension,8,top
3.2564741831737862,-1.7078973508681214,-13.554635591805697,9.484491665708852,-26.263434851719534,-4.280353883088283,23.55126953125,1.3395580053691245,failed,1.7944253348828485,1.339255628544572,1.826520537063672,1.5065071945762722,True,matrix_tension,1,bottom
12.329737339198475,24.735016580992525,-15.638885972966294,12.87679889688188,4.298653131159085,-37.57213085978007,40.737060546875,1.2527429124802467,failed,1.5693657207996572,1.2489554894122563,1.707461720748319,1.5118675221152653,True,matrix_tension,7,top
7.870665797465954,7.316482365379771,5.171535402974762,-9.279319813485628,15.521028566754282,-29.27583018841445,24.75390625,1.4712213841506705,failed,2.1644952722956896,1.3788070248708968,2.1751029928700127,1.7927920187684896,True,matrix_tension,8,top
-15.997052749150667,10.126564021505931,25.448890382511873,-8.107333844535434,18.43885209172998,1.174821300160318,38.3330078125,0.980683383987284,boundary,0.9617513239662231,0.979507890745136,0.9796469082142284,1.016364479681273,False,matrix_tension,8,top
-7.67253321189553,-17.847740011944257,10.977310123533183,6.01140395445916,-40.75087679825154,-42.31046749911722,42.381591796875,1.4894609955555003,failed,2.218498775962895,1.3992461537216967,2.2812882202257305,1.8888746368030704,True,matrix_tension,1,bottom
1.0123140694665436,2.617352008033671,-4.259695797106597,-4.730875240855937,5.6119860549674945,1.1783164115103868,30.740966796875,0.29328230377942127,safe,0.0860153215056888,0.293282110308085,0.08916948550792098,0.2579987671728544,False,matrix_tension,8,top
-10.816673216456559,-25.229234548644488,18.72025098115354,-16.460013764673064,23.172922615713993,-8.489665581214817,30.651611328125,1.453156583089148,failed,2.1116859416958356,1.4373103746983462,2.1520175247640903,1.7013813527694155,True,matrix_tension,8,top
-3.200974840427925,-0.14731425561902126,-0.2075124398915202,1.0060262953405383,-2.300926399807204,1.4172517619497074,28.1435546875,0.15334878624101245,safe,0.0235158985917084,0.15028799744849447,0.02375139824746805,0.12385704909260929,False,matrix_tension,1,bottom
-1.9445275175611456,37.395653211445286,-54.264033448209986,26.299401058147236,-28.442869383836317,-60.90881060170536,88.3486328125,1.1065439880768737,failed,1.2244421131550076,1.0855829379764912,1.8597439598419605,1.8030918148929536,True,matrix_tension,7,top
-16.721586612752322,7.628960540448422,-36.681584297299395,-43.149921114513276,27.84000653828925,18.334328110155393,51.2470703125,1.3315572556171689,failed,1.773064218054609,1.3167391448460004,1.9469554782602334,1.6707274530666838,True,matrix_tension,8,top
23.400437047541548,9.621784710993902,3.402119874038199,25.13674023214023,-16.771822327961964,0.7156294975265561,39.453369140625,1.0028314395568256,boundary,1.0056830299000896,1.0007318964945888,1.061401247968907,1.095102771375449,True,matrix_tension,1,bottom
-3.227026002015736,0.6032436466497012,0.28484431583549513,-8.67946492434036,6.6377107910251665,-8.083057732973632,25.385986328125,0.5509038547681376,safe,0.30349563829084186,0.5305820267705975,0.309700346031094,0.5135962481526442,False,matrix_tension,8,top
6.9838135022498395,-41.32721979670254,17.374714397847427,-13.202811039624873,23.791985975916763,-9.325274970951215,36.093017578125,1.4883993747758923,failed,2.215338020950463,1.4704090002084518,2.24825950710635,1.7472379921583439,True,matrix_tension,8,top
-6.197156805244277,27.682254914943712,0.8724672982141319,9.282585484264114,1.5632333905298068,18.945350150697287,72.1962890625,0.4903004811152293,safe,0.2403958946537481,0.4863045333616061,0.28752829904884614,0.5139799467453596,False,matrix_tension,2,bottom
-7.303710813676429,1.1404367478280713,-2.5256133507493077,8.1237640459197,14.922859900721669,-11.161144313657177,22.34765625,0.9745100282335032,boundary,0.9496755926681698,0.9459686527423311,0.9495488113794706,0.9858631382061049,False,matrix_tension,8,top
22.055575483316385,3.309569801178915,5.212006037871616,-14.55844188922867,-0.012709379494910493,5.531868977310551,135.587890625,0.2042724491701865,safe,0.04172756667540708,0.20165032556859605,0.044328010048566166,0.177342386221876,False,matrix_tension,2,bottom
3.428054096304709,-1.4043338061618114,-1.5155823154586834,-1.3015636144940554,2.3817213761427634,1.545636432832014,48.92041015625,0.10378167108753356,safe,0.010770823634140706,0.10259051555548018,0.011173920958555931,0.08545477064162663,False,matrix_tension,8,top
-29.603427980765336,32.26754091253895,-13.773172588637012,-9.428959896611657,22.071403876895882,-6.815673323196436,39.22119140625,1.33211490706711,failed,1.7745398986780985,1.3190046591848177,1.7974884017187511,1.4996194715633948,True,matrix_tension,8,top
14.466778274976322,29.94818397062605,10.649452255012854,14.611541653918367,-3.6351602737974384,-12.874187529737277,124.650390625,0.3221034708705394,safe,0.10375213640738909,0.3181048174787347,0.1262665883255892,0.31950305696263026,False,matrix_tension,7,top
-19.105868450940147,-4.405967132341607,-1.1133050265822848,-6.855436846266683,19.89967330777224,6.444226695938163,30.85009765625,0.9562139184133877,boundary,0.9143589143906946,0.9558025504769441,0.9329293449814529,0.9870180557028315,False,matrix_tension,8,top
0.3477066826421994,-4.001351239149524,0.05096558153461501,0.05576923274331664,-5.840610271649469,-2.304979649887829,28.13916015625,0.2649000378190022,safe,0.07017321009164816,0.2645304812559751,0.07093001986501206,0.22413222449208778,False,matrix_tension,1,bottom
2.7517017932281806,-3.467247688258713,2.7965514531936697,-1.0860015059732002,-17.115718330033765,-2.890983259463748,21.6387939453125,0.8393782075048394,safe,0.7045625331369932,0.8391481916224984,0.7093349848175365,0.8232859334846263,False,matrix_tension,1,bottom
0.8199237440117354,11.53411539834966,-5.534102200318511,0.015636376788542395,-9.487820592343645,11.839482099094742,26.733154296875,0.742998599642212,safe,0.552053151231673,0.7093373941765926,0.5529724200320386,0.7141241979093502,False,matrix_tension,1,bottom
39.78258493282013,19.43093212065363,-25.721599679996988,-19.01379320616961,14.53861027121374,-18.33356002881743,48.69482421875,1.220269206662417,failed,1.4890619729254055,1.1734976657113594,1.5186305349478957,1.3894326609304934,True,matrix_tension,8,top
-20.983255625639682,22.912149104516523,2.506113001234785,-12.831615416105297,-9.903700279175016,-26.78379506273026,91.8251953125,0.48110409372918994,safe,0.23146328810743486,0.48099569868869213,0.3537300960133804,0.5923571048927535,False,matrix_tension,7,top
4.312458955625752,1.4036090129007603,-0.1778529142572543,-0.8346709570572481,-1.8482276832872226,3.9800658844669212,35.640625,0.17867509792758296,safe,0.03192510642002155,0.168382487169755,0.031921128062832996,0.14314636654077278,False,matrix_tension,1,bottom
416.87199193546024,-520.7600402326095,-199.2199605673634,-200.1451516721808,-23.886075956609858,-18.043036114123463,613.078125,1.1825472092054967,failed,1.3984341749173523,1.182554089637067,1.4100861478536442,1.3210958041214262,True,fiber_compression,8,top
-4.2835154596274885,0.9104816932875491,2.4514965759946605,-0.006250957300644131,0.43812476399875677,-4.154603828183278,48.72119140625,0.13402657337937435,safe,0.01796318059335791,0.13318531759127059,0.01973575719188863,0.1165575453610877,False,matrix_tension,7,top
1.8909889664829622,3.2913360651518295,8.153910836309795,5.408395093878544,0.4115295697450379,-6.76366960616198,55.8994140625,0.22348159726113018,safe,0.04994411284642856,0.2234468245946292,0.0544533943128578,0.2002258822925714,False,matrix_tension,7,top
3.802050609817083,-7.206956254781433,-14.098528839063917,-17.902382324046066,-24.878007187045455,-3.5399612579862354,30.048095703125,1.1610402626747445,failed,1.3480286230265621,1.1601569295108287,1.347835754165373,1.201634651529417,True,matrix_tension,1,bottom
-6.207999435836028,-21.05441602280405,5.984996605713669,11.666114527648636,-8.659117572022684,-6.887667884128649,71.66845703125,0.3887311666490836,safe,0.15111274006812928,0.38050764986286734,0.16532615847848314,0.36727472806787403,False,matrix_tension,1,bottom
-11.95006001219233,18.26703609869811,13.498963547012556,9.183911060752251,14.13188902605441,-30.187269363037004,31.900390625,1.34978039345176,failed,1.8219310736358776,1.2878432042029964,1.8219637160582056,1.585122523530663,True,matrix_tension,8,top
49.821252198592965,19.08314195753214,2.4114967566005125,-13.569946893291899,18.09648741417573,-15.366004397870425,45.521484375,1.318036838104608,failed,1.7372281949848674,1.282588919519284,1.7609915785751187,1.5080298108850607,True,matrix_tension,8,top
-15.10460596836529,57.03032875369335,-17.461447922405146,-6.656913356499875,-24.615272160170388,9.366770037191625,46.447265625,1.4480241666470253,failed,2.0967867332537096,1.4276403709856194,2.0995563865032842,1.6419669540700397,True,matrix_tension,1,bottom
18.374618166012603,-15.125476696338197,17.070325643478533,17.79802722450499,22.835645651572708,3.0421591718675285,38.825927734375,1.0635986416881076,failed,1.1312423896333932,1.0626289284479147,1.1311700812829488,1.0740524105969376,True,matrix_tension,8,top
24.585663139243703,7.574278433524894,-20.421521522421617,-2.262860808673891,33.25374494477398,39.856518878898314,53.515625,1.1486025033380856,failed,1.3192955812897451,1.0345872315803408,1.355992045112653,1.3577865520627426,True,matrix_tension,8,top
-43.197689421568825,16.75952204184652,-42.707186311602605,-51.172537214313195,8.22762601461835,17.999301973080975,171.49609375,0.4872012702614279,safe,0.23736717468989066,0.44375504077984484,0.3296793827851637,0.5506796161934362,False,matrix_tension,2,bottom
1.7143270522907563,-3.1754346593654184,-0.33854235296152235,-4.8603446025099375,-6.4607231687198174,2.388520140898459,25.116455078125,0.36535306171577686,safe,0.1334838559438456,0.3597694742294275,0.13347939377748433,0.30598794619891084,False,matrix_tension,1,bottom
6.553863583465225,-3.6621375292944442,3.4906183427778568,-3.909541639376362,-10.915022126040949,0.7291512440709128,25.0341796875,0.5698383874615993,safe,0.32471726425964176,0.5672633310673746,0.32511358963566206,0.514470416156145,False,matrix_tension,1,bottom
50.87544951446036,-39.29882317152636,9.860940584023973,-25.621505910921684,23.3924967544428,7.686170140467653,61.81005859375,1.199039733062795,failed,1.4377100284796003,1.1983195493463927,1.5131826401859976,1.3685240973040562,True,matrix_tension,8,top
-5.8579244163616355,7.0948917724352265,13.549324683028086,3.675093142212803,-6.866648050092737,2.593400721085245,42.896240234375,0.4270754397463512,safe,0.18239443826310567,0.4220869980485949,0.18505570163314783,0.3802242943105997,False,matrix_tension,1,bottom
61.276860227704766,-31.032830134315983,-1.764146272890893,25.970686407994233,16.655049045512072,-32.12517404305381,55.796875,1.4675271981374476,failed,2.1536589536650643,1.4582258159011432,2.209558131318781,1.754540419488798,True,matrix_tension,7,top
19.99232498175264,25.371360677266793,30.267080583386335,2.258699747630419,-5.22142770472061,22.66747637508646,62.14453125,0.8054886516371553,safe,0.648816689899881,0.7969040238354891,0.6950637337048313,0.8517605575881466,False,matrix_tension,2,bottom
-35.35421617285484,16.825857757119703,-6.063458250474154,-0.90400357157983,36.684663362044006,25.96191695219377,40.42529296875,1.4822387087571172,failed,2.1970473982031917,1.4578075958968164,2.231703640755928,1.7497766825933831,True,matrix_tension,8,top
6.2290261246949274,17.076829209927993,-37.52652463436182,-16.09864083889696,-20.660801363237358,0.5333843145692957,48.0546875,1.0247505887763952,boundary,1.0501149335667732,1.0205579843870598,1.050076245164813,1.0274412980943344,True,matrix_tension,1,bottom
-39.477725318849174,25.528184019488524,27.091250544575008,18.792604254616474,19.343054389820388,14.725833686363934,91.36181640625,0.6825179560563559,safe,0.4658317803509656,0.6657732421919005,0.4661402833888276,0.6271911419906144,False,matrix_tension,8,top
-10.519437950384221,7.895588135928845,8.854626071756796,3.1252810003341804,11.226623311973233,1.866175409409153,36.561279296875,0.5406235501854235,safe,0.29227414429243914,0.5404326045250386,0.29312709810569226,0.4866270632026531,False,matrix_tension,8,top
-7.87875284540908,-0.31385652469346564,-2.608693939437018,-4.6316153977038415,5.598071967981791,1.9683082186543437,40.297607421875,0.27815698107776,safe,0.07737191532795584,0.27792360843659275,0.08052075928526539,0.24440821967211163,False,matrix_tension,8,top
4.97408235521074,16.650881906970675,-13.88865171926787,-0.08109111330787197,14.578925315702994,-32.51457798381558,28.75927734375,1.460662146463786,failed,2.133555020642763,1.3474380673205022,2.1345881809243274,1.782081115596196,True,matrix_tension,8,top
-1.6171803678995214,-6.061605884893843,1.6630355394126466,23.244829130125343,-3.914231654624867,3.524993039076911,65.888671875,0.37490636926668686,safe,0.14055490004730695,0.36989864256777255,0.16794978058369694,0.3755030119409105,False,matrix_tension,1,bottom
67.90248907334684,0.1991790980947798,66.67594238167347,28.07142540374801,11.491544339814904,-2.455803823152437,188.2294921875,0.5308029212849172,safe,0.2817544045082212,0.5226977091035363,0.29208602663356914,0.45242450715096827,False,matrix_tension,8,top
14.393279096100017,-0.21030152764798568,-5.078489114544972,-4.022440423048502,15.918883914686079,19.651045388436653,53.56005859375,0.5566090811779784,safe,0.3098180640679759,0.4978564863769066,0.3222117108163129,0.532909269828239,False,matrix_tension,8,top
12.978029636218272,52.25752019773049,39.20481478898695,-42.82639544654091,-9.034151003421329,-31.83634254053783,146.7900390625,0.5846640828940974,safe,0.3418359871724687,0.57040123619904,0.5147016372470622,0.7515673793007027,False,matrix_tension,7,top
-54.52261788734007,-62.04466015961669,-31.755181290880433,11.011471288610087,23.791060348857297,16.76565653177078,102.923828125,0.9113826698418923,safe,0.8306302920526897,0.8957278423706168,0.8325547184512438,0.9100128103663341,False,matrix_tension,8,top
20.59924532230401,-30.891114731913106,20.820906521285867,-5.468238394309034,12.81654998703687,-23.187805986831126,42.59765625,1.1840436791893976,failed,1.4019637500660722,1.111108045492951,1.4070393940396635,1.3238440123967488,True,matrix_tension,8,top
57.289616270332594,-78.57975123824545,1.5243782161881465,-53.79420945805652,25.057017869129794,38.525976345999496,119.6650390625,1.0050641460819403,boundary,1.0101624913259661,0.8547277469927156,1.2504101342918366,1.3916925082694287,True,matrix_tension,8,top
6.9926066364239405,10.263133785531126,-12.392419591162872,4.617951728244812,7.228538288885108,-1.9511649789930616,49.349609375,0.3976956670827033,safe,0.15816469307993195,0.3932041538835362,0.15814128905140554,0.33802934440004573,False,matrix_tension,8,top
-42.43809721582049,-6.309995676951591,-1.419571600167226,25.315423031658334,-22.16995025808895,-24.220271223841937,67.0556640625,0.8900218126760442,safe,0.7921493907932387,0.8361597471427638,0.8711023875242929,1.015214550799202,False,matrix_tension,1,bottom
7.862699750132399,-5.1816966707230545,1.083931715993271,-3.7347695804686936,3.5019812040072686,-3.2260788106884646,42.43896484375,0.2649864384964611,safe,0.07021808403572061,0.25756284962793957,0.07157798165838523,0.22431020009884078,False,matrix_tension,8,top
-0.8453827457514471,3.585688678124238,5.366384612733346,-0.06398755822805671,-14.754364601259523,8.07436250958177,19.2908935546875,0.9348962051307921,safe,0.8740354165084074,0.916992096002392,0.8771810578618243,0.943699318365992,False,matrix_tension,1,bottom
-70.15059877284071,-158.8164090780174,-3.372634835437445,128.45397157863522,15.95247791804286,-19.79113816417038,158.4599609375,1.3725208536797535,failed,1.8838288173378526,1.357424050626476,1.8860185834059953,1.5229234059287255,True,matrix_tension,7,top
-21.165833177386606,-14.912135926106242,11.71835498440086,-38.15474484144827,26.202122573258137,12.831715257551824,42.502685546875,1.313075945497127,failed,1.7241748905910632,1.307907821715013,1.8632278835308786,1.597218482816633,True,matrix_tension,8,top
-8.563900205985176,-56.507576309326296,-7.445170754075281,-51.834931256166044,25.83971369189673,42.88127559582653,91.98681640625,1.0031656428468885,boundary,1.0063464258245212,0.8089807679339552,1.241028365577051,1.4061616438621087,True,matrix_tension,8,top
33.15988750627708,-10.657093539589024,-17.153405593222868,16.98823844084757,-13.86084637894096,9.654346086710376,45.947021484375,0.9929151789879163,boundary,0.985889518105299,0.9731831217715259,1.012440669580754,1.0579858599640344,False,matrix_tension,1,bottom
9.666549285504729,13.489310435250005,-14.994892143708068,10.20212683963921,-8.104564461504133,0.2510950012071714,54.5673828125,0.4743844934338267,safe,0.22504406610796646,0.4733950360533054,0.23534153413393394,0.4439032602588042,False,matrix_tension,1,bottom
26.164196516472874,62.75125497446726,-23.139949238417977,-32.410522011811864,-23.739683355529188,-8.366691723285472,86.97314453125,0.951039810151014,boundary,0.9044831081023018,0.950605759353357,0.9100991171169516,0.9224648169618984,False,matrix_tension,1,bottom
-11.057569728763962,15.914329895117083,7.155914978411316,-12.197212333244888,11.979221068567668,14.685937469338382,66.8076171875,0.45762379049025836,safe,0.20942115696694932,0.41666518465739727,0.2300021081362158,0.44134736141519054,False,matrix_tension,8,top
-53.91330096290699,-26.4231383835589,-17.987618874523584,1.7968048648467678,-22.90354276234415,-12.439269090219923,68.64892578125,0.989144866358684,boundary,0.9784201802156951,0.9831497796471592,0.9931067129119363,1.025203428629737,False,matrix_tension,1,bottom
19.36129383079326,18.29938140993644,0.56217829960064,-70.08725441761567,-28.1951927436501,-18.524110430580897,96.6318359375,0.8508740047777943,safe,0.7239903978286988,0.836335598246854,0.7819311628241576,0.8313930484182436,False,matrix_tension,1,bottom
33.27657534883436,18.95685480313703,-23.05174051510873,15.836035932879854,14.946651424242516,-18.816125241811726,47.89599609375,1.1099675149939638,failed,1.2320342551487335,1.0509923391659381,1.2334414105667362,1.1782425712726299,True,matrix_tension,8,top
-84.25778232653538,27.202579630147362,12.96547881667605,-13.605847466900896,-2.2381687795586442,-42.972018710869506,85.9736328125,1.1657139167135382,failed,1.358900935244403,1.1583472010547369,1.5902314768447712,1.4933727540835602,True,matrix_tension,7,top
1.353721343003111,2.9046200268651137,-9.390195518927285,-7.273165644716636,-17.973383959124757,4.593024682418547,22.22412109375,1.0015890400444334,boundary,1.0031862969361012,0.9913941267223374,1.0037127973813191,1.0126566435215743,True,matrix_tension,1,bottom
1.5162204902451593,2.461802438163609,-4.920789913635187,-0.2663140605568934,6.826398328050246,7.006365350123467,45.80615234375,0.24731244591152868,safe,0.061164047504386615,0.2326300444644118,0.06253834894964073,0.20575754559110238,False,matrix_tension,8,top
-40.09463875332188,28.666492214300067,-6.3036153707459,22.359999854248883,-25.244720351293264,-6.898464445907583,46.658447265625,1.2955383933064002,failed,1.6784368002556154,1.2953728743943838,1.7465946448281755,1.489760609950407,True,matrix_tension,1,bottom
4.604577881926615,-5.401713020195485,-12.52779687093079,15.153139684461923,23.215388624987852,4.172754160137438,29.340576171875,1.0741719143153516,failed,1.1538604921820326,1.0738087124017743,1.1537117387850535,1.0911321307928867,True,matrix_tension,8,top
35.74633141386657,94.16285359948016,-85.15987902740711,-8.729697205245687,13.756847015263789,60.70406863106769,102.337890625,1.4276866074304893,failed,2.038299545165794,1.4276460876990762,2.5609080891495046,2.1150918752365393,True,matrix_tension,2,bottom
10.248814392686157,18.557421711113967,-1.3626334311298396,6.685844812289047,-7.828383204915359,-13.953964016155053,102.1103515625,0.2685533101999604,safe,0.07212129611188997,0.21514396912877007,0.08634245747607325,0.2498745822145597,False,matrix_tension,1,bottom
18.42235872787301,56.432047526456245,-39.62872807897231,-20.738738066927816,5.933301624279934,-21.20033973138856,90.61279296875,0.8554940105582132,safe,0.7318744280552256,0.7822560359854872,0.7525112520291994,0.906158407197363,False,matrix_tension,8,top
-86.36414736035108,5.723049762322779,14.821840237437348,81.33032863529216,34.20872200529433,40.12614454379912,153.2509765625,0.8534403563138555,safe,0.7283689801910698,0.7818096754831537,0.797609038719113,0.8947307140513805,False,matrix_tension,8,top
-16.933132741023947,6.828829398929072,-7.875866143497032,39.95144800940905,31.73239931821193,14.961830542821358,46.47802734375,1.221338838612583,failed,1.4916733241245432,1.2173210912066943,1.4982446276924237,1.2721828825786485,True,matrix_tension,8,top
-79.84206254058218,-13.685918157746737,6.419661772688612,14.52694745771096,29.72646620511198,58.32964795682591,115.666015625,0.9108814549270214,safe,0.8297091115882159,0.8641111710981444,1.3963023889706943,1.5041306157058962,False,matrix_tension,8,top
161.47371970434713,85.80672837555896,-43.49102048440087,-11.932113272300292,-11.431592979980579,3.5140555523908614,305.33203125,0.6180655540260911,safe,0.38200539986154836,0.6094546852820851,0.3824821525280023,0.5544193083467319,False,matrix_tension,1,bottom
4.706262374978116,16.43348048662993,-41.827285549385465,-12.02628556114108,30.476552576944652,9.978057030625054,38.58837890625,1.4693207917978277,failed,2.1589165853311023,1.4686195526902275,2.206759196245823,1.7123756505882235,True,matrix_tension,8,top
-17.54136453580047,6.654675209269813,18.938162663207436,-19.70572628316444,15.00101400610984,-27.36769943962353,31.527587890625,1.4441300670432216,failed,2.0855422060588786,1.3629562418013539,2.114806460987493,1.7629878501094487,True,matrix_tension,8,top
-68.34633577183146,12.97542946196121,33.470912071120566,10.583254460674796,17.00907049066233,-11.973148275451914,74.0302734375,1.0894303101329417,failed,1.1868726018893159,1.0590310397183664,1.1867095898337396,1.13471149646343,True,matrix_tension,8,top
106.97978803243682,69.06246587462577,-121.53853894658107,-92.62049981647367,-51.722387184820604,-97.39436741639236,160.5478515625,1.4165998197363503,failed,2.006770180605715,1.4164832886956753,3.3626518523014193,3.0051063082063374,True,matrix_tension,3,bottom
-37.278911871116755,20.255505570449287,15.667505341223888,-14.287522319173773,-4.4967083709446225,-50.82069521881454,52.31884765625,1.3314588399478158,failed,1.7728042658136514,1.3250665993360637,2.106992613402796,1.8151701294824243,True,matrix_tension,7,top
9.857059521145032,22.131351074486965,14.266901980537348,-15.441118165054476,16.717515764262124,58.531731885093734,52.767578125,1.3039589881271059,failed,1.700334901409116,1.30219162267165,2.207514651353706,1.9306777331555491,True,matrix_tension,2,bottom
-8.048983490912972,-27.962196524262307,22.606358617326745,-24.004828647378616,16.694807381321265,1.2216024099528444,49.14501953125,0.9574693120033152,boundary,0.9167524151675039,0.9568414773328378,0.9696274806855221,1.0350143427508085,False,matrix_tension,8,top
-4.200745305097112,-13.606191536995846,3.1654759345769037,1.9142473027414673,7.024406346380066,-4.393668280881285,37.644287109375,0.44854293630158093,safe,0.20119263558870779,0.43814827346973695,0.20136514537748623,0.3902183636789188,False,matrix_tension,8,top
-18.693495576947456,-21.226419820232703,-37.03886828884063,32.73895217941513,29.287806886406873,12.832708615911153,56.2255859375,1.1616773451976024,failed,1.3495137310573455,1.159089724385104,1.352476071883631,1.193526250552573,True,matrix_tension,8,top
-3.126533976817283,-2.3914489001187142,12.776214207470398,5.857247928009568,19.566246319996637,2.2109645499946047,25.541259765625,0.9596393487470044,boundary,0.9209142752030255,0.958744174124846,0.9231338897912198,0.9600663010769463,False,matrix_tension,8,top
-34.409203363536,-5.190188653931779,21.32356604233251,11.156171887317798,0.37833447425316796,-18.535448006576626,79.3291015625,0.5822955884497572,safe,0.3390719815147727,0.5821020018227282,0.37529322722199066,0.5924978443418984,False,matrix_tension,7,top
3.5313425232068796,1.367013398625295,-6.534025140394924,7.109772710472808,-25.677581159732952,3.138841162159606,19.3731689453125,1.4386200314343693,failed,2.069642213127249,1.4314590958904783,2.093619083120302,1.645896390892619,True,matrix_tension,1,bottom
-13.483580843320862,-0.4419302973917596,-25.841185156505304,57.89479824930117,26.392450753349586,8.507929838307096,72.29150390625,0.9752451258696591,boundary,0.9511133680209959,0.9751849571457165,0.9881090860920086,0.9597117935909798,False,matrix_tension,8,top
82.45967805048137,3.924701655409156,5.0640205037294415,-44.35555199889376,-14.092656835967519,29.753593140858854,72.49169921875,1.371994798702867,failed,1.8823855235731246,1.3699924232950191,1.9285576218626468,1.572371550503497,True,matrix_tension,2,bottom
0.15591953915645473,6.613731567340317,0.2044860063722357,-1.6217740671779775,-8.967054235366396,2.1820896246267814,22.66650390625,0.5061222707956249,safe,0.2561621775311582,0.5014489481753842,0.2568317554631579,0.45101195470755207,False,matrix_tension,1,bottom
73.20171358068139,49.4038091556797,73.05870132173793,37.64990299622958,42.176576331507256,33.597683456308474,89.1708984375,1.4819162248215947,failed,2.1960847993839265,1.439451708285576,2.196404284132095,1.704136696915934,True,matrix_tension,8,top
-86.3527091416435,-42.340945806323454,-7.4682742562109965,22.328679394592633,18.67823467672785,64.26468603202926,90.89404296875,1.3148311994810817,failed,1.728788327759483,1.313942153825318,2.378428884573579,2.07215843589558,True,matrix_tension,2,bottom
0.9971195652744652,-3.543478951482328,-0.7867711691988131,1.3449145010656371,-14.246579437975702,10.077700604924498,18.724365234375,0.9561129402360091,boundary,0.9141525523790403,0.9325386059668901,0.9179391460710026,0.9753589499495592,False,matrix_tension,1,bottom
21.487012127606704,-3.873287807639024,1.4773738369108818,-5.430542477466926,18.41699992932192,-1.1704073136387985,28.78076171875,1.0123528754370408,boundary,1.0248726196145035,1.0087168437249476,1.037892962444444,1.04945731212046,True,matrix_tension,8,top
23.48958815753843,-2.181725485916909,44.57506035859915,101.90378523233872,12.74198932259462,4.687167037521176,189.1455078125,0.6053982864073911,safe,0.3665084645807294,0.6053994256527911,0.3650900538398471,0.4500188196698672,False,fiber_compression,1,bottom
-33.88886822021391,-15.740825695747613,-86.95326843347809,-66.95609753088938,-29.28525097794935,-3.163632486435215,100.8515625,1.1860544004640274,failed,1.4067369664216913,1.1828760776635225,1.4598842907295422,1.243799287084599,True,matrix_tension,1,bottom
-62.70085823245149,-50.045035267093816,94.5071299559045,77.44885441705277,1.9351662280220925,-30.421492086338418,128.5537109375,1.1615007364978627,failed,1.3490853976411827,1.151481115066594,1.4227748687355024,1.3263480051169434,True,matrix_tension,7,top
15.511447433203772,89.92218625267736,8.12529815579706,-30.688502029109564,16.237038227804934,-18.596811814282475,73.2294921875,1.361733675120096,failed,1.8543285572282628,1.3184473867958673,1.919557771186708,1.633741416523793,True,matrix_tension,8,top
132.76010258785422,-36.924969977041876,-44.80256357130414,-114.200743784129,-17.807168655622576,-66.78993254486765,162.0517578125,1.2157669871670815,failed,1.4780955039897192,1.1615969952726048,2.25234231526412,2.1060323302945907,True,matrix_tension,7,top
15.415515184523086,18.91511543705358,29.19243122277587,25.479321611205854,-13.651448685939704,9.006653365585153,48.401123046875,1.0046052246075434,boundary,1.0092403306626887,0.9878514955575489,1.0567641503199974,1.098328790104131,True,matrix_tension,1,bottom
4.698480824746218,-5.261837444159899,-18.278756667722227,2.0108584579100657,-2.8088436390452496,-25.993897181616614,47.424560546875,0.6902255616905182,safe,0.47641591187574917,0.6895058532981261,0.562456944143341,0.7676888900893952,False,matrix_tension,7,top
112.65240350017984,-17.430033867633334,-24.00262405062061,-49.43090375034956,9.296162335921668,9.014405023642283,229.1484375,0.5551286929000487,safe,0.30816843050362996,0.5409261240786383,0.4444863279629875,0.6824571425440901,False,matrix_tension,8,top
-39.324690799872,18.41113422158069,-15.316748099302274,-0.6887724017113225,-28.354602092503953,-11.573898318567961,43.361572265625,1.2753909282870461,failed,1.6266265352264884,1.2732603135992606,1.6429259610761022,1.3973579946725874,True,matrix_tension,1,bottom
7.099082877289644,21.295436422907617,10.842658230391725,14.238113140913825,21.39945197271869,8.430538552029734,40.533935546875,0.9075292937235144,safe,0.82361253659599,0.9063805032263405,0.8235255172719335,0.8865358258138007,False,matrix_tension,8,top
19.567891559503206,11.82754534611848,-26.527258851029487,-15.345254922600377,-5.012366037012204,14.217528022226663,69.24169921875,0.5935760182328543,safe,0.3523357271781467,0.5924209794589087,0.3657366717000928,0.5701433608694874,False,matrix_tension,2,bottom
31.683598096347463,28.88760421373904,29.04105763105508,-24.980826556615735,11.626523210797718,-14.635165676512887,59.53271484375,1.0155373450046628,boundary,1.031327849142383,0.9808029214450411,1.071868200174801,1.116761723032723,True,matrix_tension,8,top
10.250917109679463,3.565257313126424,15.613964996947544,1.3714205730038156,18.941287047157388,1.3736729744854435,27.97119140625,0.9620481804139117,boundary,0.9255397562466208,0.9607211135524798,0.9309769014218437,0.971341828420792,False,matrix_tension,8,top
33.32600166141316,-15.067877098862787,-19.416742452807394,38.44743781458815,34.756190878873674,33.970836924100794,67.15625,1.1098167229396496,failed,1.2317109215430593,1.0406811136607015,1.2344196352459937,1.1842571866831784,True,matrix_tension,8,top
-0.2880554919030281,3.7659498405122784,7.476690970315914,1.7717434496451807,9.50436801550086,4.317841117246383,32.66455078125,0.413328471386211,safe,0.17084221099859936,0.4121659756931555,0.17192973828829808,0.3620298994453274,False,matrix_tension,8,top
32.95388360583631,38.60122384688533,22.92734377096545,0.4959569617111904,-4.185893469690308,11.128014037867004,123.271484375,0.4619865744491126,safe,0.21343412532170286,0.43664321558593716,0.21355079306948954,0.4103365361705979,False,matrix_tension,1,bottom
5.087125652499822,0.5752453444131524,-3.669760338430347,-1.8146111613966958,1.515689099479563,19.228993840401323,38.67041015625,0.5268128703394365,safe,0.2775325987405048,0.5260718232896524,0.32317437809743055,0.5484761253322368,False,matrix_tension,2,bottom
-49.25976691578678,40.79268614641236,77.79528045673959,92.47105501826475,11.576089311971238,32.693885474381865,241.15625,0.5849105370837421,safe,0.34212341614861597,0.5186902896924392,0.6116712338538735,0.8454985167879342,False,fiber_tension,8,top
19.776079689554777,3.6699651415976042,8.67684828815432,28.465742196980656,-18.52811353768633,-15.274420891689822,51.46484375,0.839521998728567,safe,0.7048086477836765,0.8200223044842326,0.7822635127969548,0.9343549930531099,False,matrix_tension,1,bottom
-8.27632156874276,-8.654993983914817,-6.5774842152668,-0.709790432413783,6.155738143911292,4.063046966551993,60.82275390625,0.2555405934978384,safe,0.0653019081687824,0.2522985116159174,0.06650212288049824,0.21681305034850568,False,matrix_tension,8,top
-2.4648006675894423,-0.8694206133539866,-0.0715648706121542,-5.642039581719591,-4.135898602311898,-3.994353521027382,66.11474609375,0.1281003204633475,safe,0.01640973887769716,0.12003694755721102,0.016543633273526703,0.09274100041808633,False,matrix_tension,1,bottom
2.544883609263786,-7.661602192517063,-6.178602965015049,2.7620901198033576,-11.572311948098028,5.100207932039963,22.8648681640625,0.7198548320166958,safe,0.5181932639798249,0.7093596035553186,0.5222557310898892,0.6898726277724383,False,matrix_tension,1,bottom
-10.679379438682144,12.606160918015522,38.5570116176997,-27.319993805010448,8.357331657661291,-21.73125121383481,54.4560546875,1.0138346811761791,boundary,1.0278668732522096,0.9473371021499117,1.0665515134668835,1.1347489361474383,True,matrix_tension,8,top
2.4376585288001538,-17.123902430818127,14.660646046018174,-27.204027247401637,23.3212629129137,-7.686813438060434,28.905029296875,1.4908982435023836,failed,2.2227949508038294,1.4777016919621404,2.296933094966449,1.793613967089497,True,matrix_tension,8,top
-10.243749584616243,290.177834769801,185.78517210746912,-121.40900886455739,-12.928125069704798,18.411545913781143,296.431640625,1.2352136202741617,failed,1.5257535901489416,1.216567694460848,1.5286032645208676,1.3355283403056752,True,matrix_tension,2,bottom
7.769055770753866,-8.80851194986967,-2.2280026737124894,57.49218888845809,0.16329144587415576,-17.40717116192873,89.5615234375,0.683863517190926,safe,0.4676698991222333,0.6695944695797209,0.4911574936810677,0.6856979048676034,False,matrix_tension,7,top
-9.81905580890926,-5.254973304880946,10.493626936627352,-1.4468407835962187,4.933084115153737,-17.359045781929126,36.750732421875,0.6450113556890523,safe,0.4160415939800992,0.6361919808510483,0.43979560444601595,0.6432421944192201,False,matrix_tension,8,top
-4.327126508930558,1.6264468917865724,-4.45641927874199,-19.08913889693746,8.28905642304545,2.1842133637580368,45.764892578125,0.47828000145680216,safe,0.22875358382819408,0.47817426681063385,0.25504566069833046,0.4737847010568013,False,matrix_tension,8,top
-22.614634043298068,3.4447227570174954,24.823750918796154,3.125837348869889,-21.274611551282558,3.4635550338795076,33.5654296875,1.1968611057566592,failed,1.4324836077893515,1.1894154977729121,1.4444562289616494,1.2897896704447818,True,matrix_tension,1,bottom
1.6602565391017539,-8.170364785391346,1.4919934643401038,-2.745907613937121,-3.8903994831608304,-0.5157361154278453,53.32373046875,0.1824758064533547,safe,0.033297997306594364,0.18231613213306813,0.03329304157453083,0.14580286798858777,False,matrix_tension,1,bottom
5.983158487643088,6.482160336319242,0.39891489525055956,-7.367731251851777,-8.316732829133947,8.712063577780253,28.468994140625,0.584957312482313,safe,0.3421771880619445,0.5595410435235179,0.3423224019645346,0.5234564104588808,False,matrix_tension,1,bottom
-1.1677349277346287,-0.6774204729854318,-12.073873037515648,-1.0370884112394234,4.3372208549368345,-9.44661429014585,36.971923828125,0.43337442341207066,safe,0.1878140631036203,0.4012110562961064,0.18810782506054885,0.37335371926065886,False,matrix_tension,8,top
-1.4160177978196518,1.8799561134458664,-4.844128289116193,0.7625659486837686,3.5621421498687074,3.1673278943179435,55.12255859375,0.13120535944338224,safe,0.017215027048279517,0.1262249178803752,0.017385016472757593,0.10381909122552489,False,matrix_tension,8,top
-9.016868295199187,-4.296053796476363,7.71220291889964,-11.448225555220242,10.741685041487502,30.252202110977056,57.73974609375,0.6294434583283948,safe,0.39620063190738763,0.6258279275362028,0.5389799283854069,0.7655279985992364,False,matrix_tension,2,bottom
-21.156274278834246,12.217362330292085,-0.9399602063230856,13.79479264306585,-8.395431601960352,13.067832867425208,41.666259765625,0.7699861856997647,safe,0.5928830862498422,0.7345383447201161,0.6062750975665577,0.7745217601065352,False,matrix_tension,1,bottom
-10.918188486988283,-32.59280464283757,54.16529931448879,-2.624236406811694,17.54851121572348,-14.617607535658534,55.4892578125,1.2280950644575965,failed,1.5082341278292946,1.1924094828681184,1.514684455885403,1.3521554254134929,True,matrix_tension,8,top
17.84466659514758,-8.43838377152934,-14.10684539069902,2.5192757162280985,8.086589459452114,26.622118249996067,66.86474609375,0.5533798007097053,safe,0.30623161564781054,0.553358190294271,0.4164796838602909,0.6512368034489199,False,matrix_tension,2,bottom
4.720497397965106,-7.567070060038307,-6.322206435881465,-7.113451641481014,-8.742676308970827,5.220485951370726,31.0283203125,0.533286797320793,safe,0.2843953431763595,0.5201938452539363,0.2844373963621816,0.46947545888522924,False,matrix_tension,1,bottom
-37.837134228856904,29.99685979621841,-13.050670853237147,29.94338725338735,-21.149687637533066,-11.855878381371479,61.18798828125,1.0318498903876874,boundary,1.0647278530020439,1.0251968065418986,1.152762941414582,1.1724515318032358,True,matrix_tension,1,bottom
-35.2556711152833,-34.35106128257456,-43.93971408604376,24.886269863461976,22.77682011691574,58.01051099648194,92.8115234375,1.0140072669593079,boundary,1.0282157325257977,1.014009657295129,1.6107759732016738,1.6209662181667157,True,matrix_tension,2,bottom
-48.45535335478194,-12.591321688102148,-19.49906668349047,17.454799071182176,38.22136485439399,37.245928598832556,58.5498046875,1.3273157812211225,failed,1.7617928080173164,1.2551320854621273,1.7684191502547804,1.5368062192368694,True,matrix_tension,8,top
-0.6717190112618932,-4.945837084219015,-10.795489514526757,-8.531662660796455,26.547390137703534,4.683974456418441,22.84228515625,1.34289866684565,failed,1.8033775814182205,1.342689003633391,1.8338219294677407,1.508830478291996,True,matrix_tension,8,top
235.25566968662204,125.51668075344905,-69.35218072201846,-26.316457809512194,-20.60616691075471,14.030053157010112,221.607421875,1.2539787337356687,failed,1.572465861725755,1.21567455793153,1.5771294989757438,1.355739510969438,True,matrix_tension,1,bottom
12.207527240612176,-11.043510769681035,-9.484191572530728,-4.061854852462226,-3.6720868251338463,16.800858065779078,42.90966796875,0.604660900955551,safe,0.36561588451786653,0.6009954418957597,0.39037650785704525,0.6001186298718872,False,matrix_tension,2,bottom
-13.913123030197328,-15.068194366974314,-76.4008209873786,41.14167699271645,25.843380207361307,67.67988430530437,98.126953125,1.1707895480825787,failed,1.370763085435857,1.1698995528294573,2.168669969254636,2.010882844408414,True,matrix_tension,2,bottom
4.499324445213703,23.599188982349244,-38.90121160039474,19.47569797107386,-0.5423029037175227,-28.011042563932193,66.556640625,0.8571623935051915,safe,0.7347372580587042,0.857161884490312,0.8202821893576259,0.9540543823762501,False,matrix_tension,7,top
61.74090008224073,71.42060606841076,15.155799090070053,83.67404109212305,-1.8313168030445763,40.65572389695123,99.5673828125,1.339968087680319,failed,1.795521481787659,1.1924729575440063,2.065702957489429,1.9321561194201085,True,matrix_tension,1,bottom
-41.262892233802326,-125.49408084909965,78.38883329227183,-39.0778655669783,-48.81068191862417,-71.86478104013527,126.232421875,1.4318769733307866,failed,2.0503023926365485,1.1336223076370135,2.050289246518454,1.9732394524265358,True,matrix_tension,1,bottom
52.33285567450615,-41.512457952168795,-8.859233538564053,-25.853205975811466,24.702960557733363,7.1632487556574995,59.9697265625,1.2776239934504368,failed,1.6323350183804388,1.277307739011076,1.7115746013845137,1.4780935925895218,True,matrix_tension,8,top
-3.7070480398366197,12.534257256915952,4.247017412164675,5.20102796205018,-20.708013399638723,-0.5185990445986051,23.0999755859375,1.0994561302417736,failed,1.2088083329884578,1.097346348368379,1.224176024962032,1.1622809685089035,True,matrix_tension,1,bottom
-54.65138772928455,-9.273592811596329,-35.550363499824414,50.6277960378311,7.227666281195911,-22.717410758828386,86.6826171875,0.996948953169986,boundary,0.9939158427907093,0.996422139872247,1.0243972192980066,1.0542214451379217,False,matrix_tension,7,top
-35.098674308779096,1.178960447069323,27.357735463685028,-62.80182697097181,-12.330436084207749,32.663497562159435,57.99365234375,1.4575166921592446,failed,2.1243701665076777,1.4575142093191327,2.1846771715773894,1.7091115254813403,True,matrix_tension,2,bottom
0.9165886420913119,23.81801235151305,-3.1972991202576417,-2.384059781305873,11.878018966460937,-18.42705996032493,32.02490234375,1.0188808574513448,boundary,1.0381187530793887,0.9631599724684681,1.040698053724511,1.0751960792404027,True,matrix_tension,8,top
-5.341794365184262,-11.021160607883763,-3.359414914120149,20.51768832598949,13.401728201245128,-18.105980076356698,33.10302734375,0.9972056335964008,boundary,0.9944209476836737,0.9459861208024531,0.9988416218015419,1.0225514022843942,False,matrix_tension,8,top
-2.0046769951263244,0.35004151066063866,-0.4657694754331037,-0.15192436494346004,-3.932014307277505,3.401780761113587,20.394775390625,0.27481699816404226,safe,0.07552492698912396,0.26623502131047855,0.0756912540988974,0.22629673955754656,False,matrix_tension,1,bottom
-36.84347854099479,-37.08824394247514,71.93009821619931,58.93071220612178,12.372492738138378,45.13113880545579,137.9599609375,0.844366888916476,safe,0.7129631665248896,0.8248434196199483,1.0564008254158537,1.2098580462810655,False,matrix_tension,2,bottom
-23.892612895657876,32.64763831594206,-25.04057662773695,53.632039633530766,-11.405419160540205,0.7406062815540626,85.83642578125,0.8457966535374679,safe,0.7153731867816623,0.84510352575571,0.8739702881298358,1.0199671131832206,False,matrix_tension,1,bottom
-11.419190866450332,-1.150835557632341,34.26115314604942,-25.407938207393,-4.838819231753045,0.3943028684498712,208.287109375,0.21334682440341932,safe,0.04551728730017957,0.21089832511782022,0.04630009675284687,0.1634904155093841,False,matrix_tension,2,bottom
9.845379644159864,-0.8522825296184899,-1.2940810856073353,-0.9311933926196724,-7.168523592053449,-5.644513910730953,48.9794921875,0.27652991400507365,safe,0.0764692032503722,0.26974257613621905,0.07734299034207522,0.23281695363535684,False,matrix_tension,1,bottom
-0.4202582803045724,-6.148504760607924,15.56060071285084,19.67922073655069,15.926581196393869,-10.82284286413609,33.1767578125,0.9711834461458511,boundary,0.9432107674275406,0.9418273793629904,0.9456321773109734,0.9702030700861183,False,matrix_tension,8,top
1.7015887056629702,-1.8884953662330146,5.0689820808780865,7.107949346809527,-4.032401831828649,1.5484657546912302,36.947509765625,0.272458025585114,safe,0.07423368283398567,0.26996999309507136,0.0781491127498067,0.24066662908106484,False,matrix_tension,1,bottom
0.04342420563519315,-3.919780675711818,-3.4596694381595103,-1.9806616080440882,1.6782316126721868,-1.1326900545264111,49.90966796875,0.11914101569595978,safe,0.014194836948457457,0.1168384430143892,0.014566043597279157,0.09705814044332764,False,matrix_tension,8,top
-55.34199999407152,20.690147198322588,54.59044538284672,-3.821667372325259,-9.777999153442046,18.0188383773194,94.5234375,0.8791609661663738,safe,0.7729266505429196,0.8187548469221235,0.7728341447181488,0.8835276616588182,False,matrix_tension,1,bottom
48.97835372582286,-1.937040797649637,-1.8809680330317295,11.741453099243742,25.979578397877113,15.394609272316663,56.46728515625,1.0410885403095598,boundary,1.0838834643667388,1.0318717669200193,1.0860875790351339,1.0677006636941762,True,matrix_tension,8,top
38.27952077474538,9.26414934891021,-17.18460666881511,4.19463296187513,-19.0612075271023,18.34852883615767,36.369384765625,1.3922822544500024,failed,1.9384606673840241,1.3455873307987392,1.9472883343233018,1.6072640623788332,True,matrix_tension,1,bottom
-46.351390392139926,-29.528115817130228,80.30631235031449,5.590458424906638,-30.21731925169965,-61.88405959955366,116.7333984375,1.0223799765598645,boundary,1.0452658390949503,1.0092941551824244,1.7321730267593516,1.7351491934193604,True,matrix_tension,7,top
2.8848411098395266,25.257572637886703,-14.43851352014204,40.46801930504794,-18.487752218288602,-6.132821140349804,51.75048828125,1.0355311667874403,boundary,1.0723281590975484,1.034698721589612,1.194085252193583,1.2091382451216173,True,matrix_tension,1,bottom
3.1437999631947275,-2.6406541448993006,-0.5188361342947901,1.8956828203782554,-2.168717167171353,0.8493596332480307,36.886962890625,0.13861614156194677,safe,0.01921459499357281,0.13705317146499665,0.01965828791666559,0.11394175854294941,False,matrix_tension,1,bottom
20.491276672014397,38.04701782552421,121.7546443004792,134.72068861345852,-4.284619091179281,-36.81037414994165,137.828125,1.3807165149499647,failed,1.9063781117866263,1.3266812740478595,2.023504797313295,1.732858456958856,True,matrix_tension,7,top
-13.25966817036671,-2.4413964173600387,0.9926057361306813,-4.862053686283619,2.7047601485716477,24.788745816266854,43.27099609375,0.6650758295800464,safe,0.44232731063645014,0.6647637426486989,0.5197102190598221,0.730548276683708,False,matrix_tension,2,bottom
13.235985492596495,3.123240660858978,18.763350984617738,2.1468872484826647,-3.238474258137956,-23.25284815727757,55.24072265625,0.5984270343554248,safe,0.3581157978475041,0.598098059968753,0.4289540188409467,0.6526432495014007,False,matrix_tension,7,top
22.36751896351776,-80.32426857591149,74.03440782943558,1.7834715556101621,-14.398343300931325,-49.7574362857926,114.8115234375,1.0709911069163758,failed,1.1470303126702068,1.0707403262268878,1.5224799089010312,1.5022826531803084,True,matrix_tension,7,top
-14.247280260514252,17.181989344693726,5.1273592905493,-3.396773006776127,9.274284045406118,0.12914323126138072,49.9794921875,0.4990283580057936,safe,0.2490296467428524,0.49802053640485616,0.2529310554801087,0.4545482144125405,False,matrix_tension,8,top
19.100776093732982,-5.3473718415342395,14.355264407225734,-1.7424381885302629,7.4459967397943,6.773690147055554,92.5546875,0.2866471645463827,safe,0.08216730271965093,0.27567071480389815,0.08458441150629163,0.24627244002596105,False,matrix_tension,8,top
68.0444516498748,116.80536640051787,-16.364859223911942,2.195497939916925,-33.113115943546525,-21.915478779841195,103.7646484375,1.3670873335185694,failed,1.8689563316390745,1.3494946191760788,1.8998206639745125,1.5661769800250949,True,matrix_tension,1,bottom
-38.79895198434197,66.3411733571892,25.720560746611596,87.32247098090465,-18.550257860856004,5.200592182824075,83.1416015625,1.4515378027043369,failed,2.1069738271054788,1.4467314357681857,2.523164807657794,2.059450603005995,True,matrix_tension,1,bottom
-116.69380797496493,45.05388890483221,21.27698148681213,-3.785742197785942,-25.676785039305077,-58.85375365761975,139.173828125,1.0221621535029968,boundary,1.044818684229846,1.0177396784038815,1.6476490325212232,1.6527901489753734,True,matrix_tension,7,top
13.677140146827195,55.426429058610516,39.691048732885605,-40.21490566002392,-14.340887474689104,11.26057213561994,99.7236328125,0.8259471858784523,safe,0.682198319426057,0.8248312974350663,0.6887967443459664,0.7932362836619452,False,matrix_tension,2,bottom
5.43864575383533,-0.1413861634394944,27.020261463736254,-3.574264711785117,16.48609829875881,-17.884660463871125,29.614013671875,1.247180230838496,failed,1.5554678517142821,1.1997372944175209,1.561736152831533,1.3912327892303558,True,matrix_tension,8,top
33.21235326494976,-29.340557637253124,0.7378837476585246,-42.34030849343288,-5.5537196115231025,25.648598073458782,65.72314453125,1.0145185960665977,boundary,1.0292562445799258,1.0144074028939458,1.0776638261781464,1.0990035284551973,True,matrix_tension,2,bottom
-31.655793857127755,-18.16638686809984,49.26059782646009,2.0432861938830476,-28.083711520105883,-8.81961103190741,51.51416015625,1.3207915036767683,failed,1.744505596809643,1.320389691534351,1.7646957191656627,1.4638187614266494,True,matrix_tension,1,bottom
87.03473382018383,-9.116046179195806,120.96919091557785,-6.100368537091395,-2.3019222010077427,41.00450122461622,120.9599609375,1.281164378311467,failed,1.6413861642333352,1.2766249752233847,1.8203584460832318,1.593269205392445,True,matrix_tension,2,bottom
-0.28348502901999195,8.599713829838368,5.582604037856156,-6.560678936139982,7.188261830698207,-1.5180153515836499,32.695068359375,0.4349392670251321,safe,0.1891724704563808,0.4322390475135673,0.19446187476153468,0.39491578723774967,False,matrix_tension,8,top
-7.795543162249392,59.14687019579539,13.095340350731224,7.906633570047722,34.62571149061656,42.01585511650999,71.51220703125,1.1495015266699289,failed,1.3213712627496255,1.0232747489702751,1.3390430472041113,1.342016715973803,True,matrix_tension,8,top
13.522906896805639,3.7246601848727834,27.530298344783137,-2.0194111305526774,0.7386274609443392,38.24773621575498,44.481689453125,1.10642313258148,failed,1.2241827193878299,1.1032723314852502,1.3947872444944236,1.3516679604418405,True,matrix_tension,2,bottom
-8.415292998593063,27.14803415562722,14.851133455039232,5.855362106137688,-5.9720951266242475,6.154369284958558,72.68896484375,0.4637266624164573,safe,0.21504372272025063,0.4488287675424583,0.2185302349893947,0.4177081808399486,False,matrix_tension,1,bottom
2.9483075830837664,6.064302582411988,-8.576876553377986,20.65024833856683,29.446727730162518,22.15983512019928,40.50341796875,1.0772086082664143,failed,1.160381556696568,1.0528806843394767,1.1603044767388404,1.1169940623454482,True,matrix_tension,8,top
0.8696936674984044,-13.785289735811684,7.5045920093916845,1.6301627074674911,28.932168319698725,16.256497227014222,30.03759765625,1.223715090128681,failed,1.4974902278518871,1.2151581472917254,1.5138337599341354,1.33433953263412,True,matrix_tension,8,top
0.34168768762187707,-2.0946957473585184,-3.6292593469064682,-1.8210273501903118,-0.09958522494750453,-4.394252002657289,52.10693359375,0.12184820583898312,safe,0.014847003123052155,0.12078679660138472,0.01721999607208955,0.10849746038900197,False,matrix_tension,7,top
-5.450260772530968,-16.74151171761816,-8.640250311232016,43.614265536982494,16.752180244429894,-14.175528948211818,53.271484375,0.9876917148455552,boundary,0.9755401810851652,0.9842567194648143,1.003626065536678,1.0035523055495552,False,matrix_tension,8,top
-11.521083332754765,-11.538707772676672,15.160165468500066,-6.297723256680907,-16.422942979417368,-0.6472035709248426,34.52099609375,0.8221474684196565,safe,0.6759278552114238,0.8203544607113826,0.6767563853172036,0.7926249532706394,False,matrix_tension,1,bottom
-0.44295284708604515,9.43579263840094,4.90530569388574,24.24005843971185,13.60078634985847,15.751333024234619,90.3818359375,0.3725782214101414,safe,0.13881583551206095,0.3229031772780244,0.14300828592534293,0.2893615639337333,False,matrix_tension,8,top
1.8791380496583077,11.220887365443327,-6.444355925402603,1.2409223177919217,-7.464083570840111,4.58617140907481,32.30322265625,0.48873758318032745,safe,0.2388678129095662,0.4785050786025367,0.24019455607174267,0.43628235985464053,False,matrix_tension,1,bottom
15.415341263034867,-5.134234522167736,-71.86291495543908,-54.26688263532622,-42.77302737666878,-32.91944966067288,73.33349609375,1.4486888008917087,failed,2.0987051936771968,1.4099627685223526,2.1095499312431767,1.6402728914118603,True,matrix_tension,1,bottom
41.73263359593684,29.49123345650707,41.99211447173659,23.834100249991824,8.214248779647994,43.06742876356029,84.72412109375,0.9779439972719474,boundary,0.9563812069605444,0.9723969274052847,1.2277663031405632,1.2924754960008527,False,matrix_tension,2,bottom
35.881912807107206,-66.22077878608458,-8.199673462312035,-8.632357522265886,32.53983307493876,44.35992925243177,85.08642578125,1.1050778109642807,failed,1.2212048659551318,0.9439800019019783,1.2757690685795027,1.3504564261094019,True,matrix_tension,8,top
-10.399598590743473,-10.131229869771442,-2.079890112502772,-2.8249034770298436,-13.834974388268542,5.7693438309429945,25.56005859375,0.8278964082886926,safe,0.6854195552333283,0.815347259473712,0.6866778037858852,0.8062401950698698,False,matrix_tension,1,bottom
-3.1108797260719223,-0.28408248105699546,-0.21837371446323361,12.114629664969517,-20.341184032821296,-6.8679251810674495,24.975830078125,0.9949457160513994,boundary,0.9899339725424396,0.9943291674353668,1.0198153592078572,1.0510026748295633,False,matrix_tension,1,bottom
-2.309726224581435,-1.1272823238089762,-5.880585134939849,0.576437609729933,5.616486734208029,-2.1125350314686515,26.373046875,0.33386114202738904,safe,0.11146366481907709,0.3293823933395371,0.11180602134540032,0.28284115921459335,False,matrix_tension,8,top
-0.12018726488498989,-28.127285958009647,7.459698376166864,-7.289144362188594,20.389104680582594,9.55268817119616,40.312255859375,0.9304554128135935,safe,0.8657535950368063,0.9274093780476597,0.886417122083169,0.9608559462707132,False,matrix_tension,8,top
-0.41444947417608324,-1.386523395580251,-0.7869591776373523,1.397288909319488,1.6599673210936372,-1.2812610566561007,28.0849609375,0.10719229122593127,safe,0.011490371988298284,0.10377453748881049,0.011493289899135097,0.08110684321470338,False,matrix_tension,8,top
2.0124439475809184,-6.047618501078522,-5.508737590153698,1.6826087377987793,-6.697904855388532,-1.5354270375542078,33.30224609375,0.3303359592033713,safe,0.10912231821744135,0.3303360515616852,0.11082245570545682,0.2869714270913439,False,matrix_tension,1,bottom
-1.2110309073756327,-3.125519642690001,7.217154666526856,2.4371848243529666,-5.52898431045206,0.3223554029753303,32.57861328125,0.30685196583223545,safe,0.09415849343295134,0.30583368483723633,0.09572518436889979,0.2648515575491386,False,matrix_tension,1,bottom
131.8350753189551,203.63267829866007,-102.3744741861471,-87.88453878945397,-39.46382429069759,-24.07139889914308,222.607421875,1.2641235267072561,failed,1.598019986997586,1.2491722345067922,1.680707396251999,1.3863680325817354,True,matrix_tension,1,bottom
13.362726293122005,-4.624081079197951,9.707350273227544,3.37186277680236,10.889054682370027,-20.33573876779554,29.278564453125,0.9885172028916022,boundary,0.9771785981502702,0.9203929456076185,0.9771055524977804,1.0316472614099945,False,matrix_tension,8,top
85.08381450384253,-85.73806726569079,-341.0668428778881,-147.5768524695554,-8.328808294524297,8.7157579577002,408.90625,0.9560846872696009,boundary,0.914100175878041,0.9292612005863837,0.917906827780608,0.9832349817378704,False,matrix_tension,2,bottom
1.1566169514631095,-0.4595139395827612,15.664330226506527,-8.37151250596036,-1.990114696596819,-15.452595258427717,62.5927734375,0.3779820384153739,safe,0.14287214398068607,0.37513257815193507,0.17581064038853456,0.3867031572740703,False,matrix_tension,7,top
35.676974243333376,-64.31174209266032,-10.403616596622628,46.3257233023561,-22.789595966402302,-48.58177387772247,106.3125,0.9658101788943629,boundary,0.9327902566687268,0.9319002211750487,1.3196790986677716,1.407055255226781,False,matrix_tension,7,top
-62.7772524438326,-79.55683123334805,-234.25019877589625,13.612634607455293,-31.77370087814206,-56.39424174834976,252.30859375,1.0450053155675487,boundary,1.0920436536744487,0.8297375628307455,1.3366224976417362,1.4672672774469575,True,matrix_tension,1,bottom
16.25964039632997,12.810161019719192,-5.577828928606994,-13.140881951078098,-24.194025519898045,-13.747129660449797,38.695556640625,0.9692260134126496,boundary,0.9394099843956666,0.961934226169155,0.9401689087068302,0.9713052041018778,False,matrix_tension,1,bottom
5.168081717281351,-51.94365615910214,-89.36495395344352,44.08582049369815,-25.52453070379262,-45.03421983749338,129.8916015625,0.9533402463063374,boundary,0.9088621611716705,0.7486954458292192,1.0975186136759842,1.2997125974476933,False,matrix_tension,1,bottom
9.950199911949179,-2.917043422507412,-1.5600310142249576,7.755394016607499,-13.102186086992896,14.234218074629787,23.058837890625,1.0118402437908263,boundary,1.0238229409209554,0.9753504746462218,1.032930916359357,1.0665687519134834,True,matrix_tension,1,bottom
-3.0422059244339743,-22.431922963034467,-8.261164876467223,-13.054065507583779,25.327759562869904,-3.5123025329076794,25.794677734375,1.4531075235808268,failed,2.1115564425336353,1.4457996913071425,2.1484139415933687,1.6845990187865303,True,matrix_tension,8,top
3.5053424961413895,-8.060364665182131,-11.209770024382967,13.569269457172476,-4.374503683960769,-0.9352836148635086,74.298828125,0.27154571952858847,safe,0.07373726211634431,0.2715263834299962,0.08542927281581768,0.2572675111540011,False,matrix_tension,1,bottom
51.66449474586065,16.901037471336448,-44.249782315210695,-40.33756994603153,-11.627048005057045,-7.817131938446912,275.08203125,0.2983659439083137,safe,0.08902288426946754,0.2916556540551691,0.11327184684923407,0.2288853062823286,False,matrix_tension,1,bottom
-11.772648939497392,16.183174408476606,19.730519006754175,-2.690367651117903,4.75722451553876,-13.35083097927407,57.52099609375,0.54918241032724,safe,0.30160622884921434,0.5109322076593642,0.3023173573192625,0.49666423230672274,False,matrix_tension,8,top
-16.1006866923213,-4.284713624077374,-6.897184640719923,-4.815231412071306,14.06365141899758,-11.62948926977214,26.266357421875,0.9937903582425663,boundary,0.98762750341057,0.9660248925850732,0.9944282713066899,1.0325656874424758,False,matrix_tension,8,top
7.240729262878777,-4.55623392000973,-0.004541540789339181,-2.197171491918264,-1.5406707994876327,3.591867063307037,62.9404296875,0.1534575559715993,safe,0.023549221756545332,0.15245614172506552,0.02436974644459735,0.12860936249169383,False,matrix_tension,2,bottom
-5.223458559113254,2.377261862160325,-10.090372897160787,-12.792987421119198,-14.789580399330164,-5.645573140438903,37.9560546875,0.6173216779311063,safe,0.3810877533426509,0.6167066938439888,0.38113936731734077,0.5554357188959971,False,matrix_tension,1,bottom
-0.5152405517391009,16.851245491387292,12.4705049661301,-6.504562735483529,-15.526819399900807,5.111203800742496,30.847900390625,0.887340822910837,safe,0.7873818674671099,0.876056288674302,0.7876583704322792,0.871795802409498,False,matrix_tension,1,bottom
-10.83669608664304,92.91390615416118,-87.62031396780137,46.583594862179986,-5.099474142217098,-16.796370135393104,271.734375,0.5060041895511618,safe,0.2560413778370545,0.48069139334743494,0.2893353295067979,0.5110989146363425,False,matrix_tension,7,top
22.345397376517283,58.99598365790874,33.31465498917286,-19.62741215670696,-33.17625803186981,-45.22673287546361,91.328125,1.0166604767221197,boundary,1.0336068925987774,0.8384360243537353,1.0363203560680205,1.1474850837621386,True,matrix_tension,1,bottom
50.53079787565064,17.924451953800407,11.261937201688951,-10.475603148855926,22.55347640838694,-0.5281274255273989,48.559326171875,1.2390560263451054,failed,1.5352695462416919,1.235827907506874,1.5626682646908365,1.36546251515396,True,matrix_tension,8,top
-4.743206559996094,-26.301391151886175,19.76148235667227,-2.1080276114932257,16.107294583394417,-14.952556221552662,34.438720703125,1.1586651383469218,failed,1.342514050087796,1.1207512991410624,1.347461281862165,1.2550428782597924,True,matrix_tension,8,top
18.33046610707354,10.474635170547153,-4.5963391804438,-3.5593739901713355,16.383369616659404,-4.193599934770882,28.917724609375,0.9567848782903995,boundary,0.9154375057481794,0.9484306605374055,0.9236263577098675,0.9754570920186514,False,matrix_tension,8,top
-0.619465138954493,22.976743096076508,-18.168984102120756,6.732656864859419,26.909099324507878,0.38654457495138056,29.331787109375,1.375590697753447,failed,1.8922586630080507,1.372084210384791,1.8973504537441932,1.5189994462393717,True,matrix_tension,8,top
16.41972594018813,-11.68325698953258,-1.4382968094898005,-18.72806318077114,23.618927979075444,17.520230962593757,39.43994140625,1.0216926545935796,boundary,1.0438598084037467,1.0034725549252344,1.1009154625416613,1.1327869361828276,True,matrix_tension,8,top
44.148705133105445,-10.518482823696191,-31.768434589185432,-50.651000384916266,-18.567871114536878,-41.81267973124805,149.01171875,0.5899307691406349,safe,0.3480202919270256,0.5840153411018235,0.6849719946958053,0.9178291741147216,False,matrix_tension,7,top
-4.243845378951727,4.021063017187631,-8.177195288849168,0.7367270120816675,21.715510166298586,-3.9395854711481326,20.0069580078125,1.2127064684291855,failed,1.4706675021002809,1.2041340257400321,1.4779436595328734,1.3037483735911082,True,matrix_tension,8,top
94.09172734806415,-29.538198259460383,65.0260691008925,-7.624630038837732,37.855619431193254,41.53441487882235,95.833984375,1.3673230922201842,failed,1.8695809074613143,1.2686478228550493,1.930945520562361,1.7049658573248907,True,matrix_tension,8,top
-27.14155742632944,27.819192856758107,-13.953874315700402,12.500311385278472,-16.52102722838295,1.7871578891567772,48.390625,0.9554543515621164,boundary,0.9128988460199043,0.9516125355448487,0.9359336472498234,0.9952148964420868,False,matrix_tension,1,bottom
2.0654967373632855,-25.24870034099376,-2.5722030768614546,6.2638463407415435,-28.810723216792464,-6.018634276162484,27.619384765625,1.4272402884482436,failed,2.0370223094466966,1.4271902677144417,2.066093144804161,1.6263903617783948,True,matrix_tension,1,bottom
8.992963045353909,2.3188385703314567,9.952395928618202,-16.80580755393706,-21.717226056304675,-3.390375316351434,30.748291015625,1.0028574429962176,boundary,1.0057299659078482,1.0022368775715074,1.005650689324556,0.9979717810448437,True,matrix_tension,1,bottom
21.410577381279584,95.82285202446361,-118.50280664485662,41.6048988508874,1.4980874813355545,36.178627393284046,175.7724609375,0.930061561435104,safe,0.8650221698444277,0.9042481179994813,1.0385897488310596,1.150606442934152,False,matrix_tension,1,bottom
-5.773259899462439,98.95612821422777,-44.0844237512353,41.43166159590335,-3.3280469922842073,-18.280039206383268,206.19140625,0.5703673659659853,safe,0.32532236551884186,0.5576158843425897,0.3619090008417623,0.5820380659526496,False,matrix_tension,7,top
-29.440089537749678,-33.873886534098624,14.072392981864471,13.606082186340455,20.873106674398574,-0.19385421427698762,51.1806640625,1.0399692751696255,boundary,1.0815518654627378,1.0363277638635617,1.081394615874916,1.0497728029404125,True,matrix_tension,8,top
0.4277441500907266,-37.70441858867702,61.72412320678784,83.84900589506213,17.90726042799231,-0.40674846601867265,154.138671875,0.7277518676676134,safe,0.5296244555410407,0.7222518648585188,0.5412319991731844,0.6629644138279961,False,matrix_tension,7,top
2.0688815677998424,-7.840019616586052,13.045915454794262,-15.880204832184141,3.982178459014164,-39.10913123837047,36.90625,1.2218634977632539,failed,1.4929539582225049,1.206913300674405,1.6578398655085815,1.5100775573892642,True,matrix_tension,7,top
3.800740073246258,-0.6597046630462187,-0.44672014728787063,-3.9762685615223727,2.491919769284971,-2.8726592498252237,32.643310546875,0.20630441961898782,safe,0.04256186638405596,0.19942097136183023,0.04374412046709777,0.17218575822607404,False,matrix_tension,8,top
2.0778733197933077,-29.24377962522617,-3.956185435558928,13.630841669740605,-6.4849973320074366,-3.8520706180775677,100.6025390625,0.3323418079664152,safe,0.11045120095902215,0.32980586647753657,0.12486780722901086,0.31612592714412857,False,matrix_tension,1,bottom
-50.37911364240703,-1.7768636089738739,48.597546649772006,-51.38914687148001,-18.307405976638382,-67.54421580186388,82.65869140625,1.3494037749459091,failed,1.8209007686540366,1.3405954720824211,2.552422706168489,2.202548681050696,True,matrix_tension,7,top
-14.411882435951897,1.5640102978007784,-20.40243739389925,-17.518963204345333,-24.75097840699681,-18.0831611178027,47.427001953125,0.9125055713676286,safe,0.8326703465652384,0.894018094136707,0.8325970031483066,0.9034019069672486,False,matrix_tension,1,bottom
80.404226752681,-144.22682463208042,130.98762926662576,-176.95599370649757,6.765167824625917,9.114628312416807,234.974609375,1.1722044167448349,failed,1.3740660574615224,1.1722056378731176,2.3749870561432465,2.315758295289654,True,fiber_compression,8,top
-21.181275542588846,24.47311960884805,76.3854882458672,-58.21814363281646,-30.097357838803582,-8.463077249732937,90.76220703125,1.1685701818242422,failed,1.3655682713953654,1.1685706037489256,1.398472329294461,1.204299921077936,True,matrix_tension,1,bottom
-22.140090408665998,23.832958879645915,-24.14959652304829,-3.3987272228684606,17.75357385687612,-0.5124052546559751,46.3974609375,0.9562301770283712,boundary,0.9143842270912601,0.9533799083085152,0.9240968399665628,0.9738749249949877,False,matrix_tension,8,top
-6.478128992583014,-21.322401397377305,5.780513620490787,-39.47310020450724,22.899864304315184,3.2545536202676226,39.008056640625,1.312976601324876,failed,1.7239241223932702,1.3128229593173046,1.8530452853792203,1.5804910329538526,True,matrix_tension,8,top
-13.393794744790405,-22.205435797655355,-16.75812938694929,-5.890104774267933,-2.7829549055381637,-25.41413746916937,61.9453125,0.6540767900877327,safe,0.4278222233552179,0.6516982358940757,0.5127585143464165,0.7280316589311442,False,matrix_tension,7,top
8.31819110373551,3.149921578924243,27.730437971025054,45.20553228269458,17.553732305120715,31.960118429244496,132.5888671875,0.49001755849021356,safe,0.2401194035637186,0.4888407602004239,0.33393330425787965,0.5588187058456591,False,matrix_tension,6,top
151.0055091428053,77.60266842892455,57.63140406294695,-16.74426764045723,-3.3725828141589678,-27.563118597180605,269.826171875,0.6752581599850953,safe,0.45597608574371123,0.6692089581992475,0.5606604069083193,0.7739266932885208,False,matrix_tension,7,top
-6.745113112812541,-83.12596065670787,60.8166331024511,-7.781672818259106,16.07975787578442,51.45272967061492,106.806640625,1.092696530402251,failed,1.1940029210880017,1.0913118426743893,1.59972965792861,1.5588824166379374,True,matrix_tension,2,bottom
-13.020937144090244,25.139034648370597,11.399502716839372,2.193709878525877,14.943467319650285,-12.254375477617955,35.360595703125,1.0234703488899586,boundary,1.047496026365274,0.9927136725068598,1.0489782670508543,1.0596698689634976,True,matrix_tension,8,top
-3.6184931789689627,1.0862063561424362,1.031394608547928,3.8164973250112104,-3.0678782866716277,3.119577536988473,29.102783203125,0.24064069093584886,safe,0.057908044751382906,0.23330922727621164,0.05917866921708536,0.2023619844917776,False,matrix_tension,1,bottom
-24.42518724081001,-21.74377603629713,8.065526603332513,-22.233075087444227,14.796660023369997,-13.251237069469427,39.5068359375,1.1385596345286342,failed,1.2963309080451397,1.1096977350410966,1.3356844876030198,1.2724070204639701,True,matrix_tension,8,top
0.5896242046170783,-0.4856866751524229,0.05990698834384077,1.2191624681146658,1.8954804147219526,-0.5430228523745408,23.281494140625,0.10487126560615313,safe,0.01099799372919562,0.10362455575799012,0.010996367811876304,0.08118070296014439,False,matrix_tension,8,top
38.38077584748697,-119.11998267616501,-72.62778598896234,-58.64862492474371,-16.94759132253256,-62.06118634720069,139.4931640625,1.2105724526960882,failed,1.4654974197384303,1.1976020780212624,2.094833012776844,1.927056979675599,True,matrix_tension,7,top
-83.40104530259025,-17.62761683099092,-9.273567187381456,-76.79773604935858,-32.03322705670028,-21.17305672478005,124.19140625,0.9770863117295354,boundary,0.9547106835041599,0.9601810486092826,1.0219360441281469,0.994615786615908,False,matrix_tension,1,bottom
-137.8120487301269,307.8448435810404,101.69683946285414,-168.1280501179864,19.68748222803037,25.833359457729944,287.662109375,1.3616490953840572,failed,1.8541100757886189,1.3033280093668778,3.296271012770727,2.894761317854557,True,matrix_tension,8,top
11.479926130528801,0.6261723690492392,22.314883217107575,19.312643247177775,2.946948815019154,-3.9239323176716767,129.4404296875,0.24760331199791852,safe,0.061307452353571865,0.24656849861163394,0.06151112703143176,0.20519195151822867,False,matrix_tension,7,top
15.87740158303262,0.7414721624610254,-3.83296062528696,-4.342952112296733,-11.462103000210238,5.258986735222504,30.70263671875,0.6872537769665924,safe,0.47231901047183467,0.6753696381885077,0.47252011858082393,0.6406614005152548,False,matrix_tension,1,bottom
-6.917669699765154,0.6807877266474026,6.15411270464181,-11.515299441589205,10.798449895190371,-2.275429468255743,27.945068359375,0.6603929822064478,safe,0.43612370730258543,0.6564610232732019,0.4505464780382,0.6431828097111781,False,matrix_tension,8,top
2.410007115485526,0.9090150496855927,3.3102985252602237,1.7227848149663345,5.844327590613291,1.733594165240686,28.427978515625,0.2672543499743324,safe,0.07142488971043566,0.2672181016160483,0.07165690199973215,0.22311541866459508,False,matrix_tension,8,top
-81.37449047652122,117.66697230343057,-25.88229596032348,67.39533365419237,1.2074221958192226,47.81706938842078,128.0439453125,1.3060687997212959,failed,1.7058290468488766,1.1815652245608876,1.8619578543864768,1.829816570813298,True,matrix_tension,1,bottom
-1.6777334583655812,10.463054009584093,2.9067762401987896,6.201899371781954,-14.339967426863117,-0.5670359759276897,24.857666015625,0.7687424913328017,safe,0.5909702243109856,0.7675467555813618,0.6015906028171499,0.7549224828383834,False,matrix_tension,1,bottom
3.3964509478706675,-1.2929995244168533,0.1723994855095363,4.174112940513418,-8.052226332170441,2.0825938164421873,20.7705078125,0.48105743929477374,safe,0.2314163289928414,0.477121334432305,0.23506240783694396,0.43596964779185077,False,matrix_tension,1,bottom
5.981475636883523,21.81576594611632,18.468935322281354,-2.401394064426887,15.56473967195899,15.42836456898032,63.29833984375,0.5780651753287306,safe,0.334162919106901,0.5481378861724819,0.34333975820466345,0.549234653987656,False,matrix_tension,8,top
-6.6956238175378076,8.831313442659336,-0.44424447668433636,-11.02718406873851,-17.759136283658435,8.767840213146592,23.8199462890625,1.0594697462057914,failed,1.1224765692028638,1.0387514548434447,1.1223133497799536,1.0879044781982525,True,matrix_tension,1,bottom
64.31070994972767,-67.9014224225258,-2.3415348978855084,-8.854884702990567,19.69944169119934,64.28233866029282,84.130859375,1.373396292485305,failed,1.886238592124661,1.3719928729576123,2.517045649024359,2.1371837715280075,True,matrix_tension,2,bottom
63.36453591647586,-11.448787172325707,-8.443106333483307,25.704545753619367,21.181454704420315,35.77280873220079,138.201171875,0.588130749431648,safe,0.3458991793244238,0.5358081232234697,0.4318560590828348,0.6685310948549856,False,matrix_tension,8,top
101.7714210361526,119.91234756740927,19.124064648528222,-153.55695577775245,-11.792617022276854,19.97943220322507,163.228515625,1.3591745624641351,failed,1.8473653774645107,1.3197798408540997,1.8508054091752733,1.5377835493719672,True,matrix_tension,2,bottom
-53.02425546183973,22.847961905467944,6.243683941411639,-61.91877568525713,13.22305051528514,-2.1260181246685432,85.6728515625,1.003132148281223,boundary,1.00628101099633,1.001365058873137,1.2169948259456456,1.2610416785420437,True,matrix_tension,8,top
-30.44342739086557,-29.279794831222787,-20.441880223283277,0.7150532632028166,5.620060596501556,-7.244311889567011,108.1533203125,0.4421310570102557,safe,0.19548157939646446,0.4210479992464774,0.19564082662634646,0.3825996729035534,False,matrix_tension,8,top
5.798062894719424,-1.7819789989535981,-1.2900764939362221,7.615657586000957,0.9734168682654538,-3.1906271137281066,73.8974609375,0.14035976611149492,safe,0.01970107497226967,0.14020403241353913,0.020298943441214738,0.11706438685834883,False,matrix_tension,7,top
19.572311484324878,-4.542068284527348,-9.468909729225343,34.64570629065721,12.19475646500091,20.948695085214062,142.4580078125,0.3352738323784489,safe,0.1124087349472852,0.3340656115671126,0.13512187915622528,0.32025870777543725,False,matrix_tension,6,top
24.935527012558055,49.32069203907835,5.495607805259942,73.48422836083122,34.68911964408326,8.646206555255526,73.78662109375,1.3390713382720336,failed,1.7931289495060658,1.3388667586571923,1.8514064964135568,1.4542514370290438,True,matrix_tension,8,top
-24.004261402939246,-1.7279807485334238,4.243329310162026,-7.982342085092899,6.478129930170177,0.4087713506111291,72.2548828125,0.3669653797301359,safe,0.1346650537158657,0.3666599247826711,0.14115096424951404,0.3334308013159741,False,matrix_tension,8,top
20.40479885621094,-166.89892519449225,218.59777823087308,-17.3209712305632,-9.874001532896331,-41.81233359363188,307.302734375,0.91000453692109,safe,0.8281098408401982,0.9078151213415183,1.091045584683147,1.2002330844540083,False,matrix_tension,7,top
189.2865169922918,60.68902581277948,-14.680865185218261,84.5504615306212,10.07815799120857,-25.97798146271327,172.4873046875,1.2655789640633526,failed,1.6016999499747826,1.2612226758724903,1.6319717137461165,1.4067768412000492,True,matrix_tension,7,top
6.293957440539426,5.095282993839556,15.043167815136574,-15.447378865218608,17.717800813531078,-22.612342604438854,25.1982421875,1.4612239902717197,failed,2.1351820376493937,1.4010971888768633,2.1604068855105725,1.755669415942544,True,matrix_tension,8,top
-2.238295090598172,2.120561675463049,-2.023246876580492,-1.4592401664449866,2.621116803771197,-1.1912973731777055,29.287841796875,0.16733661841213282,safe,0.028001576234569205,0.16497911812666244,0.028397289872503714,0.1371225895877071,False,matrix_tension,8,top
8.927355590800142,9.075100047080301,7.919831063458392,5.761105660252307,0.7887090572288712,-5.620133480128794,84.6640625,0.20120209427495428,safe,0.04048252021585562,0.20116895813356694,0.04324623164497959,0.17637650252212336,False,matrix_tension,7,top
3.5367402166479462,-3.2060973419724106,0.1841969531066122,-1.3878441298280102,-5.2172671142568365,0.8215262276464435,25.57666015625,0.2836769575866144,safe,0.08047321450005832,0.2817411601236798,0.0806275079987547,0.23641495733894785,False,matrix_tension,1,bottom
-9.40133741263917,-9.93950427994611,-2.360777159930347,-0.5408619578029444,-5.563394728112841,4.136086999087815,41.616455078125,0.37310963495233895,safe,0.13921217404700503,0.36307649863152447,0.13948951960895178,0.3179072544396416,False,matrix_tension,1,bottom
-2.5830294282210633,-11.115517095110993,1.6115454108839111,-17.831235759579496,7.617842403340822,-13.234232800444818,34.85888671875,0.7502391019810607,safe,0.5628630731522781,0.7144164509446017,0.5820491521431803,0.7609532718155477,False,matrix_tension,8,top
36.47144907007436,-38.5340262862267,-23.26443612547716,13.075587075360337,40.177297444547,57.20632901109418,72.93505859375,1.257666482268418,failed,1.5817399597326087,1.0180766795036083,1.6001280343866555,1.6076456784874198,True,matrix_tension,8,top
-2.6125434313448714,9.91000844289987,-8.497721851802156,3.789873751258056,-21.12020534028913,-10.115857228355136,28.82421875,0.9437540253246061,safe,0.8906809028306178,0.9403660758525701,0.9061871270319366,0.9690800686890386,False,matrix_tension,1,bottom
3.3789831603562965,7.1739302446760265,-3.9675700512069554,-7.668529582094456,-3.75282831825945,-7.643673820326837,133.8955078125,0.108213595696211,safe,0.011710316973945468,0.10812655858724532,0.021825793100864445,0.11350995294048709,False,matrix_tension,3,bottom
-6.760827446153208,36.992416431250234,-15.894131343715268,30.741596168769473,-23.00459453965024,1.6079095271286141,40.887451171875,1.3712749342862944,failed,1.8804148402239242,1.3676049444141862,1.9698117983195909,1.6237549773243365,True,matrix_tension,1,bottom
-4.856100768427742,6.413858035553399,4.866745117747723,-6.239023881327958,7.117331951323159,21.521189054120953,55.5732421875,0.45563112146397633,safe,0.20760054439556566,0.45416397516012497,0.2788647559564747,0.5097803784321584,False,matrix_tension,2,bottom
10.354974798955002,-22.507273533140268,7.090053704081019,-15.663827711628295,-9.087583374759198,33.306087713494634,36.181396484375,1.266949824114491,failed,1.6051783114029614,1.2607307467989006,1.6936571658215205,1.4808281799234975,True,matrix_tension,2,bottom
17.547135098659197,-14.427613867474827,-6.811593644167357,19.015806362280216,0.6511015002628258,-23.774048664366045,50.51171875,0.7641088396878737,safe,0.5838723105437214,0.7640928015907215,0.6417479127906032,0.8155692048606845,False,matrix_tension,7,top
31.46588670987122,-12.387045105394092,21.481134827013957,36.285261017776314,-17.388484091619283,-3.9481853121748305,57.0302734375,0.9980142468828725,boundary,0.9960385991100902,0.9979672985921099,1.0953155896400506,1.13771872544459,False,matrix_tension,1,bottom
76.12324060194516,-63.344362780798185,-69.01844797084291,13.78253307420835,20.070301559430046,46.15378632250921,170.376953125,0.7718514665377466,safe,0.5957590828797994,0.7708520801613086,0.9736961731815541,1.1506111810308437,False,matrix_tension,2,bottom
-1.9685677333717706,-0.7429820374269017,-7.28494995970034,5.377435643054508,-30.125255581984643,-12.125824648724642,24.39404296875,1.384699282469747,failed,1.9174036588804109,1.3825048349252793,1.9482039569101548,1.5708632570637195,True,matrix_tension,1,bottom
22.818581140574416,0.2641794159102726,2.475839774617059,-6.768139304798097,-0.22099988556842629,-17.02086519225776,61.53857421875,0.47722198745743305,safe,0.22774286213213665,0.47306315812154914,0.2629175748342021,0.48518467025141654,False,matrix_tension,7,top
-12.91526862586944,-119.18378827970642,-52.51721768735036,68.157023923916,38.661396555016914,61.41141747107577,163.7021484375,1.0045178642659773,boundary,1.0090567564806732,0.9736558237269215,1.155158169959244,1.346078627777478,True,matrix_tension,8,top
-0.3840880892493601,-0.8797157915428016,0.972579819678736,0.0547615472427563,2.1152366878413638,-0.30964778206596677,21.7388916015625,0.11674020055883912,safe,0.013628287741573207,0.11603036732646949,0.013700300133688515,0.09325616863541307,False,matrix_tension,8,top
55.74237209895033,70.78905838311566,-42.679327422850186,-20.23499998640441,-43.09776791616486,-51.315516116864416,87.19580078125,1.397079528428297,failed,1.9518398777991603,1.245741755999442,1.9610817316131235,1.7426099231550132,True,matrix_tension,1,bottom
1.3843621580207925,14.704801910023612,-49.10209250446895,34.01709445282034,-9.228693554806252,14.074622320922431,69.54443359375,0.9173032561599668,safe,0.8414464946660111,0.8847444027324409,0.9040972941609478,1.0183177767652478,False,matrix_tension,1,bottom
-1.894629617567486,-38.37122507003287,1.0322178600712408,3.6264984848632174,-18.68767949924768,2.6649544501457783,41.017822265625,1.047612677916259,boundary,1.0974950493243234,1.0417267229162284,1.1079356138013812,1.0910515591542937,True,matrix_tension,1,bottom
13.427041376622965,-11.272272812693844,-8.125976580305258,-9.24974689473598,24.704684158016462,-0.8181613632520229,24.1922607421875,1.352076193004818,failed,1.8281217772489653,1.348181543395511,1.855878295746647,1.5228148644033064,True,matrix_tension,8,top
11.391364404548325,33.207334914730325,15.944151320815816,16.904110378646244,14.919602910034996,-33.96840335208936,38.646240234375,1.4520191171476884,failed,2.1083824350051077,1.4406237955495351,2.1818670272458323,1.754756238828251,True,matrix_tension,7,top
-52.88691472005711,-77.56284310658526,-136.40791243534545,-98.10897288489883,-18.690614881670275,-5.058449139678957,302.82421875,0.6387983991908315,safe,0.40806366488559026,0.6229893023383064,0.43412060382750856,0.5705644990999001,False,matrix_tension,2,bottom
-8.361237855300049,21.018529461311168,-3.114999228106588,13.420324235805612,3.916521085037698,-27.02199263432208,40.7275390625,0.9340062063621957,safe,0.872368251390784,0.9317479124413035,0.9401185084012442,1.0256870071366626,False,matrix_tension,7,top
-6.952781780704793,-47.91612843297777,24.562384679147673,-86.32098062410694,0.9454105668409315,36.809561404362405,83.43115234375,1.2995068649957986,failed,1.6887274450278917,1.2850359718617397,1.8120803804807948,1.573283724722738,True,matrix_tension,2,bottom
0.22675596271408485,2.352345755269112,19.76343069345666,-18.922931099342094,-11.638682790305408,35.82500073876875,32.839599609375,1.4195363136858425,failed,2.015106879154538,1.4119162498932993,2.1101486242857286,1.7042750407745844,True,matrix_tension,2,bottom
-14.220477273944137,-67.59023093525158,5.881051709324829,19.767441329836494,-22.254348831340792,-11.490717005417888,72.689453125,1.0498153000612693,boundary,1.1021153873457663,1.044721137292804,1.157258695291646,1.1555037330974987,True,matrix_tension,1,bottom
-7.147332475250432,-1.233694432296447,-4.068783555854983,-1.589293410998519,-6.8346250395915265,1.159051985750757,29.239501953125,0.3742437741922844,safe,0.1400600327747356,0.3715825703661962,0.14037656412103258,0.32072548275674845,False,matrix_tension,1,bottom
14.31159257013346,14.760835724464968,-103.2884889414089,35.17857865780732,-23.62892685072792,-11.897669885607085,96.55126953125,1.182201131294282,failed,1.397610572282871,1.1770628265408405,1.5142443157810892,1.396222633947319,True,matrix_tension,1,bottom
4.654515647902929,4.975881337825432,2.5931672455129346,-3.3780105439660733,-7.531271572902802,3.7163352802158234,25.5595703125,0.45473563414739127,safe,0.2067857815749839,0.44616285522763305,0.20680015986302103,0.39480861231933995,False,matrix_tension,1,bottom
28.992028616119462,-21.284203486749835,-10.478456001711944,12.967045631256871,-27.510771228267824,-2.7046485268855003,33.350341796875,1.4491190261841842,failed,2.0999608187707506,1.448015854882656,2.142379804043437,1.6768694786303722,True,matrix_tension,1,bottom
2.4738942885571946,2.248158721826314,0.015346654759058253,-4.634222457997473,-2.1929661775006997,1.5138432187485424,49.92626953125,0.12628371451877635,safe,0.015947614519823555,0.12169252878282355,0.01621694127846866,0.09189589472746583,False,matrix_tension,1,bottom
9.307554665679262,40.41031903365333,-15.811916671566749,-17.69465306656057,-1.442155972598137,9.649420136079172,131.951171875,0.3695613617616199,safe,0.13657732361373087,0.36913177885115184,0.14387262848581883,0.3375688901645283,False,matrix_tension,2,bottom
-25.987338966466215,3.9075104845824598,14.477861350093379,-13.015161059441182,27.306507105481508,4.8439791977689675,30.642333984375,1.3993820085533115,failed,1.9582718761535949,1.3992042285650093,2.001235978089837,1.6047573278052092,True,matrix_tension,8,top
3.594752931654038,-6.039491265756862,-6.024019388185103,11.693276780195008,6.0692754726910705,-9.769559959721997,38.97314453125,0.4832422821351947,safe,0.23352373513618352,0.48084713776598675,0.23763135294422802,0.439372633319581,False,matrix_tension,7,top
-4.664203032448009,7.809922509456166,-1.0170126979818384,0.9582333947069304,-24.513033669494313,-3.1877025357603532,21.4324951171875,1.2307069292114836,failed,1.5146406470616602,1.2299786220347244,1.5278064805268783,1.3299938941394112,True,matrix_tension,1,bottom
46.01379705582147,-10.053203202900077,-7.9206190116914215,-63.69347667339937,-9.778933596197103,-60.320584382845276,74.26318359375,1.3514100428314375,failed,1.8263143238454158,1.3260721133579714,2.3699185255949504,2.0595003665170486,True,matrix_tension,7,top
5.647577022921274,-1.0128126933970054,0.8230839566618294,-1.9222102737433626,-6.702708261690067,3.5042247376249187,23.5189208984375,0.41332968078679344,safe,0.17084240062322106,0.40533881378411224,0.17099972829726198,0.35590481521383693,False,matrix_tension,1,bottom
-2.73810951244844,11.555566456855674,-36.42145334210555,-92.14594524307263,-40.16270162932798,-37.5388783517021,103.5634765625,1.1001232980856799,failed,1.2102858659131261,1.0246417141692463,1.2992258762614257,1.219822646167935,True,matrix_tension,1,bottom
-41.51511716682958,10.295946967299146,5.415050266562833,32.85540029485759,-4.55419627686807,27.063134156527312,62.759765625,0.9680952616081293,boundary,0.9372149274413788,0.8682699632446756,0.982139830365266,1.1018048701767063,False,matrix_tension,1,bottom
-14.71278206797332,-25.826967337940303,3.6959296835363262,4.22099270465886,4.654847924405453,-5.138736145755711,93.29443359375,0.3326354111147969,safe,0.11064745689259875,0.31737489043415723,0.11070267615262096,0.2715928932411451,False,matrix_tension,8,top
17.839241982155347,25.20405868047485,72.84996443415163,-13.43751491187203,-27.68602322900284,-63.49990564471139,98.5712890625,1.075551465320281,failed,1.1568157263782635,1.0731140750704729,1.8669356492704505,1.8133023857031123,True,matrix_tension,7,top
14.710529089353479,101.19687567178453,10.553940866594626,-42.28532677859395,-6.360831245829437,-31.650399459589785,176.2666015625,0.6566950278160024,safe,0.4312491553963458,0.6386280705182614,0.5901429690034906,0.8147471610501387,False,matrix_tension,7,top
-3.54009275302669,-8.402290220278328,9.603695482395276,1.8022245965785055,-1.359725299661913,4.56898934780583,79.67578125,0.1780871088537625,safe,0.031715343014240706,0.1651968131615992,0.031906929740908335,0.143857948023086,False,matrix_tension,1,bottom
53.424023379672505,10.44577082240725,52.27157303268104,58.73635382228142,12.69067731766062,-17.18889591284376,97.58544921875,1.0041449960554891,boundary,1.0083162186109613,1.0039870745433646,1.0145754005188334,1.0239749089647754,True,matrix_tension,7,top
56.281465112208515,59.53120912030666,-87.67088329815978,-116.18667827061974,-50.89347813549513,-70.79407825179211,151.8203125,1.2410190453671297,failed,1.5401417716640569,1.2390050186739667,1.670712662310461,1.6825658891185502,True,matrix_tension,1,bottom
5.546157590510853,26.37308956633473,11.54949756087858,-54.155459227990285,13.360121667580477,-11.627838100650756,55.02197265625,1.1646196030748153,failed,1.3563498224566972,1.1452149012836192,1.5174511226933016,1.4337974490163938,True,matrix_tension,8,top
-6.6370765304805746,-3.5214837839579904,-0.7723996249896858,46.307689128417394,-0.677190170107198,37.391017466160505,55.89208984375,1.0734967297870543,failed,1.1524079399818483,0.9848911110398317,1.2276286536770387,1.3287759407625974,True,matrix_tension,1,bottom
-56.476224808872836,35.297510698859874,-14.474568462229815,22.62462164418947,-30.74241819534232,-37.46098906530982,75.947265625,1.1407001674521033,failed,1.301197746502573,1.0353930883949363,1.3982552655110174,1.4106388052185785,True,matrix_tension,1,bottom
23.01518281721005,2.3780207305921155,-8.436509848975524,-0.9002172513413756,-26.127523111557476,-0.27620428192062363,26.372802734375,1.3619121155944935,failed,1.8548085722812633,1.3586149668278955,1.8662282179663432,1.5112648708177645,True,matrix_tension,1,bottom
32.81685266380024,9.015175523608718,-52.56694456412029,30.199042011897543,-0.2518015241689376,-19.229247221883796,112.77734375,0.63961418616386,safe,0.4091116640337199,0.6376051364507057,0.4454613383353421,0.6530033515555183,False,matrix_tension,7,top
-30.270353903907925,47.98465214363363,-0.4489271424632854,-2.1134431226979675,-10.519931044106043,30.64181619916877,54.0517578125,1.2093740587347281,failed,1.46261106376701,1.1846436415325847,1.5067078406582544,1.3841919472888584,True,matrix_tension,1,bottom
-2.4121652646091127,4.715640111451336,2.957575308760658,-0.9063800590684866,4.880841875445034,2.6583463190143877,38.8603515625,0.2130016377829343,safe,0.04537021048865541,0.21170082261690498,0.046225685115434303,0.17898603802400817,False,matrix_tension,8,top
5.67688985581046,-14.340347110462048,0.0776598348917132,5.31825717251489,-29.080491568059102,-3.2635674135595667,22.5194091796875,1.4877636241060759,failed,2.213458000430973,1.4866868798595487,2.2400755587828525,1.7125475363867506,True,matrix_tension,1,bottom
-27.54090069253129,-5.696414489976239,-7.193265668500624,14.33519228487095,-0.6502107330090894,26.81818644122269,54.48193359375,0.7717339770131012,safe,0.5955762915550755,0.7621999964952652,0.6808809856676754,0.8602986860993004,False,matrix_tension,2,bottom
6.779835769856257,-10.016445942586149,24.31192541076085,-37.68726876501691,-23.30198538850498,12.891261006343184,40.512939453125,1.3216293432516983,failed,1.746715328977221,1.2861744183118025,1.7599501927303702,1.4480190349193736,True,matrix_tension,1,bottom
3.2754034913427046,-0.3339459448644069,-4.48932691772362,-7.153201710594061,-3.6445699271699064,-0.04695722462687327,61.29638671875,0.15938476207858937,safe,0.02540384392524588,0.1586036572861355,0.025935568282393573,0.11968545839582573,False,matrix_tension,1,bottom
-24.00462946585428,-48.40532015441265,-18.04589092907056,1.4682826397053697,10.081428029476445,-34.47506505548021,51.96875,1.296149703631033,failed,1.6800220453204837,1.2830234610549962,1.777714539543814,1.5394430650670947,True,matrix_tension,7,top
-12.860276242337562,-8.02019707254604,15.893372001850816,-1.96362536014484,-10.269583994086341,13.694105713953567,34.23486328125,0.8153503072401094,safe,0.6647997655644636,0.7748427656949464,0.665105568021007,0.7996130958479147,False,matrix_tension,1,bottom
11.651009445439033,9.783545607508904,-5.7189752265092215,0.2515030063744554,-12.110897516362897,-1.935242429146318,33.912841796875,0.6004516946771854,safe,0.3605430791577882,0.6002554419258495,0.3636246923379964,0.5557920580002758,False,matrix_tension,1,bottom
-5.826691783981322,-2.2307450289958504,4.135453217389329,-0.9284533217020742,-14.486198119809462,-5.7973641422202755,26.6220703125,0.6509864346662091,safe,0.4237911057166227,0.6500151518613074,0.4275485391618469,0.611163535235145,False,matrix_tension,1,bottom
25.288930525630185,12.8901377585802,-39.56274195932646,12.403052844221113,-23.620656870418394,-57.189571385698,74.01513671875,1.0769105441726428,failed,1.1597370481545926,1.068927942899506,1.7045072683876714,1.672006467332357,True,matrix_tension,7,top
22.28623392616752,-14.287979529103385,27.699093217697435,-11.592519654895142,15.34845893273385,-11.99955034349141,40.60498046875,1.0964124837286227,failed,1.2021314961921858,1.0695404065443672,1.219601063514735,1.1837612796911732,True,matrix_tension,8,top
-2.086193748851258,0.6294236562549939,-2.833406779214371,12.135105038453435,-8.032538374117982,-3.89429676368016,38.2177734375,0.4051267217156298,safe,0.16412959645230998,0.40359478058172243,0.17784988014239256,0.3830778304040777,False,matrix_tension,1,bottom
15.581365617039989,22.32835185871796,-10.58674384180824,-10.922340691447625,-17.480527625167067,19.73381076784344,31.927734375,1.2790610107146811,failed,1.6360158354949073,1.221617819581158,1.6358459456931838,1.423773310112365,True,matrix_tension,1,bottom
-19.291523519864793,-18.055673752057107,2.357785223273222,7.590839821481225,-28.55032164401477,-4.439912086980886,27.587890625,1.4481814165189717,failed,2.097239441660183,1.4477506039986883,2.1284964821061094,1.6601158792180783,True,matrix_tension,1,bottom
65.10680172675184,28.367506101435332,-47.39001870614195,-12.791625016286972,-5.624769079218563,-41.63090497597777,92.802734375,1.0345544642554005,boundary,1.0703084952602127,1.0305661354495192,1.30561204717686,1.3260270754657184,True,matrix_tension,7,top
-22.335108284533774,24.644932545064886,-9.97475025325208,-0.5859221230577567,12.839535037089746,-13.678546592324135,41.245361328125,0.9570003560460847,boundary,0.9158509971467526,0.92033874779622,0.9180744773927108,0.9807996320719727,False,matrix_tension,8,top
7.401501215870485,-41.55224406009023,-3.8184628407735497,14.379291003683257,10.47496491025131,-21.8558682249695,52.642578125,0.9667691214469457,boundary,0.9346550330641326,0.9599953786576984,0.9627379926108723,1.0183600606601841,False,matrix_tension,7,top
9.207842804636506,-100.47329570379479,-0.6538680764721252,15.399293499403155,-13.995380610032333,25.975622240543643,78.9990234375,1.3448803268689742,failed,1.808718798381471,1.2661258401470734,1.8281905024232565,1.5927067511507158,True,matrix_tension,1,bottom
-12.106041796162364,0.8341665204867889,-5.959112493429099,-3.6160925851476513,2.9957285827856017,8.86189002539137,89.02294921875,0.189085014899324,safe,0.03575314729290823,0.1881220002485533,0.04779250367143554,0.18619418566334062,False,matrix_tension,2,bottom
-62.845723574677486,10.682123767837037,-2.606359185958285,53.48065184562991,-23.51401160295281,-10.51305509243884,68.10107421875,1.279629271129363,failed,1.637473285489737,1.2760240573140722,1.8483216973667842,1.6218318172026718,True,matrix_tension,1,bottom
-60.7051048895259,139.69280738319765,-59.04910110355724,-3.542098358797797,18.97993818652303,14.651102700683436,216.4609375,0.7629398714659702,safe,0.5820811825917056,0.7462298097986821,0.5959087069982487,0.7601240193005047,False,matrix_tension,8,top
-8.855136983803499,-42.06218312920977,81.04684132369569,-8.291977339323042,22.49973915776676,-12.613856704989033,65.20068359375,1.4671224579107522,failed,2.1524653071341526,1.440344412106667,2.1723135587169233,1.7100568754798582,True,matrix_tension,8,top
-35.04093450519988,-3.6315321787108332,-9.202159768827983,26.487353719778554,-27.056556702359366,-13.048895964545412,41.5546875,1.3025293895237786,failed,1.6965939505620993,1.2977017360897798,1.78708885677142,1.5303186465508194,True,matrix_tension,1,bottom
-17.038527250874374,27.356952784398917,-16.48794775831408,10.663768587964904,18.398684513952094,-2.771156576599317,43.234619140625,0.973224615799247,boundary,0.9471748188671708,0.9661747505559298,0.9470834299253297,0.9705126404539283,False,matrix_tension,8,top
90.68986893393566,-132.97032409813227,41.35185852885222,12.06180417042871,39.78079216535843,49.743838066693975,137.6923828125,1.295471240553387,failed,1.678249171528893,1.1354780423171342,1.6962428981129787,1.5999200820964423,True,matrix_tension,8,top
1.0977036222454517,-0.96629967685654,-4.2225953071225275,0.996102968359338,-1.591082105083559,0.7172433676092542,48.07421875,0.10191979181000652,safe,0.010387694628572659,0.10051545141203509,0.010551457545317526,0.0819137483322156,False,matrix_tension,1,bottom
39.471577713351515,6.096450497077489,62.9247741765746,-42.10130730552622,-0.32563703996694593,26.68373402876207,99.0419921875,0.905296879817122,safe,0.8195695944495901,0.9030192883320796,0.8873553808046716,0.9914261326483628,False,matrix_tension,2,bottom
-22.669407073969417,108.5813050271377,111.35313950705903,14.800508568925244,28.995357973948163,62.527806837277616,170.7021484375,1.0091147186936915,boundary,1.0183149286756983,1.005656451174901,1.724250198618514,1.7279965803368336,True,matrix_tension,2,bottom
9.89710130411732,2.1582703366496263,-1.7842340167365573,0.08762081996459424,-18.795398499141232,-1.5011032627145784,22.411865234375,0.9583500915425928,boundary,0.9184439472327148,0.9571781152842194,0.9253121968312004,0.9697680505706933,False,matrix_tension,1,bottom
25.693105856309682,14.890701496494938,10.211303153748613,-38.66361659782137,15.251241978969121,16.2519475692392,77.080078125,0.7079479054615556,safe,0.5011944867833324,0.6756221732212666,0.6108588819176409,0.822878101581872,False,matrix_tension,8,top
-324.5285809819579,-74.48585739394497,-142.32088824249104,33.07622227666445,2.569648520099259,-44.882481435487904,249.04296875,1.4711679201214407,failed,2.164346259503963,1.4707809856791965,2.3657990699703255,1.878183610519887,True,matrix_tension,7,top
-77.51291098538218,-76.25496616300516,-26.826879556788196,-91.47021459655929,-3.6162134829034294,-12.320970345085264,258.083984375,0.5624927475134336,safe,0.3164015308204775,0.5624958051581163,0.53184511877176,0.7697762753459075,False,fiber_compression,8,top
-2.520285623176128,45.010942779685365,-8.26179783520931,-1.0248317236778046,-23.83798000348127,-0.2984728928645187,41.639404296875,1.2409369652771516,failed,1.5399423540400408,1.2379757413617427,1.5492083284666818,1.3395496977513532,True,matrix_tension,1,bottom
10.485772506344876,-16.439203480338147,15.353101637476412,-11.729591559897672,17.226688510906644,1.233355320461269,34.80908203125,0.9316866059067285,safe,0.8680461573319223,0.9307757385951351,0.8912071801009867,0.9646582638051101,False,matrix_tension,8,top
-56.174132606380894,-23.4494065450637,-52.68970519609581,-52.61831423130933,23.652367027382795,-0.1590189600197348,67.24853515625,1.47280874442101,failed,2.169166602706076,1.4710552845993006,2.3676684231805947,1.8796808512326153,True,matrix_tension,8,top
-12.369154681011869,34.180147597610755,-15.232769816795681,-27.382195851374874,16.48669166354375,-4.468429969997853,47.604248046875,1.0700714702946308,failed,1.145061430897763,1.0631230730818435,1.2058084809391545,1.1895459015158913,True,matrix_tension,8,top
19.235735901429134,24.60668005709559,-11.853978625312472,-16.8923107891846,16.85697101244296,13.071720925133132,58.50830078125,0.7364069752826574,safe,0.5423025326736232,0.7215283045139936,0.5799049355338609,0.7643054517285742,False,matrix_tension,8,top
-36.04041454091052,8.459917674741614,-3.7203315527284757,-2.3040132700417697,-24.033916305607168,-15.603057816097664,47.997802734375,0.9795916605404812,boundary,0.9596011260552432,0.9676491952415345,0.9699664169864972,1.0102259427969662,False,matrix_tension,1,bottom
0.6841768952461522,3.3877181465901214,13.17776813462231,-0.11622238264849895,6.476223241776025,-4.818967325569877,36.190673828125,0.4375685294396586,safe,0.19146629409937851,0.42603451442383866,0.19206365015412719,0.382024422849021,False,matrix_tension,8,top
-6.630370180264523,0.0608920370548008,-3.2387991577729904,-8.110012264289509,7.20431426232055,-2.230822246922959,29.154541015625,0.45646854351537713,safe,0.20836517547119177,0.4526368529959523,0.21514352441845577,0.41911909452798496,False,matrix_tension,8,top
-66.69017979806516,99.78305745057806,-67.12769135116295,-49.50844516743815,31.56249710059546,54.297457191177564,136.3974609375,1.1662837838552909,failed,1.3602315128603726,0.8937985415876673,1.613891772235215,1.7320765228203185,True,matrix_tension,8,top
2.069536670331445,2.919139106947136,0.7852290142850198,-0.5585071086145587,-5.658335752249298,2.34576932361204,21.002197265625,0.34087237560705475,safe,0.11619478261261224,0.3358520529616038,0.11654027806408565,0.2892197801738247,False,matrix_tension,1,bottom
27.476912610559452,-30.70393858521889,35.35313141198263,-0.47896152851416957,6.827867356333264,-8.494974450378418,103.333984375,0.5358994150207883,safe,0.28719243541188555,0.5119354030067255,0.2878165940815939,0.48167516417240913,False,matrix_tension,8,top
