hashin_fi,predicted_hashin_fi
0.9282612154791884,0.92624044
0.4489868581025013,0.44547948
1.4071814443355215,1.4036586
0.9202879272781618,0.9211966
0.6490552721100775,0.6451801
0.0684313773146564,0.06701764
0.5765945246629037,0.57407176
1.0258769480617145,1.0205405
0.9557323990517425,0.9550308
0.0159080462588312,0.015156243
2.226927582283213,2.2301307
0.932893696449406,0.9279287
1.4213782155466272,1.4192097
0.6805446899703251,0.6768062
0.3655138608370248,0.36710677
0.5815755300708719,0.5828259
0.9840511210834222,0.98476577
1.3156679436164107,1.3140202
1.1999989994172149,1.1985072
0.9759819558148995,0.97012687
1.215494679342597,1.2130983
0.6345864001336019,0.63716984
1.3901490186033325,1.3909911
0.3237982704656557,0.32252476
0.1701380326648553,0.16373819
1.777921924785313,1.7771878
0.5836465266764389,0.58143336
0.9932087494951604,0.98832905
1.0885392409829129,1.087319
0.064775628875884,0.061011158
0.1541955296930813,0.15168124
0.921053078807541,0.9202826
0.4633806746816207,0.4610006
0.2556965281829966,0.25930682
0.6248867492690139,0.6383715
0.8383427212948392,0.842522
1.1891790586794666,1.191454
1.5477237480164343,1.5419955
1.0352441201684774,1.0472034
1.0371766001092757,1.0326183
0.8408645531433283,0.82319254
0.0226486804067994,0.0198351
0.632298996080638,0.6352652
1.177304830198783,1.1771417
1.1204381600370448,1.117872
1.9173555310515125,1.9167793
1.010941851005687,1.0063181
1.2307961320698344,1.2295127
2.226642061185542,2.2156694
0.2092425775204416,0.21220443
0.3310443161753277,0.32904768
0.6145822958216445,0.60768044
1.0844419809302386,1.0835737
0.3144979585509457,0.3083324
1.176001388053456,1.1740352
0.323674406329011,0.32475802
1.1509094816028167,1.1597506
0.539009147524318,0.5416206
1.3984070065799097,1.3962125
0.6618823223237131,0.6574589
0.8918423702458151,0.891356
0.9785866517154662,0.9729116
0.1807608707996184,0.17719856
0.3735283123170736,0.3782899
0.2932503301210351,0.29341516
1.132763287505206,1.1434519
0.9413464794298956,0.93879235
0.9699126407144486,0.9681537
1.2803217465384993,1.2799658
0.9425234144540268,0.9429792
1.0122765826465905,1.0072621
1.056480309794318,1.0556073
0.8090328493919108,0.8110685
1.384868696906349,1.3844526
2.161465388387449,2.1429684
0.7842312290634386,0.78404325
1.1620571483499202,1.1606034
0.090880280330121,0.092714496
0.5357265182821926,0.5355202
1.2193398511777402,1.2205709
1.4747538969460123,1.467686
1.5356806024310468,1.5328526
0.3115587871909841,0.3097052
0.0931552428561491,0.0902326
0.7943626422381747,0.79025763
0.0328179018973945,0.028164871
1.721451778079245,1.7198095
0.9668032871552016,0.9883591
1.338537231986591,1.3325219
0.9763939878329052,0.975819
0.9031630858521124,0.9009913
0.9211799793763198,0.92019874
0.4997379078130927,0.5001337
1.7504633199931472,1.7415643
0.98818858452877,0.9877813
0.2849373187379723,0.28893203
1.0498250883193243,1.047556
0.4257832238867427,0.42559883
1.3393844532630603,1.3342475
0.2006278641718244,0.20674416
1.0612577117066235,1.0630748
0.8760361493052127,0.87851185
0.9007043532992918,0.89760894
1.0295660048924005,1.0266943
0.9376606539849242,0.932531
1.421906562705349,1.4225323
1.0057240876722358,1.002953
0.0543020239132714,0.05507738
0.4158846394018075,0.41333875
0.0311554185253508,0.032568567
1.4253834153893223,1.4179461
2.1400713412191585,2.117738
0.1077114189697811,0.103981964
1.37219881330426,1.3685167
1.2215499962243896,1.2198962
0.1072172873811121,0.10400539
0.124528107550252,0.12577567
0.2854607560069119,0.2817958
1.0291545047193935,1.0281994
0.4525534694964795,0.44906935
1.3296371681700605,1.3267813
0.754000669350213,0.7625344
1.2120581796384011,1.2086709
0.2660468987828538,0.25992852
1.681663360491987,1.6791037
0.4065476774035303,0.4091212
1.7368956307390295,1.7374413
1.1393365105684627,1.1439757
1.016297394427481,1.0156473
0.8733151010220765,0.8796603
1.170663456867684,1.164569
1.0814124821066902,1.0800717
0.0735766298119638,0.07008648
1.9747208589666971,1.9770308
1.09785143718584,1.0966363
0.7183031107042099,0.7159457
1.6782291396249545,1.6879894
1.4052612105177311,1.4049897
1.2975244606499907,1.3280666
0.6550823953368181,0.6562133
0.9292867902589302,0.9240631
1.3416879008915688,1.3461487
1.452944447417006,1.4534245
0.6623392624676705,0.66440403
0.3897242783282188,0.38714498
1.2984577566924531,1.2965443
2.066190116826962,2.0652432
0.7416364439306171,0.74959636
0.4222358530131077,0.41888714
1.4457150542424564,1.4465635
1.078085094061132,1.0702933
1.4512738254696425,1.4455421
0.0413778324042171,0.033903502
1.6996217545557606,1.6929545
1.492497155359353,1.4956367
1.406564480726014,1.406616
0.7019327796571287,0.69566154
1.2051037567300786,1.2042186
0.0959317361244246,0.09175386
0.3996211187655785,0.39840582
0.2915214242651003,0.2882645
0.4584743002140119,0.46136406
1.0589731318373428,1.0530323
1.0024299476806966,0.9978074
0.7403092989582221,0.7515867
1.6168069705903902,1.6112015
0.1820456493469369,0.17415488
1.363468687169518,1.3613281
0.6086340621665435,0.6050819
1.094281135624532,1.0926706
0.8124638469314671,0.8128638
1.3935841185496127,1.394603
0.5281533617255516,0.5275686
0.23368465788366,0.22860685
1.7418933772148846,1.7458377
1.318206287567485,1.3146867
0.8277408076946664,0.82935643
0.9228714027250018,0.9263488
0.0309943759545121,0.025480904
0.2857970466700476,0.28539005
0.5759568891041867,0.5715076
0.0329628264965991,0.0305394
0.7772430923589077,0.7774254
1.056614143993752,1.0484898
1.2793634743066549,1.2814045
1.2471371781371876,1.2377992
0.0754441929031265,0.08013227
1.1835995730263105,1.1724477
0.7025834250905495,0.69814646
1.079268097212614,1.0807498
1.618404562389084,1.609979
1.5022204868708526,1.4964391
0.1612917055645116,0.15565002
1.076911303859214,1.076734
0.3692316734518684,0.37009075
1.5928395820303658,1.5930574
0.8993262429251323,0.9023514
0.9873895560838576,0.9851496
0.1273407695854231,0.12765518
0.6960261593825939,0.6923358
1.0362766067360738,1.0569731
1.284875351556226,1.276309
1.888768817542439,1.894711
0.1942398006139722,0.19794366
0.9374131017361654,0.9338852
0.3524049418446687,0.34919024
0.9244098303846529,0.9111733
1.2711495451648942,1.2679286
0.5029287189980828,0.5009421
0.5376807672936108,0.53826547
1.9893865635713563,1.9876089
0.382556308443077,0.36826947
0.2661507549955937,0.26413807
1.1792460754572267,1.1737208
0.6625166558482036,0.6619976
0.0483146156780729,0.04283449
1.4273109190749809,1.4341321
0.3910688965597295,0.3891886
1.0077903579173593,1.0056175
0.07144441548002,0.05899378
0.8384381535757516,0.84023863
0.7055229076200171,0.70017695
0.3812125141118783,0.37885848
2.1445061759725887,2.140468
1.150554902573076,1.1468495
0.3961132737338749,0.3895868
0.052891355255903,0.051211864
1.8001920075136628,1.8006644
0.9392464656534636,0.93193185
0.0411329340203523,0.03888514
1.41980410055044,1.4190995
0.0198003746749727,0.020060383
1.1794489964268138,1.176746
1.1694925227046535,1.1681983
0.7896109481378053,0.78988504
2.203047523979178,2.225061
0.0130270488303582,0.012861639
2.145429013208224,2.1529992
1.3281482578775563,1.3256824
1.1772738945787309,1.1805869
0.9801184252358902,0.98022795
1.288041212652347,1.2868716
0.8484947111823038,0.83678454
1.1245952538818305,1.1278532
1.1657216148372318,1.1615148
0.0731461551005184,0.06922553
0.7104409245502854,0.7069348
0.6455130418643841,0.64769125
0.4041738656106755,0.41782257
0.9515945308932032,0.9509739
1.367381531477355,1.3665717
0.1618611398318477,0.1571351
1.2557280265951312,1.2508144
0.3818969009520452,0.38357064
0.4300501473816675,0.42982996
0.5242447888747804,0.5214549
0.369795844022338,0.36820117
0.8949016190479309,0.9010511
1.3151080570910192,1.2721027
0.5352468923847454,0.5374162
1.407484761369448,1.4077678
0.6131661173138643,0.61799735
1.39195627959868,1.3975514
0.0156219221589227,0.013280839
1.725636214824768,1.708101
0.3595209623394969,0.36035284
1.0740864316277643,1.0768917
1.2806049255423446,1.2788802
1.2544152224295853,1.2501099
0.9193742217364248,0.917591
0.3653953914793256,0.36514968
0.7970574195007052,0.79225516
0.4811230227423559,0.46140632
1.0625982687031692,1.0574962
0.2656574934316554,0.26089448
1.0321065763249355,1.0335257
0.9177842626941054,0.9160694
1.209260544955121,1.2012441
1.500401858345706,1.4984016
1.3733029032665187,1.3703964
0.0962516822100366,0.09531253
0.3067737046321703,0.3066104
1.283489295372603,1.2818725
1.3834680458814064,1.392461
0.0685689714939522,0.066227295
1.1372217477693587,1.126106
1.9611579621546344,1.9665344
1.1307293152045093,1.1330161
0.0172733282970394,0.016433146
1.962400643896268,1.9643681
0.9172849699267502,0.9175797
0.0276369805173853,0.027539589
0.176991136517761,0.17373848
1.0018341918608051,0.9948665
1.0824547051193014,1.0783199
0.8508222860681344,0.84998786
0.18782004438423,0.18677059
0.9367101572922232,0.9333479
0.2171464054598481,0.21871233
1.3466338470385395,1.3452525
0.9181867848136468,0.91947234
1.1117899585464426,1.1084061
1.416072211183795,1.4105601
0.6704849380272453,0.6748655
2.069851273223572,2.0678782
1.077252083301923,1.0741585
1.7550876724750286,1.7922771
1.1501958491324955,1.1653876
1.4700234989309926,1.4765295
0.6940120298290049,0.690984
0.3553311022481071,0.35872945
0.5646106463838418,0.56347466
1.3203292447095722,1.3164887
1.2438370447650993,1.2450857
0.8224966425363499,0.82222223
0.9773322769267812,0.9762273
0.0591514023137008,0.05713824
1.4352017473080936,1.4339323
0.0666423133877601,0.06468428
1.5153187060795954,1.5101755
0.5118902518120427,0.5124817
1.14695260552361,1.1434155
0.9473020771503448,0.94299513
0.050476069832023,0.047258027
1.1729301683113096,1.1816678
0.9046397592572428,0.89796495
0.9288960337347286,0.9329481
0.7155074309701193,0.7171268
1.9955285818690145,1.9845569
1.2300060310703924,1.2286143
1.4944067445342173,1.4990928
0.9440459975476924,0.9467361
0.4364204440102593,0.43322897
0.0781083482682288,0.06952777
0.0249042655912155,0.01816475
0.962847144426732,0.95998234
0.863909129965919,0.8663821
0.5832687419873801,0.581022
1.026632012715109,1.0267895
0.7867490971060596,0.7824105
0.975837873546768,0.9609436
0.9771765884607632,0.9743035
1.3764260743345862,1.3823206
0.8099252406755401,0.8112265
0.3719267023747495,0.36835483
1.16264425754745,1.1586452
1.2010449265911385,1.2594479
0.0941374017623433,0.09228932
0.3811452465015246,0.3811895
1.8447961008026732,1.8459939
0.7785515825356508,0.77292997
2.1842341773448646,2.202841
0.9932016719339094,0.9964837
0.9417012248859168,0.9380392
0.4856315556429874,0.47670212
1.0501988264300706,1.0493828
0.4887353983884123,0.4870797
0.9994398538539044,1.0005955
0.4165127559683494,0.4169814
0.1668842344129126,0.16599706
1.1146502799337898,1.1202302
0.3120382042071707,0.3107948
0.9427159284939006,0.94520843
0.117433565917684,0.11498039
1.1650967213394352,1.1628077
0.3668507030927483,0.36400476
0.3430096884497281,0.33849648
0.9869525266871406,0.9881551
1.5662639178373792,1.5590764
1.3972888367772631,1.3919294
0.9473568068335309,0.94905657
0.9256588146747236,0.9199153
1.3685614524163612,1.3669577
1.4481028733135175,1.4392968
1.268524813605479,1.2662041
0.7010445232204181,0.6992012
1.3177163716378633,1.3124776
1.0558171127759537,1.0560112
1.2849687768534177,1.2836642
1.1398104350618163,1.1325896
1.2020763958746,1.1930447
0.7833293007806648,0.7825459
0.1920358516172796,0.19581202
1.3618254345297152,1.3616235
0.9583120853213548,0.9578665
1.39627728305834,1.3808937
0.6649324130851195,0.66131043
0.9673750236567226,0.97303784
1.7027069914767017,1.6892896
0.9196183476983546,0.91531456
0.8897665424045342,0.8907183
1.2975252218965732,1.2955174
1.3118449752753438,1.3086604
2.025296132370044,2.0200856
1.0006707257636125,0.99975383
1.0518283066288967,1.0504265
0.6219931460095963,0.6208769
0.3119018046968945,0.31046724
1.2381512139968371,1.2449776
0.4794478721453473,0.4896926
0.0598415876139198,0.060803704
0.3649487020008429,0.36813834
0.5908628032071546,0.59524626
0.0598657349598309,0.057249047
1.521079607061601,1.514545
1.0940207156041457,1.0944529
1.7166753410973783,1.7132733
1.3262634192552645,1.3267334
0.5571537217625984,0.55664104
0.9753348802538824,0.98176455
0.6088410676713095,0.6100016
0.583133418100714,0.5824386
1.0108330872951632,1.0095389
0.4339644454877336,0.43122968
0.5436466502724677,0.5433024
1.0232605405506707,1.0163661
1.529897184220118,1.5238103
1.3421499604709313,1.3395908
1.0195776859196284,1.0163844
1.0903147160023663,1.0882634
0.1265191404222461,0.120383285
1.006058989437559,1.0075573
0.0267576100376725,0.022369701
0.4607902687726172,0.45439595
0.2244283966181854,0.22560015
1.3658985224796214,1.3641686
1.9254262178167212,1.9181812
1.742024574169283,1.7307401
1.9154384548306969,1.9199951
1.354733974625841,1.3519907
0.929527358013144,0.94688904
0.0226573296102,0.020070203
2.115669969476714,2.1161852
1.1418688429752597,1.1416395
0.5454035767979729,0.55032814
0.4687128039774039,0.47924295
1.3896884249126122,1.3894694
0.1804899181350049,0.17777023
1.123556820063713,1.1165615
2.019917260335799,2.0172644
0.5889603508042541,0.5822097
1.9911084435340245,1.9978471
0.1915573494107368,0.18949294
0.2512510173753573,0.26662847
0.5589632395760817,0.56027204
1.8232439380551435,1.8212054
2.2229023894427486,2.2143633
0.0705031606810949,0.06868889
0.0598589166485881,0.060420573
1.185786504979567,1.1756731
1.5625607761313318,1.5554057
0.4364279493122959,0.43519625
0.0235076616239496,0.02048482
0.9835964973696062,0.98269606
1.7880042700869625,1.7968347
0.5188131458375147,0.5509715
0.6070012297496119,0.6108445
1.394896712315327,1.3857051
0.3770004704283072,0.37803024
1.0506874946962077,1.043426
0.2605420991471108,0.260268
0.6486052480898572,0.646192
1.2171227309265578,1.2195257
1.385148848912077,1.3731527
1.7742290146879949,1.7776511
0.0426283334782401,0.04844848
0.5847883425952005,0.585206
0.0762903085717523,0.072419696
1.2922934065404124,1.2913551
1.6267827557725798,1.6215267
0.0187060339098816,0.018718578
1.9917726368472988,2.0004628
0.4603848461885393,0.4603881
0.442480461330451,0.42162555
1.2960771424879547,1.2950861
2.112614576129743,2.1074324
2.0765166111290823,2.0775342
0.8632882291128755,0.86225927
0.2407403140791965,0.24364331
0.7299082759857206,0.7261029
0.339900294338499,0.32771924
0.6821712453093585,0.68902373
1.849635484621115,1.857843
1.368068086923678,1.3508174
1.183974315354618,1.1827301
0.909502525220833,0.9133372
1.3807011705755914,1.3795073
1.8657719976221765,1.8589244
0.430073047750325,0.44064826
0.273764663110753,0.2720932
1.5269698705109933,1.5215967
0.8342925356153121,0.834621
0.9629356080119984,0.95761967
1.2865653573499134,1.2826208
1.3931872406083026,1.3938706
1.198159299742905,1.1961931
1.3686665849760538,1.3675649
0.5739517078395133,0.57309806
1.2756545494979628,1.273912
1.2149661965441363,1.2877586
1.7214037307040215,1.7036446
1.5131664785551562,1.5089879
1.3130434051869124,1.314744
2.2280304731634706,2.2397294
1.2773804308540857,1.2660835
1.410729935458757,1.409261
1.2873293375800414,1.2921381
0.7347606552694008,0.73509824
0.9765623180772842,0.97503746
0.7874418792255512,0.7869938
1.0590439202953568,1.0569824
1.587959526356058,1.5828104
0.165975162348135,0.16366905
1.176098130423864,1.1729394
1.9836091221194303,1.9699047
0.3108407821694362,0.30742797
1.2937299143647585,1.2910519
1.1346907831567448,1.125605
1.2230743629698906,1.2194304
0.5334091387476672,0.52526355
1.3569016941863328,1.3538039
1.0857095704952513,1.0829915
0.7347456775394086,0.7305808
1.2943201795666408,1.2999995
0.5394389131028386,0.5373058
1.1366959574501585,1.1348648
0.7069461921606098,0.70514
1.1193193804569603,1.1151068
0.9829304565512664,0.9803933
2.0974899437633474,2.1043575
0.0232116087461896,0.01690035
0.1037909592568671,0.10361465
1.474171533436996,1.4691746
0.7644755740745595,0.7574972
0.2899596983347512,0.28861642
0.837664363651204,0.8314
1.7308462157443585,1.7364563
0.8901474538246237,0.91215885
0.3831524201917772,0.37821558
0.0199276041558798,0.018378377
0.8106729252583883,0.8175632
1.228546239783079,1.2278165
0.1113563716207186,0.11231177
0.8084829338714093,0.8078657
0.6311599476722437,0.6326469
0.1944872166364652,0.19677043
1.1561784132656516,1.1680887
0.0312101968307258,0.029574126
0.9220854789026636,0.91968787
0.606160576067878,0.60362023
0.5112466012088589,0.5073554
1.2963909610511848,1.2950737
0.9129780488036972,0.9156169
0.3647727169185217,0.34331945
1.721213359867542,1.722885
0.2313953704861185,0.20517802
1.080658347937626,1.0989554
1.2466123442260126,1.2429484
0.7551493182838728,0.75889564
0.1980052336806713,0.19371143
1.9613212731618448,1.9639924
2.032768078513199,2.0321364
0.0264889393659998,0.026275806
2.22808071873648,2.224403
0.1356329857543722,0.13766086
1.2157223318558978,1.2171369
1.0793189287428666,1.0751244
0.5316788804022785,0.52962595
0.8863611354026432,0.8810011
0.0395832648359715,0.034437045
1.3440068684101305,1.3444139
0.5168147244667677,0.5147104
0.2833595672326107,0.27763006
1.315989825825238,1.3133963
1.3237024048682473,1.3238469
1.245515578019751,1.2429965
0.7621854347165841,0.7698175
0.4806368212201496,0.48096845
1.3491230520332478,1.3522825
1.2145108837930276,1.2142322
0.1370066285329744,0.13538992
0.3971923344428119,0.39606294
1.0484553148330769,1.0455087
0.9103292774498932,0.90699756
1.2476659681426314,1.2461392
0.6623394843429873,0.6613611
0.1604225188589386,0.16243398
1.7316613198013755,1.7340299
1.0942583431664388,1.0902612
0.8856983738654824,0.9194964
0.9983903319866017,0.99607086
0.1083937400569664,0.10683315
0.536652038932542,0.5369525
0.1100030498715793,0.10404929
0.842196361597004,0.8374213
0.951305677458693,0.9539704
1.1833365745518725,1.1829184
1.0189513567364572,1.0176129
0.0445521763638521,0.045149803
1.417134243352678,1.4159778
1.3756949463266783,1.3757102
1.2449866939406475,1.2440166
1.2816141166729311,1.2778597
0.2080882693419446,0.19273484
2.0836065267996737,2.073387
1.6432242304773983,1.6390842
1.57291523406067,1.5677112
0.0318941341649319,0.031082414
1.0497063065429657,1.0490781
1.1825051433903777,1.1794919
1.6411255751800289,1.622709
1.438138946399732,1.4398837
1.177642677024164,1.1871544
1.5353787714010887,1.5373474
1.497384297226923,1.4945745
1.3591330486015276,1.3574305
0.8625023708194929,0.86291385
0.8720018338584429,0.8738023
0.5483705242852069,0.5501276
1.3864809873105362,1.3860017
0.8548572365019875,0.8528032
2.1447756595357528,2.151828
0.0695243237441527,0.066889256
1.011532957616065,1.0114356
0.8945890162315836,0.8917344
1.1062198054315235,1.1094412
2.0734535459279604,2.0740595
1.0531372864719892,1.0475161
1.111292264052568,1.1044558
0.6471741440849332,0.6444285
2.184410908979197,2.1666
1.420370844258784,1.4215541
2.2277894249347963,2.20068
0.9372808289869274,0.9395554
1.230327151489153,1.2307996
0.9923290422694716,0.94984436
1.1781359589534854,1.1767207
0.3817408021067626,0.37993976
1.0015887108966313,0.99561584
1.3917753661930778,1.388716
1.0230074186308369,1.0272065
1.179512259555051,1.179949
0.6027168622307616,0.60586965
1.2425352157301095,1.2436103
0.0884923615201632,0.087963805
1.0053839706783212,1.0051484
2.17161514407108,2.1760902
1.8806887697601735,1.8730329
1.3333008424410322,1.3343794
0.9696303652585572,0.9731461
1.1482233504279882,1.1470069
1.0731937792544093,1.0821209
0.6859480197386234,0.6849846
0.2061413795130674,0.22557312
1.7720699377256286,1.7719731
0.9836821492759116,0.9810599
0.354117364302539,0.35662428
1.6044253941824358,1.5918007
2.011454840539448,2.0008147
1.02995847092518,1.0287526
1.2865502991003508,1.2893105
0.2903123621730598,0.29020703
0.6803091691549725,0.68372494
0.1880756177995784,0.18384069
1.1154649532201446,1.1095672
0.8907759398571905,0.89346033
0.0366432940234597,0.030677855
0.9171610898541688,0.9219398
1.1075891121259842,1.1018806
1.210273394016648,1.2080009
1.0831428544705315,1.0811876
0.1042400073169932,0.10363204
0.611636427527341,0.6153055
1.2157124534490222,1.2087607
1.153596085448478,1.1725724
0.1212237992952332,0.1216475
1.30746912298795,1.3042202
1.0785281811853855,1.0755883
1.2000585589407182,1.1991557
1.3441193716028033,1.3417209
1.3704496191066755,1.3712811
1.2179221618244769,1.2135179
0.6583560126493814,0.6545134
0.6416141255676372,0.6409738
0.956449428263537,0.9536507
0.7824850901151676,0.7891385
0.4348420111538589,0.4340807
1.030560573533428,1.0262364
1.3008821225172142,1.2942152
0.9232319494107176,0.9178911
0.9290068833625034,0.92742795
0.5015399934802988,0.49941054
0.550552415069265,0.54221565
1.5607315198771614,1.5553634
1.0951432269808845,1.0974817
0.0833519592778944,0.08640381
1.982952327617379,2.0033665
0.6680685529068927,0.6642562
0.7558578866979617,0.7497522
0.9067200856157688,0.9156014
1.857347778652605,1.8582294
0.3852563838106118,0.38946226
0.9266680466490104,0.92265433
0.0463425350381083,0.04757502
1.428886165967204,1.4244456
0.3507516286759128,0.34937474
1.1027156786620935,1.1028183
2.017757785861481,2.0121686
0.0442451681469313,0.03958126
1.6120792772227783,1.6036509
1.022806011271793,1.0319407
0.5744575159890022,0.58652544
1.073256088476368,1.0692561
1.1281162812648675,1.1258059
1.028941808030562,1.0268426
1.8938604152517056,1.895706
0.7760005163734983,0.77532095
1.281242088467759,1.2781103
0.3698724428190215,0.38386852
1.003646352913198,1.028214
0.116577543085995,0.11596417
1.1625456491019253,1.15917
1.117883866700946,1.115257
1.1178580502585302,1.1066644
1.0768878523429275,1.0849842
1.180914936021534,1.1792443
0.3918878268867738,0.3915379
0.8212516878737444,0.8064047
0.721532696866694,0.7311882
1.3107454893927053,1.312306
0.999744549773816,0.9998094
0.5793332886593165,0.5708745
0.7611080501645846,0.76391476
1.260684703276259,1.2712107
1.3284238282311591,1.3230989
0.4067810850218438,0.40446126
1.076652961980939,1.0750366
0.5888851122285488,0.5862401
0.6966219209473763,0.6923098
1.49309672022029,1.4914944
0.9831265571215392,0.9866569
1.2638403963182383,1.267137
0.9127576319269982,0.9128539
1.3943432167880456,1.3832414
1.217093297868984,1.2153223
1.3150386290121987,1.314213
1.5482136409661782,1.5426245
0.9079459648888342,0.9090102
1.3584260498597434,1.3571249
1.206944588863549,1.20535
1.0170830102963728,1.016123
1.2384180521670471,1.2403504
1.1547456645816443,1.1606809
2.153771867691358,2.1478167
1.2762001056716972,1.2643514
0.1995846260967987,0.19603181
0.7468811905665528,0.74621165
0.292605204482069,0.2998419
1.1466078132675674,1.1535678
1.1495662759725804,1.1464247
0.3957938945106538,0.40279248
0.924033249391768,0.922457
0.9462367079403884,0.9423417
0.6077177068265581,0.60897887
0.1226646944955678,0.122413434
1.6771215733794576,1.6991987
0.3671878284907712,0.36212018
0.984698332711653,0.99039435
1.9970089670824,2.0058873
0.0132206279410189,0.016876899
0.1891583402413838,0.18700686
1.7441887030255403,1.7445972
1.31581454076634,1.312968
1.353142789450749,1.3506984
1.0399589618753566,1.0423484
2.107519273863409,2.1091821
0.5459272457516073,0.54310274
1.890799564664391,1.8914173
0.8174682108916702,0.81694967
0.9903335606096514,0.9915283
0.1218601746473979,0.12158208
0.9375631473401558,0.94299513
0.9082112002031758,0.9119218
0.7924636129658799,0.7945918
1.0622895573926805,1.062867
0.5774069468624505,0.5733361
0.9219951960873104,0.92758137
1.1474392872844394,1.1420113
1.1282332276325455,1.125525
0.9982922676970188,0.99837565
1.2572981983686622,1.2592341
1.8307991814909288,1.8282058
0.2981543735119368,0.29581895
1.09121177007078,1.0968025
1.1231211175222424,1.1213155
1.0053060800249434,1.0012184
0.2657170301233126,0.25822622
0.5815912478993568,0.57910264
2.028119642496241,2.0289633
1.0853966388990106,1.0679281
1.9598819469467448,1.9526469
0.9435048880392476,0.93997264
1.2438783306042425,1.2451577
0.2635096357097236,0.2616258
1.198671260591076,1.197637
0.9125147246783166,0.9142706
2.0026828799674314,2.0163724
1.294113739612145,1.2914994
1.372879500291478,1.3760971
0.5086026192180553,0.5098115
1.2808604428791803,1.2817907
1.329683058694232,1.3286879
1.1251676349770452,1.1218157
0.1937314894367879,0.19120911
1.1883146905075053,1.1879549
0.5887399801066047,0.5897662
1.549083538226559,1.5449291
1.2742995674464423,1.2725455
1.0638963317900345,1.0619583
1.1494376731538556,1.147447
0.3923352561321649,0.39014736
1.7369390256134856,1.7285895
0.6753260064435178,0.6720888
1.080469074965405,1.0682807
0.0313129426569407,0.024377309
0.7030139956733253,0.7052529
1.1029294545982549,1.101009
1.1878688777743005,1.1759033
0.3793518454105744,0.38118646
0.1000139365171136,0.09433951
1.935578431369532,1.940306
1.0356259949030628,1.0320213
0.2639967230025837,0.2608161
1.1675361253655314,1.1741055
0.6409571430788593,0.63531375
0.1114107901831648,0.1118403
0.5558019099206633,0.5667937
0.5063619962531186,0.5037086
1.7787539632854907,1.7850047
0.3824562374294953,0.38034102
0.3824666066060698,0.38860202
0.9933060960459418,0.99431705
0.7321310983627146,0.73016804
1.002990768450752,1.0038848
0.9543922541346794,0.9531748
0.2942447062825184,0.29125914
1.1017558453417893,1.0995992
1.236423538446739,1.2337643
1.2475669308042796,1.2516166
0.6007712125218151,0.60063803
1.083784878377621,1.0829021
0.971360297550132,0.9607467
1.1841602565589868,1.1885763
0.6121739025495372,0.6207955
0.8181362348322133,0.82047474
0.937998373981791,0.93902946
0.6111218096649056,0.60394126
1.4417758679365824,1.433331
1.0501034355433692,1.0528512
0.8693561025998112,0.86354494
1.1723429203960736,1.1652327
1.905818343193326,1.9085459
0.3768826492566852,0.37585133
1.3044575239292666,1.3007505
0.10858904136919,0.10691298
2.041836011786429,2.0365365
0.0160571807068036,0.016187139
0.2303001234628439,0.23270595
0.7483573379158703,0.7449744
0.4906350300454498,0.49793592
0.4808721365485136,0.47824112
0.3853225412233071,0.3864527
0.1954583325974374,0.20216954
0.7170986532803968,0.7315209
1.5234119469589846,1.5169166
1.6609024503702758,1.6514158
1.8930608248181104,1.898462
1.0715409499154784,1.0769756
1.4223057569969522,1.41976
1.281096499184676,1.2827415
1.6049946865175593,1.5982971
0.7904982329514075,0.79143137
1.3329821235212278,1.3303143
1.0828360327886235,1.0729185
1.4350259087905128,1.5340928
1.0853194025784831,1.0856823
0.3676335895270923,0.35851932
0.3894976440932539,0.39772502
0.5794590726656268,0.5767889
0.0813373091373074,0.080123775
0.7317145215946821,0.72784466
0.1965582289048987,0.19357282
0.9329838189496708,0.93724686
0.5027136497210677,0.50097144
1.206875786666749,1.2043163
1.063515018068853,1.0602388
2.247020995621884,2.2422688
0.4617934105915489,0.4610937
1.109035090446935,1.0975156
0.9264157823566296,0.9191315
1.3893907467983122,1.3892161
0.7676814074550861,0.7660396
1.7719682229743914,1.7664996
1.039415672553916,1.0385355
0.0471899723231453,0.04490474
0.7425081007798487,0.7423116
0.1955483239705369,0.19391084
1.250874207922251,1.2475774
1.0607596601911955,1.0570503
1.3788411121114184,1.3763844
0.6028990240213221,0.6036386
1.1767229041605465,1.1759008
0.7079022750173456,0.7029775
0.5529869649425012,0.55016637
0.2764876920012414,0.28317234
1.2435150539258049,1.2411497
1.0300992324191085,1.0304859
1.083871446288636,1.0812817
1.0850117657334652,1.0810062
0.0455359192091128,0.044503592
0.7953767350343054,0.79551464
0.0128293877882045,0.011666201
1.4330149176874951,1.4772351
1.8931948950857391,1.8921452
0.4256824371708165,0.42576173
1.237210848137382,1.2307329
1.5431608127662644,1.540091
0.7904376586571645,0.7858451
1.9601644660068924,1.9537172
1.0983819534540902,1.1013334
0.2232083223770618,0.21932796
1.3812048511924784,1.3769614
1.0362479543150118,1.0539286
0.914383806987632,0.9425152
1.4368727384072433,1.4411418
0.9171540692385476,0.9163241
0.9545668977628856,0.9584864
1.223091937090608,1.2169527
0.3726919858449695,0.36714602
0.4723388080527338,0.470565
0.0213622556654175,0.019520488
1.4243565985197069,1.416985
1.5023290370979212,1.5200514
1.3637283796520492,1.358532
0.7305689954788008,0.7373041
1.0112002120946892,1.0113082
0.214893951723582,0.20912611
1.662274282843836,1.6501513
1.0643731514480983,1.0690795
0.4143446680288797,0.40260333
0.5492234792089932,0.5505434
1.381037821254141,1.380055
0.5608804459950433,0.5566693
1.0904887335112217,1.0894294
0.8270163186797315,0.82599807
0.96808460545993,0.9609153
1.2291199726955628,1.2345417
0.4139867695831181,0.4197132
1.1927207187393962,1.1955258
1.8790734896880597,1.8161016
0.147860090795943,0.14536509
0.1243537114412295,0.124083094
1.7050386770182069,1.6947244
0.4255568142732576,0.42813483
1.0463604590939335,1.0588869
1.2063721572309456,1.1996737
0.3407738346152635,0.34051076
1.5249902225988703,1.5249988
0.4053814868429848,0.4045808
0.3679475767679583,0.37222472
0.908804747293243,0.9079578
1.7414932495323503,1.7421081
1.2416391610712694,1.2381139
0.5015037012501751,0.50483304
0.22035643555525,0.22142753
1.372441940232941,1.366941
1.9289987197127525,1.930701
0.5474064296085239,0.54562795
0.0550467304335886,0.050774463
0.0332276844949903,0.0328843
0.3541956010698203,0.35494584
1.0519275449258634,1.046757
0.2591637618858761,0.25673136
1.2255794235096358,1.2235605
1.219191279137512,1.2193904
0.4685458634560967,0.46339098
1.9962590524851167,2.02685
0.9151146543500374,0.9190099
1.3235825011921545,1.3219512
0.9664530112663318,0.96638215
0.5092095799499081,0.50884956
1.5895856485093145,1.5855684
1.1959880442101567,1.1938312
0.8375426035749491,0.8355496
2.1248328211160588,2.1219559
0.0142715829872172,0.013185695
1.1770676172758248,1.1764212
0.4645934604763521,0.46241155
0.6782785958695489,0.674855
1.268208054641825,1.2676951
1.4307995092909565,1.4288275
1.5093411810964918,1.4842751
2.1575858279727878,2.1537292
0.7538309525163235,0.7588857
0.2812414916785736,0.2852627
1.3386353511437832,1.3340445
1.2250419529347547,1.2230759
0.0531083689376011,0.05445303
0.9709324410990856,0.9679904
1.318042982830455,1.3166974
0.0490705801425058,0.044403993
1.6004156441245294,1.5930209
0.7299241184427983,0.7273524
0.2418755507137771,0.24846184
1.2526491329034168,1.2508488
1.307742941587046,1.3166755
0.4229244770392945,0.41738197
0.7665552733455413,0.7617878
1.242815084900021,1.2390661
0.4403640163339502,0.44315732
0.9466608955774932,0.9469143
0.6185578459287056,0.6162412
0.0410962941554804,0.03595282
1.4991103816221,1.4486963
2.020732780328897,2.018309
1.0078474983856418,1.0007565
0.6930647028183082,0.68931097
1.9217027517349876,1.8757727
1.949319070750285,1.9372458
0.5421981640639749,0.54144704
1.1492592829659802,1.1484035
0.0587452158458827,0.059116542
1.7228704639670387,1.7385429
0.5708809496126541,0.56992674
0.0514164228946831,0.043450125
0.585333968103672,0.5840607
0.6546821864141124,0.65832245
0.6306398669055046,0.6337717
1.0985715058414405,1.1021439
1.1753736253160176,1.1739392
0.1344684088610994,0.15247479
1.3252681306332934,1.3313034
1.2183613948873055,1.2165902
0.6864916603457984,0.68198746
0.5575440313511285,0.5594295
1.0024871615580735,1.0007869
0.3684641165124199,0.36495143
1.0225561822304847,1.0111338
1.6716844169765732,1.6732708
0.9884238626149426,0.9871975
1.916254330005641,1.9131078
1.3887178515867622,1.3857658
1.0570837415248702,1.0592576
0.1062472144593605,0.09944392
0.9350568118834314,0.9372662
0.5357603215970412,0.53455144
0.4897698409301894,0.48695704
1.238498883576886,1.2363966
0.5731450982116029,0.5714549
0.1206986999728903,0.11864529
1.3641732477471311,1.3636546
1.6247997871808302,1.6234574
1.399550663904939,1.3954524
1.262726952732967,1.2572358
1.7902518941444778,1.80053
1.1654854816741271,1.1502545
0.5708464423099887,0.5681489
1.3684660648014126,1.3676215
1.0236042631563549,1.0285238
0.9907607034563972,0.98883355
0.1876164166683459,0.18581444
1.063171823151435,1.0524273
0.4557967659174548,0.48395613
1.2426146865062682,1.2364292
0.9133149064123226,0.91537
0.8550803144879918,0.85848796
2.166826524017024,2.1544907
0.2021570363810943,0.19202426
2.0382830944107986,2.037296
1.0153664108229856,1.0160754
1.0326561717331018,1.0251474
1.2874034789843587,1.2864891
2.1257996347703965,2.125157
1.7679535415217602,1.7705798
1.001845015205653,0.997785
1.3435418989623646,1.3407559
0.27705671028163,0.27265972
1.1866883268598831,1.1856289
1.2792411983548926,1.2766092
1.1876159966829565,1.1790179
1.247882417998914,1.2489921
0.9644075095925684,0.9639951
0.8739734589637235,0.8708141
1.308506014583634,1.3082387
1.3933597505481907,1.3902003
1.15756138000909,1.19048
0.8125523519275627,0.84048235
1.3188614434326753,1.3155465
1.1405882596029666,1.1378305
1.052157332315565,1.050168
0.5590870606215318,0.55828726
1.691584711100073,1.6863685
1.1022186036290929,1.1034374
1.1984173573880723,1.1995709
1.6977319620233056,1.6922841
0.0798367658492552,0.07200732
2.151741698900168,2.1501696
1.2769710874060354,1.2721574
0.0102329082442661,0.009018805
0.6458617950776948,0.6438991
1.2483288919797673,1.2433798
0.8813265630397304,0.8797855
1.8890170208434676,1.8801435
1.00903328141581,1.0070759
0.7459971305906049,0.78197217
1.9944484844780783,1.9973891
0.0141672423803251,0.012972709
1.012301831099483,1.0103316
0.1275336012799123,0.12667596
1.6565704873254068,1.6484087
0.9717151854826296,0.96984804
1.09601835885485,1.0942721
1.6614579448200226,1.6634853
1.5632510330074836,1.5573804
1.0751190928770449,1.0723915
1.6827934902311394,1.6816702
1.5610130741953905,1.575866
1.1183429716117386,1.1150392
0.996429579809,0.9885309
0.6304427446086102,0.62556815
0.4435785476005764,0.44343594
0.3454977158966986,0.34132597
0.0294378308185757,0.024535201
1.2293341682714485,1.2184033
2.202781141143824,2.1979692
1.1431474842256857,1.1452785
0.1966128595019373,0.18787912
1.6775181218078974,1.6712735
0.93813751121909,0.94005895
0.4957774755600967,0.48904058
0.5519704981228954,0.54809105
1.0479767062779335,1.0429131
0.3015316322123027,0.29982528
0.9370635710351296,0.93571633
1.9492022563666829,1.9540085
2.012112758349694,2.006946
1.4347955408469542,1.4337642
1.1479711824397767,1.141995
0.2467854387757929,0.24536756
1.0920744070639896,1.0891674
2.0384764303316363,2.043699
1.9793615163591625,1.9805319
1.2553252757180846,1.2512457
1.1008781733916464,1.0988616
1.0336160311763751,1.0196321
1.298775192122582,1.2959574
1.0065318505948275,1.005075
0.2391475219679756,0.23973975
0.7329532989685782,0.7292122
1.006185802943914,1.0031164
0.5549973524015414,0.5523587
1.9793997446316056,1.996943
1.0540044745477697,1.0503601
2.219127607750008,2.25258
1.2727891984306787,1.2760916
1.5776514331615887,1.5700672
0.1608949790546148,0.16050956
0.4129536690417745,0.401574
0.38049050889169,0.38667193
1.7407363045214697,1.7378244
0.4440487272897567,0.44534406
0.9366833357076484,0.9385973
0.8362174779695664,0.837419
0.1918124446906454,0.18189505
0.9782430216787954,0.9745369
0.7585659424609591,0.7585873
1.0888638843906109,1.0766654
0.075882736893744,0.06990636
1.6464318175498296,1.649402
1.4252044128745829,1.426705
1.9629973696543117,1.9603851
2.014502854657541,2.018096
1.063123973199189,1.0635468
1.653286968641564,1.6437641
1.153530774972206,1.1494496
0.482272806679536,0.48105624
0.4634238276803517,0.46220818
2.153293269093051,2.151294
1.235342034257436,1.2321762
1.3951825960982065,1.3942457
0.4463671166312095,0.44814447
0.0538461535150461,0.053381845
1.0438617016957317,1.0400314
0.9501224710979476,0.9527787
2.026510965186,2.028541
0.7731376003254622,0.7668926
0.9948686559013248,0.99212813
2.071787391079994,2.0690885
0.4841588349902526,0.48795727
1.3771770018568337,1.3746023
0.0975514574481854,0.0950732
0.1991521351367941,0.19444486
1.422164164011583,1.4231657
2.2140236667615456,2.2084124
1.0289408884857631,1.0283035
0.5153167458014305,0.51462203
1.2596496380709854,1.2668928
0.8651069749184891,0.86152494
1.0963523223957954,1.0975186
0.4704123836709973,0.47148266
1.2137289359435453,1.2110606
1.4039328747821782,1.3951306
0.8912784226330885,0.89334935
1.3291832373927095,1.3239594
1.1434574583708748,1.166216
0.1658466038817289,0.16099352
0.9711130665824836,0.9811535
0.804112813613915,0.80759084
0.975220846759252,0.977088
1.409074765303491,1.4090087
0.0314349951394318,0.030006915
0.1324531269234637,0.12465679
0.0290228517790433,0.026691161
1.1504922593451223,1.1518457
2.0106199765005126,2.0165265
1.1465640069465597,1.1552751
0.4595810977305798,0.45835188
1.0676313934719297,1.0748701
1.3476777847906296,1.3507879
1.7350488995387947,1.7322167
0.9970536395598992,0.99831533
0.2072567061188016,0.20741317
1.4502532359097609,1.445341
1.5920349835433132,1.585292
0.3890229510455215,0.38447532
1.497250668473469,1.5014307
0.5772119140879463,0.5569936
0.2974636219335204,0.29102054
0.5220809334264794,0.52233005
1.2958507454132049,1.2951231
2.209850927210929,2.197148
1.6290076212218687,1.621474
0.6122630707378516,0.6151225
1.288002687347756,1.2862954
0.0467814577806498,0.045961767
0.9806684681610318,0.982934
0.9270749034526464,0.916044
1.0771025202763824,1.0766387
1.3507068965297513,1.3496547
1.4143955893272586,1.4161673
0.4278583202169818,0.42503932
1.18862493868499,1.1910204
1.3683348962116444,1.3695508
0.0895955160767923,0.0858567
0.0201096910956577,0.017694797
1.5393901141063924,1.5370289
0.3225900809839068,0.32410112
1.1589618109267297,1.1576581
0.932881426111454,0.93368244
1.829613861009308,1.8370543
1.0858233020430772,1.0830083
0.9209287227968864,0.91821337
1.2443825444008378,1.2426902
1.168605651590085,1.1658354
1.1336945109787044,1.133871
0.181676122481598,0.1793795
0.0126508897410885,0.0127561875
0.0182971445391528,0.01661396
0.7450628918649267,0.74058664
0.3040255987747049,0.3024613
0.0831353390713728,0.08367448
1.0962526501451084,1.0944525
0.9581161621258582,0.9576088
1.0484212585766612,1.0457474
0.6459404138082013,0.64268565
0.8255443389838915,0.82168174
1.14841031755994,1.146799
0.8392419469662522,0.8413391
1.5806091001743807,1.5695692
0.6368487305036882,0.6374955
0.9807240808455344,0.9764215
1.312165006626525,1.3025842
1.453915142698213,1.4563363
0.0297562862977302,0.0264448
0.120359242053268,0.11487394
0.1007148420140393,0.09175209
0.9383119785244974,0.9401679
1.439851412091502,1.4368737
0.970231944020584,0.9639325
1.2439021770960288,1.2337881
1.2085180664735118,1.2085232
0.7096590468538861,0.7054155
1.2223500206319549,1.218859
1.1505334929141586,1.1278675
0.2146331463601316,0.21002647
1.0387985563540347,1.0385725
0.2054078523583892,0.2033473
1.3818025479633054,1.3815286
0.0330961390670991,0.03086517
0.6206615543475346,0.6232954
0.7181692269865885,0.72095245
2.1741550228916826,2.1728776
0.51454145718734,0.51576257
0.905272598609097,0.9130262
0.3708006752579429,0.36340585
0.9680139122874908,0.9663248
0.7896942581079813,0.7868983
1.2203913556553774,1.2257054
1.2232733502094753,1.2172717
1.2457020387043582,1.2444578
0.4693390158914413,0.47054026
2.158446990353153,2.1625297
0.6685303808300103,0.6669724
1.398265315329129,1.3915889
1.030508152469004,1.0253675
0.0482598817576716,0.048099577
0.6788764219166505,0.6798303
0.1828236917331402,0.17883131
1.5479488478442716,1.5456573
0.736734909841779,0.73966074
1.2192899699321142,1.2125508
1.1768354337125837,1.1745812
2.2401555665365924,2.2363973
1.0720330904670374,1.0651047
2.222294950289226,2.0508866
1.227169391902383,1.2250544
0.155217055032306,0.15074179
0.4678482303416056,0.4690756
1.0231264278781416,1.0218518
1.0085574287176162,1.008001
0.138207460803279,0.13590801
0.3358914157733538,0.3319096
0.4465320079949508,0.44280496
0.963604833595654,0.95096105
0.8054174395285506,0.80555147
0.5328632599488798,0.5312288
0.746722087736865,0.7445745
0.0490984028969876,0.044989005
0.5118539779063601,0.4951361
0.9776808907455624,0.9719945
0.0794991775342956,0.07494577
0.0255169511616754,0.018035099
1.623993015996541,1.6121491
0.4538595200115271,0.45311728
1.190404072539048,1.196848
1.3118481578790933,1.3022358
0.5778062962823113,0.57114387
1.4072570414949954,1.4022816
1.1504483631478746,1.1505733
0.1866080386252925,0.17939287
0.0924859832616697,0.092992775
0.0890110485603617,0.08202987
1.6872674769863054,1.6848385
1.4403783975471818,1.4410517
0.7829249111946065,0.78252745
0.0120759886055671,0.012080457
1.8624743922622984,1.8787339
1.374733702972469,1.3732059
0.7445799432272582,0.7320178
1.0835804997055152,1.084408
1.2098462328710609,1.2081156
0.6855297984587108,0.68591666
0.1339039428187827,0.124263786
1.3660158111346177,1.3513523
0.9696719828813852,0.9690691
1.0837600969582364,1.0814168
1.1221854380946488,1.1188009
0.0211124687984505,0.020743024
0.1156739874162939,0.11464045
1.271195815107316,1.2699909
1.0137223344456407,1.0116711
0.3978597200110075,0.39246523
0.4673454366770998,0.4646072
0.4808772435028732,0.47763726
1.4210100741839828,1.4206921
0.470005736885431,0.47168806
0.3774322488942533,0.37323305
1.3371526935248257,1.3435405
1.1245241395128789,1.119519
1.29619490700299,1.2927628
0.0114492445778791,0.0077008717
0.7405987236391601,0.7348699
1.2636192826786627,1.2623862
1.6516607316294487,1.6399289
0.7334348095188321,0.7352017
1.329554220761044,1.3331842
1.290284544313543,1.2995014
2.176658685938321,2.1742074
1.905985389723977,1.910447
0.0145511114123058,0.012849446
0.5495786893651985,0.5485306
1.6627878787016974,1.6450194
0.9564513413229128,0.95587623
1.2799723210000644,1.278206
1.050519150123815,1.0508184
0.5758255348445115,0.5734055
0.399897850707939,0.40873775
1.142948963889887,1.1437964
0.6342915460996148,0.6332368
1.7018213179854664,1.7188847
0.9978138762676724,0.9941108
0.4570477352999384,0.4558874
1.3311634558315992,1.3289094
0.7543156703612044,0.74600816
1.0508383098364809,1.0583903
0.8009286384016714,0.79879403
0.7898182363933275,0.7867154
1.3658535254028743,1.3675696
0.9626706024137016,0.9614925
1.147182718869535,1.1550955
0.4169006408917317,0.4156137
1.6901609206261672,1.687017
2.1085271073127125,2.122272
0.7667639707705618,0.76631665
0.9105204718936318,0.9104733
1.1075621219577534,1.1111896
1.1265646257010744,1.1268296
0.9291027926086124,0.9295587
2.1015009902377764,2.200861
0.0732413075866988,0.06996773
1.3805523332593412,1.3885484
1.2773118678631912,1.2846495
0.6120992483357095,0.60572743
0.2008598045674224,0.19518426
1.0882634723685332,1.0845156
0.0541336190454408,0.058694832
0.8890613707036609,0.8901854
1.1454488779947465,1.1484042
1.229251811792005,1.2275548
0.2996774462830495,0.30254763
0.5685480495394334,0.56610644
1.1741574784179427,1.1708324
1.1758859335302083,1.174494
0.0214788530007309,0.014214989
0.3570514509619518,0.35693112
0.0231466689022299,0.01877847
0.976210642956644,0.9765127
2.136200098706167,2.1236904
1.5141974070212056,1.5119368
0.6957880099049295,0.6989322
0.6064735269493412,0.6091533
1.2474978548719713,1.2450902
0.9661241344832868,0.9711276
1.1169338666085282,1.1186384
0.2361208851560054,0.23159298
1.8620606171260496,1.860173
0.7066067263355795,0.7010018
1.202918757796552,1.197515
1.165821134602219,1.1693436
0.4688648253605989,0.4662905
0.0610625496726967,0.05132512
0.7592261214869759,0.7598392
0.7767282838606121,0.773147
0.017145579828256,0.017742869
1.1792986890885897,1.1764544
1.0934363707742063,1.0876638
1.1081896034131604,1.1046553
0.2327025796123768,0.23544428
0.059185207864924,0.05235996
1.3845180768303211,1.3833882
1.0522253730022408,1.0407277
1.1263811475400898,1.1202776
2.007622726443447,2.013666
1.3600167268017007,1.3473843
0.4655877201970108,0.46018824
0.8117086499024914,0.8117398
0.7849043430839093,0.7786043
1.3984163457630796,1.3977077
0.9267366749412816,0.92735636
0.1511023733906319,0.1511876
0.9594160100407432,0.95866036
1.95299368440118,1.9438539
2.212653032368365,2.2213032
1.3925001960458598,1.3902239
1.2873111684914886,1.2856836
0.6195983411307198,0.6205264
1.056183025251127,1.049523
0.9384047305903248,0.93692124
1.0276148845430595,1.0517737
2.0553952771004456,2.0566924
1.436540344739141,1.4375303
0.0779625725239131,0.07418548
0.2357019761197302,0.2304492
0.5200909440544103,0.51875883
1.197056529908991,1.1922166
0.5753786056337321,0.57568824
0.3547845584294713,0.34812808
1.15342848008876,1.149791
0.2812564523687489,0.28182423
1.5256411848118276,1.5195811
0.5983077126496231,0.5978253
0.5391390145470859,0.53880584
0.8086022080800269,0.8060107
0.0275011850684146,0.025999121
0.0785921123192826,0.076487206
0.9091904040220836,0.90136266
1.3233794644663135,1.3213696
1.2868184625106789,1.274324
0.4010796861490029,0.399919
0.3940534345794748,0.39515156
1.2420124882774457,1.2426062
0.857222701712895,0.84889674
0.4260543852004838,0.42373297
0.1800655254099871,0.17925224
1.1725608263189162,1.1347177
1.3034896941803311,1.3010697
1.1528664193099354,1.1490481
1.218627486808986,1.2177205
0.6768986492917394,0.6745572
0.5812274681280971,0.58279836
1.415286629439944,1.4068794
0.9589945372337882,0.95398897
0.96674818862338,0.9647863
1.9991649502364908,1.9977021
0.5227687389898712,0.5240688
1.2913323102132457,1.289772
0.0391053237727392,0.033605963
1.4359508791427285,1.4342995
1.410633141172699,1.4056983
1.0609938124124811,1.0579016
0.2072107725501904,0.20365012
1.0708995693789083,1.0698364
2.15420183038989,2.1446228
1.1831024445700569,1.1812606
1.1825572669263869,1.1769781
0.2725341755632554,0.2743046
1.8213382725944955,1.8150635
0.6073516688045315,0.613505
1.4348673520379231,1.4339927
1.0199571759926964,1.009056
0.4351924889945461,0.4346636
1.0039599576761258,1.0013175
0.4100265993251759,0.40738544
0.5383055126567441,0.53427637
0.2577469618439372,0.25968543
0.9490864387776482,0.95025325
0.2372542685219265,0.24741563
0.0226487083186392,0.030319728
0.8646244253663926,0.8676409
0.5969548699331643,0.5822302
1.1857558840223072,1.1893703
2.20359567161041,2.1995838
1.1070338057036762,1.1127807
0.9754282679847364,0.9734435
0.9642302471876256,0.95785624
0.2155807686080639,0.21912435
0.0536938723421045,0.053799637
0.0349802329852428,0.029297926
1.308007225750785,1.3180288
2.2091339917862776,2.1980772
1.2748685940993685,1.273612
1.253339236059785,1.2487509
1.263765883484467,1.2641239
1.119085630382166,1.1114371
1.3377686060467011,1.3352935
1.731436783458654,1.7274134
1.9031659348753132,1.9023929
2.1569130864643973,2.157502
1.049045658004078,1.0571123
1.4710295901617318,1.4675316
1.1736647603272836,1.1732701
0.9606373258449276,0.95907605
1.654060572320064,1.6496887
1.3072532844681437,1.3050237
0.8354163569748603,0.8404003
1.295809920324548,1.2909883
1.2996355585525154,1.2974734
1.2446131067118842,1.2375512
1.2892402809812469,1.3507975
0.9405811256548532,0.9373178
1.0359695596997516,1.0358107
2.219139712839761,2.2168615
1.3192613791622687,1.3194699
1.1543526737106429,1.1521904
0.7869225330041647,0.78413963
0.9736772639470914,0.9734613
1.818155127341768,1.8208485
1.4030817751558045,1.4181613
0.4930866553211275,0.49264792
0.4073355712425292,0.40336737
0.8556157195524692,0.8596991
1.5940563737617084,1.5847217
0.5158154919239357,0.5179588
1.1280150910691191,1.1255286
1.3673519822666167,1.3670096
1.0673509638431231,1.06513
1.0058916067183596,1.0011753
1.2373973989705078,1.2320247
1.7213718261274669,1.7211406
0.803872519841836,0.8079196
1.30234484578368,1.3070304
1.282574610907171,1.279039
1.3766845459780708,1.3788
1.317136811954179,1.3193315
1.9202956338352488,1.9186134
1.3664967804433292,1.3662484
1.0105135156122187,1.0078185
1.497076970299543,1.4942694
0.6104340686808525,0.6127623
0.5840720917172078,0.5875437
0.096190339638994,0.093429945
1.2375743179128555,1.2371042
1.691289967142262,1.6893908
1.040311423788194,1.0369544
1.2970227045891898,1.296767
0.9861676199192788,0.98928034
0.0452228691143167,0.041146018
0.0975610834460552,0.09742933
1.012705656182474,1.0070055
2.212837259988976,2.2166636
0.6520983822100447,0.6562904
0.7294304328301974,0.7338265
1.4776620083930088,1.4763896
1.2776213215768366,1.2738357
0.9300883328743094,0.92725044
0.994935545904325,0.9917537
0.9277420137878468,0.9281411
0.6486665428933199,0.6491683
0.38926241236169,0.38617843
1.145627865428403,1.1417376
0.1569196132589572,0.1582962
1.2844964896462716,1.2864406
0.4175535809836465,0.418222
0.1447028806398362,0.14027712
0.6894427107513608,0.6895933
0.7230054610649712,0.7228861
0.1193384531240247,0.11510091
1.1956083578722008,1.1911614
1.191481593493504,1.1910496
1.7123886710833174,1.7233207
0.6415064531897425,0.64324385
0.6158544571994906,0.6089766
0.89350947731961,0.8978557
1.116013951784197,1.1221462
1.1007254645085316,1.0989609
0.1477650794269158,0.13883123
2.190402727087549,2.183379
0.9781575889427944,0.97741044
1.464488955481145,1.4626169
1.0028629596878,1.0009774
0.4590489156644086,0.45291206
1.0344678681900523,1.0406095
0.531684678679343,0.534989
1.2492149230510672,1.2455338
0.9563004441807794,0.95274484
1.733019811063805,1.7168638
1.8918588294029104,1.9002843
0.9374141629274918,0.9377865
1.4043091820213596,1.4097458
1.9461945205385085,1.9463615
1.2280367853444325,1.2228372
0.6701486797996682,0.66379154
0.7007274115959056,0.7060996
0.5576124610830512,0.5628337
0.9914093352632276,0.99433494
2.1797754199090105,2.1757345
1.3444196134179216,1.337685
2.0584809677596283,2.0574887
0.2011387716251877,0.20156142
0.0403956062097831,0.029968135
0.1924669851506159,0.18443239
1.189300356434147,1.1909398
0.7883281581717264,0.80378944
0.2658547221727446,0.2616081
1.3378722508728351,1.3351519
1.0965098287134587,1.0921929
0.5790674422608825,0.5789811
0.936228824889781,0.9273518
0.104309471980188,0.10787422
1.126515077555568,1.1167315
1.1671039879351073,1.16529
0.2367279046375322,0.23212859
1.2457259773478022,1.2451601
0.9351474653278566,0.93898886
1.3479381631796452,1.3410592
1.0185876271147047,1.0138012
0.101683843308327,0.09621697
0.1151494203283708,0.115044914
0.1180112511872749,0.12185066
1.2277575014237267,1.2292583
0.7713695663527017,0.775205
1.0384996197722176,1.0449739
1.4574341607494974,1.4599655
2.217524249434961,2.199713
1.004846510749865,1.0005841
0.0136457470551445,0.01233938
1.2597345379337528,1.2600691
0.4691726223356879,0.4620524
0.986664326315608,0.9862423
0.2529584344581263,0.25610712
0.9051209763326816,0.9033452
1.0214518004050257,1.0207587
1.185505399013503,1.1761365
1.1069353391199122,1.1023861
1.0892773896030454,1.1017386
1.079608607912197,1.0952853
1.2957497350334313,1.302971
0.5660463081765937,0.5639759
0.9014415726497568,0.9017343
0.9334805411077296,0.93104017
0.8553784428554079,0.84955776
1.2573803078277326,1.2555172
0.4555930657131556,0.45290026
1.0984402511672509,1.0952742
1.0264059102525147,1.026582
0.1557242330338587,0.15625244
0.0225853371138326,0.025912113
0.7020858936238271,0.6984423
1.3727111498965563,1.3779483
0.1277738293440349,0.13032877
0.6270415550687188,0.6322616
0.933002923297861,0.9340139
0.382237667772264,0.38148993
0.2610020338201717,0.25873157
1.2436236289214555,1.2415916
0.044477129967201,0.04059603
2.2417755210462387,2.2363791
0.9620906052345292,0.9586794
0.8169414405999095,0.81250405
0.95132509597349,0.9454748
1.1167391095259032,1.1128572
1.004485707888112,1.0043913
2.2084615570970416,2.190819
0.9160859368090072,0.92102754
0.5279505521540439,0.52737606
0.0326626811738396,0.027504437
1.2772339205146968,1.2762135
1.1283579116901457,1.122675
1.3314294060414908,1.3295468
0.4627360395905581,0.425566
1.0601811457948054,1.0587474
1.8831494540388365,1.8813952
0.8073355753619524,0.8025491
1.314151372211128,1.3100841
0.5789136638640728,0.58072424
1.3224110640711304,1.3199747
0.364279538049317,0.36126253
1.2584792340030453,1.2660056
1.9554909917160344,1.9451752
0.4165527876959526,0.41268757
1.1637742430588818,1.1636091
0.1628359294473058,0.16756344
0.8864799506469019,0.8990905
1.3142610340469714,1.3179443
1.3560844592568624,1.3478163
1.2068321898054908,1.2077701
0.9349883533761894,0.93918496
1.21271763714448,1.2105801
1.3961088343525858,1.3974326
1.006693759023351,1.0389366
0.0598401451673722,0.0585941
0.839132584712578,0.83446217
1.0955555956105762,1.093214
0.9451825372952012,0.941663
1.6523096875072063,1.6399395
1.376252569661455,1.3765504
0.663268421798886,0.6613595
1.2898978315087817,1.2881052
0.9310084047094626,0.9354253
0.4416571135877088,0.44154432
0.779739659070421,0.7784494
0.4149145354182524,0.41186845
1.570243416161171,1.5663047
0.3249679442365435,0.32932
0.7115944321064672,0.7090621
0.5407485293975944,0.5427214
0.2320700392432937,0.23774615
2.089805824825757,2.0929298
0.3330356576021039,0.32556325
2.1088285862023564,2.12976
0.3557436696013529,0.3595026
1.2369526485396605,1.2327981
1.1037319182889462,1.1035047
0.4953800816811043,0.49687162
1.268874812435638,1.2787497
2.1642362329693627,2.1585019
0.2135368890498055,0.22023383
1.0469249544205634,1.0433246
0.966957546053712,0.9673612
0.9802777171221776,0.97897196
1.2391064539864869,1.238415
1.2927389118327244,1.289535
1.7406648937366216,1.7374779
1.3784416986478665,1.3621361
0.6047200037378935,0.60607415
1.191409268671899,1.1906437
1.1351446232489737,1.1315038
1.38609630426773,1.3865588
1.2894652320445452,1.2724358
1.2371270541209451,1.241586
0.9773438944629804,0.9749551
0.6336375944180371,0.6357471
1.8355044158713445,1.8406522
1.3374499250856522,1.3323611
0.9123234166818188,0.91529226
1.3984681394866725,1.3968365
0.7538179635300679,0.75118756
0.4185426997838019,0.41858178
0.747888715204735,0.7412548
1.4194658951324288,1.4180264
1.1550785532968733,1.149076
0.0574927440687033,0.055117816
0.4555690720895934,0.45640734
0.1832321817418937,0.17484131
1.8263154888698416,1.8266635
1.110372399731628,1.1077334
0.5743674236109884,0.5776
0.5633893635547425,0.5606147
0.8277498820563017,0.8450713
1.0478251552664593,1.0470597
0.8172591384195792,0.81885135
1.5617952183696835,1.5583637
1.0206202816799992,1.021708
0.3171598244568968,0.3114084
2.0455797869758308,2.0507345
0.0205677618396491,0.022903323
1.0256492107003616,1.0223637
0.8110584049822028,0.8199352
0.785517680488348,0.78408533
1.255074037760035,1.2697772
0.8904590570100244,0.8919854
0.2318414617853668,0.22369736
0.6073640442278081,0.602162
1.0608506041124677,1.0552776
1.3337906869898375,1.3258836
1.8644163456395109,1.8690994
0.0215105399278567,0.01759113
0.5915009530165993,0.5891367
0.9875043208699124,0.9869733
0.6461245832913798,0.64382887
0.7501682051385352,0.7521443
1.060789349470732,1.056416
0.9328468212550431,0.9332592
0.7811690767000945,0.7816353
0.6008399360271531,0.58003926
0.1130852662669107,0.11019694
0.5666555629538742,0.6018487
1.4433057646624068,1.4463334
1.3061930491914586,1.3039697
0.6024375355490069,0.60369444
1.2035154687606209,1.2167037
1.005966844157447,1.0138775
1.1115817549505584,1.1137557
0.9506707686038464,0.9513063
0.2997112409809694,0.29847813
0.9474394642136682,0.9473403
0.9925386970923482,0.9983859
1.002263598109577,0.99939644
1.2312555418706703,1.228644
1.239471424031037,1.2385583
0.0164595776261861,0.01379697
0.9385770628295236,0.9407651
0.789577147468062,0.789071
1.559629470799227,1.5439591
0.1803104555334993,0.18125585
0.6668023165191521,0.66548336
2.1698808510197707,2.1514738
1.178949555306588,1.1926248
0.9319287696472828,0.9413582
1.1783534069656123,1.1726933
0.8099877495694475,0.814576
1.0041178410140206,1.0072266
1.1292880990009018,1.1327637
0.9126672892237973,0.92475086
0.8590593598953313,0.8583782
1.2458587470195663,1.2464261
0.7734481188792536,0.76542085
1.278302070528457,1.2771724
1.040697633395439,1.0403607
0.1108534019911834,0.111622445
2.061417921405378,2.059574
1.0553966922119509,1.0572569
0.7260342735481644,0.72751176
0.9222458566766426,0.92251194
2.2113638951996264,2.2123377
0.1906645292635302,0.18461084
1.36086355478876,1.3566828
1.7344362786239405,1.727715
1.0931236092793517,1.0910703
0.7534634421059454,0.75102025
0.6341770001569972,0.63043046
0.9361635806792132,0.9363099
1.374996530590996,1.3732114
0.9712428278383464,0.98206735
0.6501491571192783,0.64956254
0.4099171860356537,0.41519806
2.221690955661876,2.176735
0.8917548812316801,0.88780516
2.229650278036879,2.2154052
1.282185893324365,1.2800763
1.0372092270213449,1.0330944
1.2240697060596335,1.2274296
0.7443696773018003,0.7456216
1.061274933584375,1.0597322
0.86724274142374,0.8687368
0.1176218341074142,0.11132968
0.7300787234610154,0.71898866
0.8847326895511943,0.8883445
0.8917695654852704,0.8946985
1.012366044175307,1.0089756
0.2087531716444662,0.2081038
1.7156801443840424,1.7112434
1.1578041778805803,1.155491
1.0427616200561296,1.0416275
0.9730845405176866,0.9661691
1.3201321914013688,1.3146186
0.0722085690484276,0.07067159
0.9152952607604276,0.90836686
1.0141633543187498,1.0133605
1.010553659199069,1.0287298
1.4656926933516463,1.4626876
1.6369558822892565,1.6358929
1.7705203450313007,1.7816252
0.9562923311026356,0.9522498
0.8704981491674104,0.87442297
1.199072635279573,1.1947018
0.1292933714280079,0.122288905
0.9895034421198428,0.99610054
1.2077526356403918,1.2080206
1.3962940961784536,1.3953323
1.0447394991994507,1.0422843
1.260111915292241,1.2505422
0.0251018485037887,0.020208996
1.3367027501244668,1.3350502
0.9625923543715792,0.95511156
0.0379755002177244,0.034399606
0.4898302589957186,0.48854855
1.031575824352832,1.030415
1.3767554350052935,1.378106
1.0079217662327644,1.0072434
1.1143768131821243,1.1217629
0.0261318676536681,0.02467782
0.5245008834926564,0.5231704
0.3833070518376644,0.38418487
0.686820386076366,0.6819912
1.2624542012905176,1.2592219
1.0685664865649511,1.0635548
1.5038127887195691,1.6366295
1.438040077334187,1.4333872
0.9102705770150592,0.91509086
0.7207458099347707,0.72143567
1.643908281610738,1.636172
1.0516096723338169,1.0483639
0.5224171815431206,0.52121335
0.6524502142105678,0.65340936
1.088703444305955,1.0856133
0.5772189814874626,0.5754856
1.3211264604324635,1.3206507
1.029019539591228,1.0222925
0.9669169616701768,0.9666457
1.2596652849441576,1.2607019
0.9295730832990804,0.92848414
2.024360096150223,2.0270154
1.109389939246743,1.1048926
2.010091345754036,2.0076602
0.1697268794851098,0.17380247
1.341059014020515,1.3384564
0.2280272408985343,0.22432017
0.7120744873831037,0.70931876
0.5624470061879749,0.5639342
0.5921377202097026,0.59234905
1.0589248146980794,1.0591358
0.9293975233040644,0.92580235
0.8300343918012291,0.83138716
1.3677878224238933,1.3657645
1.0022491765030526,0.99988127
1.7342120098749154,1.7300588
0.987523890260158,0.99666893
0.6213750133780982,0.6183946
2.020356984823936,2.0249255
0.8174882818907852,0.81513906
0.1991780705676528,0.1955637
1.0412123867307048,1.051183
0.3649671734758258,0.3646333
0.8190218592383564,0.8170418
0.9151935486453086,0.91182
0.7946078851088001,0.7963427
1.2272040154734114,1.2258888
1.127732619198714,1.1441448
1.0343844065094745,1.034352
0.4500981390312988,0.44630906
1.1539893191512165,1.1520491
0.4469779303061026,0.43954763
1.4504414859317405,1.4485111
1.756334928018069,1.7583427
1.3552639462175569,1.3538303
1.796036637434687,1.8099865
0.1151158695647842,0.11455991
1.951920921408271,1.9506774
0.6022703048396431,0.6030251
0.974828212674702,0.97403574
0.9376837374958464,0.94337535
0.94204228386002,0.9387887
0.2444595833082494,0.24898952
0.6419089387521633,0.63869417
1.3842646549342994,1.381573
0.962809579041227,0.9623419
0.8068366861943229,0.8081138
0.3864706021697804,0.38837752
0.6050910850828211,0.60268325
0.8111871259150217,0.8118765
1.066193624507377,1.0618085
1.9518021322465515,1.9508665
1.3040801642352642,1.302913
0.3100377198812947,0.31113234
0.3774495903919039,0.37532943
0.5415966964855978,0.5351385
0.0194908202536733,0.01663373
1.9924524494502496,2.0062156
1.6405414979794448,1.6352702
0.6275864539878189,0.62458926
1.381553070139498,1.3786479
1.3638312147511362,1.3707607
1.4341744630421198,1.4333051
0.0316594529387832,0.030576967
0.5602229411202455,0.5574707
1.0531840391491214,1.0591321
1.3453024447730135,1.3429428
0.9402124195260132,0.9422077
0.9409334258352908,0.9394518
1.649361045130073,1.648127
1.2820575060671238,1.275179
2.064874858083678,2.07322
0.4810801597833564,0.4766809
1.3779210955567804,1.3720958
1.0346181188967862,1.0311724
1.3083984150256391,1.3060173
0.8380507417192602,0.8298025
1.3192082347198737,1.3145905
2.0762152922826647,2.076135
1.40277711210471,1.3943751
0.9635894192236876,0.9658003
0.927156806704258,0.9245951
0.040193295098782,0.036491334
0.744149648903417,0.75346416
0.962876207943864,0.9621343
0.7166494669436917,0.72433734
1.3926752156533209,1.3852639
1.0949279603054136,1.0924186
0.1415808502472429,0.13761106
1.1106931080859843,1.1122407
1.9790987209509905,1.9787922
1.2232175614157164,1.2225142
0.9047914359791102,0.90412253
2.0191151140681693,2.0202367
1.3634287230223148,1.3654021
0.9698137412985928,0.96792364
0.4445574587431124,0.44034645
1.0236847132354827,1.0202513
2.177495803083419,2.1705673
2.039328047083002,2.047858
1.0366663078430456,1.0321496
0.6756700422521787,0.67702997
0.3401686061458897,0.33386427
1.266122087989182,1.2632028
0.436469914605514,0.43642244
0.9891373371189508,0.9879215
0.8564249693569829,0.85241413
0.9507737052038152,0.952356
1.0821748895341314,1.0807734
1.0394425626546255,1.035664
0.2285371320579402,0.23107919
0.014578426082595,0.012458384
0.0475328639100606,0.045616128
0.3216384446809226,0.32958934
1.2460708277323933,1.2498546
1.5603969331564271,1.5601599
1.257448626042541,1.2563102
1.1614330810015097,1.1563448
1.80536961350848,1.8115487
1.0693211021258473,1.0703135
1.3706876841145497,1.3695524
1.088045055425503,1.0872885
2.186197650277884,2.1818173
1.0097291454320887,1.003161
0.7250438967880947,0.722257
0.5022016690441194,0.4992167
0.4154883296996872,0.42037824
0.512535003076749,0.50949
1.0257419452800098,1.0254514
0.9878872148357164,0.98818743
1.3631453249060976,1.362859
2.1412707865642275,2.147454
1.2311982756479682,1.2276261
1.2971600727539967,1.3003254
0.3890206017918162,0.3883073
1.356279490801986,1.3595786
1.6704763840603816,1.6717083
0.4257607634742952,0.4244798
0.6141261710671322,0.6348076
0.8803882328546965,0.8798294
0.1541134442257114,0.14904451
0.1869707598130991,0.16445273
1.8693046251675025,1.8689384
0.5208241852038882,0.5224109
1.2518459983007355,1.2448739
0.4993317187718316,0.49951544
1.3713273458303523,1.3691214
0.3702768395237517,0.35407364
0.3014576214895049,0.29821765
0.0873395207921182,0.083087385
1.3276018761719022,1.3199701
0.525278516775702,0.5291631
1.161457103704631,1.1584535
1.361419267556255,1.3736258
0.6654515518067405,0.6599834
1.0013276637510595,1.0018469
1.220848500247824,1.2178935
0.1365059012857602,0.13525823
0.5419729061880498,0.5385672
0.9210072365569848,0.91661936
1.4313253168537363,1.45199
2.0586587865408026,2.0514708
1.418753542067459,1.4152093
1.8815496531121547,1.887854
1.1096169302795262,1.1034145
0.0118120840175116,0.0063425675
1.3829151651300098,1.3987689
0.9891395722794604,0.9918095
1.3291204065060858,1.3380433
0.3642005954501291,0.35977072
0.5721980249753182,0.567966
2.1827276966543763,2.176136
0.7470704142833268,0.7463512
1.1071384434012093,1.101585
0.0160829320509573,0.014862657
1.0050620688847245,1.0035967
1.1462870183259968,1.150507
0.3746864236897161,0.37900412
0.1463027553900592,0.1404159
1.252090604934579,1.2486144
1.8708607910623007,1.8781552
0.366251067687508,0.37803122
1.0835093679985843,1.0803193
0.9755397760685104,0.9744321
0.4958448079803966,0.52141553
1.1300419758879532,1.1287951
1.0257662891921084,1.0247264
1.5338609904388854,1.5281786
0.0128572457893362,0.012420673
0.9437824677301492,0.9445493
1.073383077516257,1.0657425
0.5237845260902088,0.5188175
0.0479384283904234,0.048455395
0.4243323667564592,0.42490298
0.4731374788050513,0.47165576
0.5280958225882615,0.522193
1.0180861983971257,1.0159886
0.5131068554651865,0.5110378
0.3929097254739703,0.38943225
0.0179695799754727,0.016691878
0.5857058786096835,0.5839838
1.0042194894220309,1.0006129
0.0413379307255485,0.038652338
0.8993420235664129,0.8935448
0.6159709082794107,0.6141614
0.9961601827151176,0.99487126
1.0843784691106877,1.0809604
1.3668915285312178,1.3528527
0.4320119672453082,0.4468387
1.0391827436457552,1.0359188
1.237674257777674,1.235419
0.0425765734981286,0.037870556
0.5108386719327617,0.5095881
1.3706460346746656,1.3696136
0.1620945239942945,0.16232258
0.2113870869200373,0.20847708
0.5096424290526602,0.51127845
1.6430131341346033,1.6404129
0.0314990939202855,0.02707731
1.1754375761394336,1.1744258
1.1783813237510394,1.1750156
0.9139222710573836,0.9135103
0.6028502210160905,0.605078
1.337314648996685,1.3341126
2.103926167711306,2.103606
0.9746023877643912,0.97291005
0.938521884866328,0.9343199
1.0782388947261394,1.0769222
0.1487495844315481,0.14743188
0.9727849453414336,0.9700823
1.0996526168051333,1.1024657
1.4144682341402983,1.4103833
1.4167031103196803,1.4113542
1.1048870455226352,1.1074436
0.6605857715003296,0.66481453
1.0158348311475802,1.0211885
1.0306713122076514,1.0235909
0.0921481782224728,0.09065149
1.4476115570913843,1.4475683
0.933307967046272,0.939541
1.1873018173026664,1.1863973
1.565292655213837,1.5600629
0.6361360904515706,0.6315235
0.7080027624306147,0.7082274
0.2535473010688883,0.24051207
1.3840591920230465,1.3745515
0.736234122977212,0.73436713
0.6294433301515139,0.627879
1.0752593536332755,1.0759394
1.7881981203612718,1.7876323
1.7727282280577843,1.7721343
0.0288243038385167,0.024553977
1.217172487658864,1.2154142
1.2100268081782424,1.2114269
0.503172956412995,0.50341195
0.6987263177206369,0.692238
1.9852512236898157,1.9783695
1.30536954134264,1.3017626
0.9502598131689216,0.9490326
0.6560708285595883,0.65842646
0.9660342784055354,0.96881866
1.9680265118294256,1.9752464
0.3644923914883751,0.3594845
0.7792781918200168,0.7776339
0.888707232788975,0.8940755
1.189881614449954,1.191854
0.6706762119187237,0.67045057
2.11677535069519,2.109224
1.3129422197345737,1.3161781
1.3495521777964667,1.3438655
0.4567119252625323,0.4652442
0.482300051437922,0.5227612
1.2892173024777789,1.2879771
1.4132164306961832,1.4154893
1.8165258510529965,1.8149747
0.3783126166157003,0.38199356
1.1317468076037502,1.1346456
0.4412614712657893,0.43896967
1.0386583020448146,1.0349145
1.129723366817878,1.1184063
1.1448884997441815,1.1315765
0.5269098558921841,0.5258554
1.2153399913843057,1.2218127
0.497789088916427,0.49829128
1.35495621742208,1.3608735
0.3102461427790398,0.30186573
0.9425546716674936,0.93822205
1.3257100079684605,1.3206552
0.939116888464018,0.94111454
0.8823204457005345,0.876897
1.3506282272259746,1.351063
0.593036657632916,0.58757335
0.6389678566291981,0.6387818
0.6606900897173961,0.6580006
1.5357689028246335,1.531276
0.277605281363404,0.27842563
0.9324539837677834,0.92938954
1.0795309126866004,1.0824958
1.2019993630945756,1.1993704
1.2198678201937885,1.2213008
1.108886496023021,1.1040637
1.7203585658434402,1.7235849
1.032741291004034,1.0294538
0.1996612084280493,0.20304248
1.6531738181933295,1.6712956
0.0622300212649391,0.062071167
0.9923213866019228,1.0009633
0.7694378978574842,0.7707184
0.1707849669389827,0.16436079
1.036073960679622,1.0275025
1.1066294199774274,1.1026597
1.3566437562571834,1.3564775
1.0556027268257824,1.0513182
0.3675277456848796,0.37245393
1.1445806058375156,1.1447037
1.686037147905817,1.6931969
0.9600449772746212,0.9542437
0.1144577945775574,0.10710042
0.992747389583276,0.9932083
0.6326767293947534,0.62705195
1.128729148398051,1.1389643
0.4150493597556416,0.41253918
1.1592955277055028,1.1580373
1.0429469856939628,1.0349274
0.3609644777128388,0.3579511
0.1666498023267809,0.16255584
1.055138596460579,1.052209
0.9365650123308424,0.93519264
0.9006707441044651,0.9210293
0.3943922976229682,0.3861628
0.9131419809497244,0.9047186
1.2051059394265675,1.2055166
1.8656466069858424,1.8604289
1.0812169511787948,1.0952884
0.5647438007129575,0.5610874
0.0661572996235742,0.06711548
0.5529290172600352,0.5595323
1.0109664052386909,1.0111661
0.5645898545184339,0.56479466
1.608048109687558,1.6234562
0.1003100411931325,0.095043786
1.3578756079074417,1.3528862
0.2170887226785197,0.21497369
0.2776368060710539,0.28386155
0.547026223076488,0.5450597
0.9993351740307505,1.0085073
0.678163094542328,0.6787156
1.1805191098662269,1.1793619
0.9288376992016156,0.9324983
0.904433596495036,0.9036799
1.222875020375679,1.2197329
0.5126271366132268,0.51154995
1.196833099727012,1.1922965
2.145420642775788,2.1288927
1.1423347503882633,1.1382378
0.3471357112666298,0.3546724
1.5764722654428334,1.5708914
2.0678517692561846,2.0703664
0.0802097092079444,0.080163084
1.3247692652337302,1.3535104
1.928815399828412,1.9389861
0.0729742967657267,0.07025438
0.4777482838995142,0.47316876
1.577640411506073,1.5714188
0.4768238027112234,0.4810048
1.182726353281246,1.1881112
1.383410534224511,1.3824909
0.0376086541618955,0.027735367
0.4434094019486734,0.44450453
2.2019164041540864,2.1878915
1.0124739436260857,1.0177698
0.9847151131214062,0.98284066
0.2561307316809929,0.25431246
0.2935028574473988,0.2804183
1.280959816753697,1.2796134
0.6761748903503947,0.66967034
0.5484358568281754,0.55254406
1.1561775160126715,1.1567059
0.9014003519112628,0.9032792
0.3748192899231622,0.37646976
0.9954737599062852,0.99460745
1.2085857653599927,1.2048281
0.0167964361338764,0.020612929
0.833641846598278,0.8310625
0.9155788776485446,0.91993105
1.1359071725010117,1.1349996
1.4040708076419333,1.3923746
1.3332714853056844,1.3319156
1.7144686833694482,1.6748776
1.193866576344966,1.1893948
1.4358414315365058,1.4215235
0.6889366343635559,0.6912154
1.0618934352700649,1.0575657
0.773763832990916,0.7734828
1.0099057822670583,0.9998348
0.6642099020204972,0.6602585
1.390476942155306,1.3914055
1.265945267486821,1.261863
1.7685322295725086,1.7673671
0.0252585177666746,0.021844909
1.7049726516464954,1.7031925
1.9018871041325984,1.90204
1.1777156038924803,1.1735435
1.2340080896791603,1.2322419
0.201811971320253,0.19348875
1.0435118388752005,1.041656
0.4584034713136818,0.4579874
1.5649854727483197,1.5605848
1.0264588186752863,1.025927
0.0731981798765611,0.072591916
0.9719663440186378,0.9708619
0.0753110943232623,0.07532788
1.0024929415558188,1.0038673
0.7318201011110238,0.72930336
0.149296975634959,0.15107569
0.8680638617012711,0.8714875
2.088232689708408,2.0886817
0.6358829556215323,0.6360624
1.8264844757417,1.8358735
0.8073991119118863,0.8025702
1.6694677262935431,1.6638572
0.5692061169898814,0.5701449
1.7951683078224956,1.7995266
1.8354217853584116,1.8373481
1.381095909717736,1.3829541
0.6135789791083077,0.613617
0.1093010354532647,0.1074528
0.0491454428544035,0.043949686
1.301759210563793,1.3090992
0.903664175386356,0.90506667
1.4369590300785104,1.4133453
0.9227522827726564,0.9234005
0.0920582235148276,0.089045785
0.7187322278786261,0.71368796
0.9856912833081714,1.0172256
1.7107024806366813,1.7120703
0.6420272970116143,0.6490241
0.4797006118056904,0.47986868
0.1422478315138959,0.1411914
1.9539235652980316,1.9540467
1.4349027670050372,1.4375782
1.758192002625429,1.750473
0.0810697245074291,0.0778136
1.4300269486792376,1.4360989
1.2464264223854191,1.243659
0.9395883296847304,0.9417136
0.672207404590409,0.67403156
0.9940877205529116,1.0100765
0.1364798749096215,0.13913229
0.5065055460305717,0.5131277
1.3941143775877765,1.3937963
0.2132405255030473,0.20943841
0.9719061301285046,0.9716766
1.1845893708540147,1.1828517
1.344945991347476,1.2280471
0.4916341097805054,0.4900613
0.6840858019322348,0.6833765
1.059035285822651,1.0551026
0.9533690079593722,0.95951355
0.3420548881403316,0.33872536
0.9153483759088604,0.9088552
1.0059066927516174,1.0098705
0.4475848880516693,0.44858384
0.7688924714849437,0.76585835
0.8631545054410538,0.85629666
0.789757872664408,0.79133976
0.4590022581958717,0.46031323
0.0565093853021983,0.057125576
1.381577582471886,1.3801455
1.3556044152987492,1.3634585
1.00275065910834,1.0014356
1.136083373882557,1.1360714
0.9115785471927316,0.9115686
1.3660163598548831,1.3634013
1.0316911002655595,1.0277866
1.3664156832422336,1.3703703
2.168415797289285,2.1643248
1.1279930918795198,1.131169
1.487732481598754,1.48223
1.5955865571986314,1.553467
1.1983734826585215,1.1957083
0.3855091375791983,0.38426027
0.0954899152294387,0.088148795
1.6734965406837246,1.6714432
0.6727646753934682,0.6710098
1.1952798313637538,1.1937752
0.9192123284315404,0.91605526
0.9694224976334834,0.96976304
0.0148980377452028,0.010811325
0.1366041019698987,0.13113219
0.442804419350717,0.4371915
1.5250143972725856,1.5272747
0.7496319270637652,0.74995613
0.5989656896446729,0.6026327
0.1413355094968406,0.14724854
0.494136458358405,0.4954523
0.0104959735119476,0.010142956
1.2801369196041457,1.2715255
1.268302198718593,1.262646
0.9762508151536758,0.94769436
0.3002970629620622,0.30364946
0.0106146264307486,0.011802804
0.949536409956253,0.95233953
0.3118137919991212,0.3121058
0.559680275244025,0.55600107
0.829669037517805,0.82629406
1.009854068101678,1.0078577
1.3134630451203464,1.3113049
0.948741546528745,0.9432907
1.875414835769661,1.8667268
1.046819249969297,1.0438873
2.1548161074658103,2.1514552
0.205603061915461,0.20062181
1.1590979308612883,1.1542645
0.936871253812018,0.9369851
1.0018504572393374,1.0078263
1.150749777772848,1.1371706
0.205519644109507,0.20576009
0.4005338476557263,0.40249062
1.56531411820385,1.5580691
1.0624478955709074,1.0609062
1.3078232258445746,1.3019495
1.1307395556551798,1.1284337
0.6200182687043307,0.61839116
0.5308262472763519,0.52982336
0.4669106009667967,0.46491656
1.1436229103202682,1.1534852
0.5930710831913328,0.59556794
1.1815540647948302,1.1737413
0.7188009950230652,0.71984786
1.3862898120373948,1.3790345
2.136785596455118,2.1231303
1.02234548335551,1.0208361
0.1465377593724491,0.1476908
0.0328865453174597,0.027213357
1.0172988933794096,1.0124072
0.9592083808210426,0.9702921
1.0024322222198805,1.0008061
1.069787369397839,1.0680659
0.1356148443386603,0.13400301
1.979725945292507,1.9835336
1.2875605804438703,1.281425
2.1460192310315245,2.1280506
1.0249969618013508,1.0240226
0.8676009380337507,1.0724057
0.2367683325324666,0.23579657
2.0316083218233723,2.033006
1.149513242642833,1.1603749
0.8712944734127323,0.8758365
0.6250835715382939,0.61963713
0.9410978327885584,0.9416517
1.2537597387431756,1.2532159
0.8877243640026253,0.88564026
0.5791682800674729,0.57461715
0.8531868133275821,0.85730994
0.6035304624281433,0.6062554
0.7175811122536507,0.7242348
0.4855068671279568,0.49506167
1.065448380577484,1.0594845
0.6783711985409252,0.67236614
1.4113889744731778,1.4069657
0.0919988242754789,0.08100813
0.04035050609328,0.039913267
0.9919248223249756,0.99393654
2.1635382956492077,2.1616063
0.7836262892721136,0.7851229
1.2122135144078396,1.2156423
0.1107711508486467,0.110916026
1.2057583126337583,1.2031505
1.015995506265076,1.0251244
0.4197844884482481,0.4230478
0.7305865019921333,0.72480494
1.3173705383019891,1.3176912
1.3661326203725406,1.3675268
0.2580420427746295,0.25863138
0.9511480372554996,0.9731679
0.1132101551406212,0.11310881
0.0229937115492087,0.019785509
1.1154439396303726,1.1111887
0.40840061422117,0.40019178
1.0486103193625171,1.0420613
0.5090613794480051,0.5083488
1.096326362214158,1.090414
0.0647335130303654,0.070239246
0.361244976475167,0.35815564
0.090171592572519,0.08620331
1.3006011696368336,1.2983232
1.1218379795904632,1.1197311
0.8459196779433007,0.84347093
0.5852717375094603,0.5831615
1.8750816115116675,1.8888006
1.380670141913582,1.3524348
0.9311211422270552,0.9286374
1.822779383220064,1.8256629
0.3859897536516387,0.38607457
0.9209473122975356,0.9214262
1.4154365447400945,1.4152659
0.9017547047524804,0.8962239
1.8342194260394569,1.8476359
0.6960949985869236,0.6920855
1.3039852936701823,1.3058689
0.0534775438953973,0.050038897
0.9933934800889967,0.9915904
0.9573274248802576,0.9597711
0.951457352757555,0.95067465
0.4688660361483854,0.47134337
0.9788165580034132,0.97713935
0.6817986275519231,0.67998755
1.3862918838909324,1.3823415
1.2688248571653469,1.2732677
0.4192153830886239,0.41853395
0.4124347039282725,0.410287
0.3595631430172104,0.35804242
1.0060973948747531,1.0077771
1.6739065152870218,1.6664774
0.5910933107387766,0.5875002
0.5303070964354349,0.5284256
1.1097552860782216,1.1073997
1.1167058019501264,1.107955
0.5004103548307005,0.49605402
0.4760184466367749,0.4758493
1.345111611221037,1.340902
1.4582856204060175,1.4546319
0.4108864221250268,0.41338152
0.354583162134912,0.35328773
1.2247272722927731,1.2193749
1.0683020120716955,1.0649986
1.840776451734819,1.8326936
0.3917484056512376,0.38151526
1.1977757181571438,1.1987954
0.5572092971802175,0.556583
1.3727407630207054,1.3754252
1.0585838735772688,1.0583639
1.0958040376481413,1.089225
0.3241121822275179,0.31835428
0.4650725591360706,0.46161905
1.9109672105826236,1.912255
1.357146676291597,1.357954
1.0801761227474196,1.0795822
1.028583227617322,1.0203017
1.512317807488854,1.508224
0.951474241448899,0.9361683
1.7166321689116502,1.7136534
1.510722001287492,1.511379
0.6988143515403727,0.6976688
1.031187577534914,1.0178982
0.4437507526300134,0.44226396
0.1012922909597582,0.10273952
0.3650932158200823,0.36378047
0.0567916128239196,0.051972367
2.2287542496553225,2.2488372
1.077985990754003,1.0746464
1.4437794650105582,1.4502141
1.1690860729165606,1.1516424
0.2564406881688472,0.23826009
1.2197257653108473,1.2192308
0.9413190950941044,0.9382266
0.9139357333251656,0.91332364
1.131650948266047,1.1121246
2.133404755742616,2.1243985
1.3760856888717603,1.3756957
1.4477165144079214,1.4593881
0.5741115999394619,0.5859581
2.0984392634248703,2.1161125
0.9605131088472189,0.95645404
2.0280841162739764,2.0321114
0.192448283264337,0.18868783
1.3385759987840251,1.3339481
1.3585693354917416,1.3685362
0.512013743153024,0.502787
1.8640453522531504,1.8630965
1.8421429914983316,1.8424834
1.0710799729394076,1.0695812
0.4710899492912439,0.47102115
2.097354101583421,2.103966
1.3803520134681355,1.376529
1.1941477078500788,1.1926241
0.0291473577325488,0.024968423
1.5490473819168216,1.532846
1.0969627433184626,1.0952795
0.3980647146862391,0.39506015
0.3179397013543365,0.31757408
1.9714265565593192,1.9728725
1.1031390108888828,1.0997653
0.3664977382854929,0.362201
0.2168045016942568,0.21450466
0.5484827517138228,0.54448825
0.9369455339843004,0.9348125
0.1513588769196041,0.15319362
1.7884317911173695,1.7875854
1.9042893867243853,1.9407907
1.076001305522432,1.095411
0.4507204166408881,0.45201227
1.300677160996306,1.301587
0.7131702605264677,0.7156084
0.0554341431258521,0.053931557
0.2851241941468257,0.29223248
0.0544373939631281,0.052245833
2.1595634506224712,2.1587784
0.8363752648666128,0.8316053
1.1413759549464284,1.1444405
0.962794112190229,0.963699
1.0766437613802438,1.0741093
1.028642649076641,1.0287781
1.0550209813398044,1.057703
1.99536870955672,1.9951003
1.8220776435111816,1.8296329
1.1150087708962917,1.1044055
0.5081780755576623,0.509181
1.1480608703503443,1.1530473
0.710905000288653,0.7111096
1.3099548132546068,1.3057382
0.92600174136127,0.92742014
1.0420809894738694,1.0378927
1.6263704945324633,1.6168859
1.969907647414018,1.9576383
0.8586828755445552,0.8566545
0.2200970004478342,0.21993318
0.0251196729263319,0.031193681
1.3357074797759834,1.3338737
1.1950756032037366,1.2030382
0.957630269147647,0.95973706
0.0282143181781164,0.03570231
1.0612388119673528,1.0588974
0.4456941709748114,0.4445475
0.2324272861464786,0.23229223
0.680366303162875,0.676861
0.7737351932660096,0.76933175
0.2919186277228421,0.29350433
1.0440242516802432,1.0377101
0.6783868725091059,0.6786457
0.9355834110890142,0.9377996
0.0935094600435283,0.092518695
0.4030742944040059,0.40784806
1.03965349587992,1.0378318
0.8805135203176133,0.8860447
0.5572071774332997,0.554811
1.1862392426332815,1.1836478
0.8061766733053678,0.80520225
1.1405343717639918,1.1533318
0.0556267707062342,0.04572218
1.1024185648452232,1.1039178
0.3735908594826279,0.37315074
0.5827601492659258,0.5815308
1.1737083077927817,1.1721411
1.58660334633942,1.5777202
0.7554422844584926,0.7594565
1.6912330863990546,1.6779914
0.054247323170645,0.05253297
1.7307697145956216,1.7257859
1.5185074276314416,1.5180075
1.345065677415246,1.3487047
1.4862999368997318,1.4828904
0.905968266492651,0.91602945
0.6732625251756256,0.6746943
1.0857145247351707,1.0844587
0.1406886497364526,0.14137194
0.8355048351587164,0.8352516
1.6844107940221609,1.676422
1.1233884916625887,1.0918844
1.0344121774968942,1.0268887
1.382622146290942,1.3803135
1.3980945976231731,1.3967861
1.1563954927367128,1.1518676
1.4356973136370934,1.4346037
0.8540782401342942,0.85727924
0.4602060831360053,0.46201107
0.704056672386174,0.7047264
1.0705213554305677,1.0717926
0.0429019104403433,0.041020013
0.1527985480504276,0.17726433
1.152020923026959,1.1406298
0.7712165782250298,0.76884025
1.235220800094635,1.2320839
0.9830156255794632,0.9936389
1.5861565531014472,1.579778
0.5874834641192492,0.58793056
1.3118224053949497,1.307035
1.2511474020557278,1.2499219
0.8801941003319268,0.8767653
1.3170689158707405,1.3145388
1.062211859594535,1.0697229
0.7176688904083742,0.72494423
1.3546466771440149,1.3543245
1.3144823465066915,1.3131661
0.8274836654374613,0.83282316
1.2737944955910216,1.2727349
1.3484519741991905,1.3458765
0.4922751686997854,0.49611774
1.3994273963885546,1.3956976
1.1478958693093568,1.1472569
1.3309049986532302,1.3296025
0.1428405400568228,0.14525393
0.0604607596314813,0.05825404
1.0604036656276965,1.0601279
1.392176132614737,1.3860707
1.55755627347756,1.5527076
1.0720337000339015,1.0725917
0.2688136006138475,0.27002496
1.330363633926506,1.3217736
1.195920416680169,1.1908962
1.0937358022908488,1.0908834
2.1509723206532656,2.1554275
0.0981636398796154,0.09857241
1.2791692371995038,1.2824143
0.974776494472562,0.968228
0.0287237304191702,0.023816865
0.8787336876234444,0.8782308
0.6080910582422699,0.610245
0.4979012986095136,0.49460128
0.2190006586510729,0.21385255
2.1290205284737937,2.1327388
1.266692785308953,1.267403
0.9493902438528358,0.9450945
0.9625480999604716,0.9544843
1.0279415547821933,1.0244038
0.4612520675513975,0.4616365
0.5761874459590308,0.5810523
1.029928386533568,1.0300295
1.5555844957101537,1.5592834
1.3619058050532202,1.3666527
0.4329393761517358,0.42896938
1.6729448927433097,1.6725236
1.00076075558518,0.9959829
1.139742537622752,1.1353025
0.4661828201288499,0.47095338
0.421970235681301,0.4292272
1.2131544489311077,1.2173681
1.61266631020869,1.6088074
0.3628127586728225,0.36783528
1.3906720041053229,1.3848467
0.2583989408397291,0.25648087
0.7479933414885419,0.7475799
1.5642864413204969,1.5552503
1.1190181750064,1.1119882
0.7920653362790697,0.7896544
0.4160843285638974,0.4154154
1.7720917293882132,1.770858
1.2547734468852911,1.2534517
0.7300101291566269,0.7362186
1.2214006126626855,1.2254596
1.091111124563893,1.0941519
0.7762098909350283,0.777416
0.8191372377539097,0.82144713
1.1251462501790543,1.1317282
1.4554320710671973,1.45242
1.1277411816380951,1.1193845
0.3415294502403465,0.3249655
1.019015238867635,1.0208485
1.3862101007075696,1.3794746
0.2947161954856141,0.31087613
1.0083936349721432,1.0057404
1.2751276298831604,1.2675319
1.0091927480712837,1.0076661
0.4845857517060734,0.48143277
0.0250935363850852,0.021103188
0.9458233462130824,0.94649935
1.3159469976764355,1.3122526
0.0582155162574134,0.04981798
1.0933483020605217,1.0923225
1.3808927767609254,1.3709693
1.0021998861927983,1.0005845
0.7872985984134067,0.7860525
0.2929448350715665,0.2929472
1.7503132354565638,1.7595927
0.3418869920039542,0.33687785
0.5819817243353053,0.58584607
1.054101723282882,1.0483215
0.6778972831555764,0.67774534
0.0292691159065525,0.03083247
0.6098694821283726,0.60893303
1.962858064788319,1.9455208
1.2249805878033135,1.2284966
0.4307238440938175,0.4284741
0.8359818210017425,0.8337691
0.4049364219939182,0.40138683
0.7217604327599976,0.7185042
1.3407516051357835,1.3404397
2.0010514311297083,1.9967489
1.7512650016534836,1.741765
0.9354260027645644,0.953467
1.0065459275905786,1.0042146
0.7534862407173297,0.7515778
0.1486668899402893,0.14836752
1.8352764119319784,1.8410991
0.9896708510311923,0.9884881
0.5036411821615817,0.5045642
0.9758403117549268,0.97066355
0.9351969971396836,0.9350168
0.6114323303727679,0.60900587
0.7077359355831279,0.7007437
1.5012892665602715,1.4966161
0.0932625471253355,0.08983185
0.999990873728716,0.9997599
1.903418161334595,1.9035342
1.9794667339886485,1.9822986
1.0671012744701658,1.0662147
1.943849078706431,1.954497
0.413413886798795,0.40938234
0.7990687736304541,0.8127911
1.1717767960553056,1.1720724
1.1530820050209156,1.1541947
0.1095760418137036,0.110435925
1.3784625355387563,1.3840029
0.5716539285536443,0.56955296
1.4032292851489354,1.3963424
1.169971794793235,1.1697915
0.0648215614250006,0.06537812
0.8956580585593756,0.90030557
1.2749135845137542,1.2782463
0.0919135848508917,0.08810184
1.2581323568476572,1.2625557
0.0234093898765904,0.021844417
0.978255417086825,0.97957957
1.647276754520421,1.6050329
0.8473179072599507,0.8494298
1.1302879487215547,1.1154485
0.7974611822130916,0.79673874
1.0895297047248806,1.0772424
0.9114043237867367,0.9086304
1.007037249280001,1.0095173
0.9413061215658376,0.9421169
1.985107102817678,1.9880233
1.408960566496725,1.4064865
1.0276085978288476,1.0237237
1.834872266813899,1.8383255
0.4269703387981078,0.42765898
1.4995370260149663,1.5016243
0.991909773739426,0.9889214
0.0380303503899329,0.034170248
0.0244310338522615,0.022198606
0.449601212076019,0.45094073
0.2538476225579197,0.25529385
0.9579936604270856,0.95871043
0.9026602111408218,0.8994149
1.0292709968248197,1.0274459
1.5945568003783237,1.5834196
1.584694510595111,1.5944989
1.246238328441436,1.2429862
0.5941064071886268,0.5821836
1.00047688079023,0.99816704
0.5876366277865952,0.58843756
1.4467086205513808,1.4485172
2.163115334487776,2.1653793
1.0593252762433392,1.0562854
0.9559509677225032,0.95931804
0.9459153275088148,0.9439459
0.0484777784744121,0.04792384
1.4379054731177787,1.4337671
1.119810309051898,1.1188349
1.019101067024082,1.0162041
0.9085372772665772,0.90491104
1.137310785629295,1.1375186
1.1932891902462814,1.1929862
0.4208169736120813,0.41760436
1.0370323997966917,1.0310593
0.9145229777246248,0.9154793
2.056855066575469,2.0588076
0.9254519668115954,0.9220522
1.5586384051653217,1.5608678
0.6191039104774301,0.62007755
0.9336644550946336,0.94577223
0.8376984415012833,0.83663607
1.4757009588767005,1.4769793
1.048509196549593,1.0463188
0.0543266673228117,0.05297426
0.241918095157022,0.24646714
0.9874414559276448,0.9823382
1.719121345634419,1.6508207
1.4034293943845229,1.4028842
1.299363852173561,1.2981027
0.9434908695690672,0.94099265
1.8183556263541467,1.8309892
0.0532243420912626,0.05635167
0.2581718047045401,0.260272
0.5888844971937456,0.5896965
1.2177551053522244,1.2126938
0.3739601749957392,0.3795
2.153534383091033,2.151202
1.3009814663698671,1.3002937
1.4623098899158908,1.4617103
1.0968354996676908,1.0996096
1.2149029689838466,1.2155957
0.387027386107278,0.38778254
2.235652301342508,2.2394898
0.1239849171537846,0.118746094
1.8388348459741863,1.845908
0.9624250504104616,0.95453537
0.289896344687464,0.30044916
0.7478609107368108,0.7413858
1.0999421832398275,1.107025
1.0289879294851014,1.02971
1.0650623185095651,1.0657464
2.2311485085702527,2.223212
1.4262820631017898,1.4242314
1.2427262652181656,1.2396815
0.9092968571441706,0.90999204
1.983714470914532,1.9788334
1.000384806259736,0.9912139
0.2084731330870868,0.20932144
1.130612667797763,1.1291095
0.4595763383333774,0.458458
0.9734606097059488,0.96819484
1.1118960710941377,1.1119767
0.9807694155459749,0.97558856
0.074095874614825,0.07102298
1.272378511598664,1.2689122
2.032600434625184,2.0429447
0.6396269932260584,0.63971305
1.2941146457465036,1.2929208
0.638663260259742,0.63261235
0.6146707272539789,0.6104624
1.0516871419112497,1.0447277
1.3247096684587,1.3242173
1.328501848550557,1.3322196
0.9414295072855664,0.9402066
0.480754762216853,0.48233673
0.980981327529136,0.98979056
0.1747218288371268,0.17277971
1.4896016504619385,1.487036
0.6080035547606095,0.60845375
0.9101228028933408,0.9176387
0.0906135050003733,0.09053429
1.3591545105940483,1.3591459
0.4054734340291386,0.40692106
0.3503617813393561,0.3519625
0.0205300037067103,0.01803584
1.2234943472208508,1.2308851
0.91407182687129,0.9291786
1.0100374060696768,0.9965253
1.26102588896964,1.2552514
0.6696481106449834,0.66481245
1.2530876093240406,1.2586375
1.1092053982879913,1.1121867
0.2531316295250473,0.25531855
1.076894079487082,1.0787685
0.3829976144501273,0.3817695
0.9604701066148476,0.95704937
1.0096901096568889,1.0169965
0.0245718660948149,0.024763886
1.2068527466266046,1.2083893
1.4024010994602722,1.4027575
1.031642974068681,1.028589
0.5026905030524355,0.50570214
1.1351199338175166,1.136163
1.4556159666973978,1.4540102
1.343505164750754,1.3509121
1.1196407852017376,1.1216954
2.125587096547407,2.1059866
0.9847616677030308,0.9809662
0.0189637250390384,0.017089013
1.2679525795461677,1.2929312
0.8943705047341337,0.89788723
1.5677198492460585,1.5677583
0.050164838042033,0.049637116
1.060303989070133,1.067229
0.9803784724256276,0.9793403
0.4659859227327962,0.4669753
1.0558648164119786,1.0519385
0.1989921509547227,0.19308388
0.9857568969800764,0.98474205
0.3120229807881003,0.3090317
0.211415062785505,0.2143628
0.8613753389307518,0.8740513
0.9960956996458068,1.0010502
0.5617036187491536,0.55969065
0.0147702538472041,0.0097254105
1.9462115205643336,1.9616712
0.1319689424326199,0.1275334
0.602448694339169,0.5991419
0.2200422223860053,0.23100144
0.9033993162556035,0.90279466
1.3705203490593438,1.3702545
0.0416208878382454,0.038843654
0.217284606109296,0.22197396
0.0618802794504637,0.05962932
1.7788003413052864,1.7666556
0.9787729895784774,0.97798586
0.582730299503918,0.5853235
1.7131487660679263,1.8220389
0.5005519875662304,0.49986818
2.1243721507252573,2.1126993
0.8671456540215119,0.86920136
0.7064379697279932,0.71526027
0.967399912963792,0.96780217
1.0718518598303672,1.0726935
0.054823773266026,0.056455433
0.0237479003653333,0.01951681
0.5684035171689755,0.5677734
0.0421189895092925,0.0405576
0.6814789579366942,0.6851908
1.2128876633713428,1.2179172
0.0435228313986072,0.040196583
0.1435850067478924,0.1405549
1.4335104067767408,1.4366004
1.0016834819668694,1.0006304
0.6650506387257149,0.679857
0.9151968350140322,0.9115653
1.3009342458869906,1.3027437
0.1564451295060526,0.15572864
0.5368888244067668,0.52732444
1.0302268594949875,1.0239662
2.1147840675011618,2.0983799
0.7390748898194851,0.7339509
0.1027539008463371,0.09455832
0.6959616663849949,0.69325364
0.7955737141002641,0.7926241
0.4721590158484384,0.46347287
2.2227213705256874,2.2157836
1.923823024884354,1.9278224
0.2657304340848564,0.26614654
0.7730374571886166,0.82266116
2.1910854845752583,2.1815896
0.9608272568762316,0.9657173
0.2589476638046122,0.259752
1.0516977853561629,1.048396
1.4243971961756623,1.4216126
0.0134669929531991,0.012183469
1.3161998569336648,1.3318077
1.0012726009493649,0.99625206
1.3573849194177976,1.3602648
0.9229963171562828,0.9137037
1.5413644782572842,1.5347713
0.9995819740980956,0.99811745
1.3009361817693013,1.2977514
1.056787373606436,1.0563256
1.309406188994584,1.312179
0.4159549996403958,0.40767857
1.2067759873893176,1.2037281
0.5443903443188552,0.53644896
0.7003258852435266,0.69632554
0.1847058101713302,0.18531623
0.7339156529424525,0.7375495
1.4081045219995585,1.4143836
1.1414384307126642,1.1449592
1.0792268522776778,1.0769477
1.4064760084695909,1.4055017
1.047214080054131,1.0453284
1.4393253224378002,1.43704
1.4077757612690942,1.4110969
1.0498311219509704,1.0458202
1.2214382724441777,1.2194993
1.9548078146563663,1.9600786
1.7700449731675514,1.7518666
2.0104324623275627,2.0066402
0.9102567070835388,0.91011053
0.6708407711066586,0.6713582
1.0924281704242218,1.0909089
1.0121821720583155,1.0136031
1.2496714663975708,1.2480075
0.6029898970993567,0.6036324
0.0910922922796677,0.08940742
1.126958352948675,1.124164
1.0522027669176055,1.0472096
1.1796801973459643,1.185133
0.723795527977912,0.71971107
2.0862004524465587,2.0812237
1.3867661074270077,1.3792777
2.162606016062221,2.1166854
1.1927368448678335,1.2015935
2.0916589749897168,2.078708
1.221088063135324,1.2209429
0.9766216024922778,0.97798944
0.5798146646801241,0.5735592
1.7118530364469384,1.7067916
0.0668499810767857,0.06790178
0.9339823348566986,0.92942256
0.1991725615158435,0.20126244
0.6982882277668061,0.694561
2.221694446244933,2.2103627
1.048258598811667,1.0490508
1.0722927650924012,1.0672653
0.9595141552333096,0.9655554
0.1224477156688401,0.11917148
1.526430855185835,1.5318778
0.957313696528822,0.9599156
1.0589843656282747,1.0582587
1.6875079055621005,1.6869018
1.0245024444901016,1.035109
1.5932055615317489,1.5948831
1.9045923625439447,1.9416063
1.1745247852004252,1.1791283
0.9791200172215916,0.98256624
2.005112388327404,2.0085633
1.770481873339394,1.7739211
0.2510758490262309,0.245076
1.122838590860623,1.1317995
0.1205061522111321,0.11885496
0.5451669366934179,0.55057085
2.221129260773814,2.2106793
0.9298906587488234,0.92742366
0.8933845172795835,0.8925743
0.924582569473222,0.924282
1.1658802414669345,1.1647196
0.4460520351335209,0.44929278
1.5219164429764973,1.5189962
1.2440326821703347,1.2501925
0.9163354889202072,0.9242774
1.0300035783688573,1.0279247
1.3091104878485669,1.310256
0.0712322671600942,0.06891011
1.0048572917270069,1.003881
0.0201107649467554,0.014875393
1.2030763658917332,1.1938531
1.0023935806744606,1.0052222
0.9335045812792544,0.91785157
1.4165128766496833,1.4137062
0.5108549724915893,0.51175374
2.21896612848593,2.210633
0.4004435394298798,0.402641
1.868148980550364,1.8707365
2.161205696369095,2.1559217
0.6470783139473143,0.6457829
1.099020327213313,1.1032053
1.370649964070151,1.3648942
2.1414244037075667,2.1385784
1.449586160384767,1.4462494
1.067994178571344,1.0664382
0.9216939931397718,0.9234125
2.062142433592057,2.0556438
1.396583519257066,1.4000952
0.0684887304619013,0.0646882
0.4079792389121035,0.40552112
1.1322031094641456,1.1272156
1.0028445244222848,1.0046332
1.264647230424746,1.2423761
0.7076216372578965,0.70259976
0.7419757959481165,0.74314743
0.0375297041033185,0.0328601
0.1044859767427069,0.10221545
2.0865677449905644,2.0950544
1.2573926522363212,1.2543252
0.0425983396821066,0.039728098
1.059354274509908,1.0587242
1.5424258768394696,1.528604
0.6459725485393053,0.662329
1.4203467080212686,1.4489074
1.3707255015877928,1.3694313
0.015686532444847,0.014214762
1.6913010808802174,1.6925269
1.0294946513452614,1.0150931
0.8013046901870672,0.8064058
1.2005260332136305,1.1893392
1.074707309677592,1.104792
1.1127812034791944,1.1157461
0.1983029564114408,0.19955048
0.5221667532450263,0.5147567
0.9766048178233976,0.9847336
0.5890287239949294,0.58793
2.171823957176385,2.1764758
0.0992916199008839,0.09429743
1.9663905974795333,1.953201
1.515100901263976,1.5208707
1.911104413489027,1.9198464
1.0328693727930696,1.0390044
0.6467409786644597,0.6440908
1.1981253959922025,1.2001559
1.8816774458683576,1.8839443
0.5635825433598219,0.5669594
1.1162813408760628,1.1169627
2.125324415539221,2.1075015
0.9220693894440296,0.91563475
1.364325447617243,1.380103
0.7645518689576446,0.7598386
1.7092983229586047,1.7104135
1.3123563020022817,1.3180277
0.4828515201975316,0.47838315
0.18773356342582,0.18866786
0.7000285125952193,0.70155334
1.2944976080518582,1.3121544
1.2287428450840578,1.2231958
1.329981135017865,1.3648798
0.8323276199822248,0.8334198
1.1521425367451628,1.149321
0.5730843546142076,0.56936795
1.6075583009017684,1.5989904
0.526110075444796,0.52777284
0.0327079742842471,0.031296343
0.9626559164204648,0.96225804
0.4562666750353502,0.45416456
1.860940647280808,1.8729779
0.7796197404821382,0.7779277
1.823343438294972,1.8270018
1.003521841423481,1.0004859
0.0657446131236845,0.06691928
1.3037582177412446,1.3023958
1.2269498090042956,1.2326989
1.3349719070803612,1.3394649
0.106787020933146,0.10272018
0.6111719469080121,0.6097614
0.0553315089200274,0.04828523
0.529126832566173,0.54254794
1.8310234628533204,1.8317454
1.119318843497894,1.1140709
1.504805722196897,1.4520814
0.9711296480195272,0.9725189
1.025491379889645,1.021079
0.8963526532434412,0.900286
1.3455365856744623,1.3451855
0.4350014330230766,0.43542293
0.1066384985240974,0.10383304
1.2976183457713346,1.2948947
1.9557423667661609,1.9566092
0.1765792807265715,0.17728534
1.3768782090489988,1.3738031
1.3541161839206295,1.3549865
1.07392994456911,1.0685982
0.3819400491138123,0.37638643
1.759318512978183,1.7576878
0.9338949230986188,0.9399937
0.6190999308990999,0.6153026
0.6987739658041495,0.6943445
2.0743201618165585,2.0715744
1.6577192379340229,1.6479255
0.3922462653220012,0.39604673
0.0667408700643199,0.0692328
1.255119437158305,1.2514106
1.2973104736861731,1.2958609
0.7852732253063518,0.78112227
1.7238435194249404,1.7261316
2.183713297211748,2.1813076
1.401241882062745,1.3961104
0.4030081518479115,0.40207243
1.418645976629303,1.4161155
1.0713616131766457,1.0669606
1.076106802506516,1.0718198
1.096477612059652,1.1089165
1.6264362897805904,1.6209631
0.4724706385407983,0.472468
0.6418185984643994,0.64238673
0.4402249800659638,0.44012025
1.092982453215221,1.0918381
1.3914938784848707,1.3830066
1.0218310549721326,1.0099925
0.5755471502768416,0.57404953
1.0924865313343208,1.089795
0.3680265962383655,0.36546466
0.0403751541976304,0.039353147
0.877273505678022,0.87503827
0.3859255954896038,0.38368583
1.8147591091028643,1.8274393
0.9701317204785402,0.9304111
1.1922662409364786,1.1892267
1.3038111800174996,1.2999563
1.9710323433522248,1.8768868
1.3825995834896176,1.3818419
0.452406465519407,0.45256
0.3621946331930724,0.35715827
1.2576942724853306,1.2561013
0.7278541336270238,0.7273741
1.15687058899423,1.1559695
1.7854292942030114,1.7931035
1.051875409139471,1.0470254
0.5616053897535588,0.56379986
0.3005456849248725,0.29831126
1.8430297736218697,1.8430812
0.9570870976419754,0.9563792
2.1739882799851244,2.1731217
0.3909111542263794,0.3922458
0.4799403411889367,0.4784617
1.0903395426249591,1.0867219
0.609657107761141,0.610343
0.9202885966019256,0.9162583
0.934496275887942,0.9379497
1.042252851614789,1.046025
1.5296148788399269,1.5271933
2.062650045006791,2.0650537
0.9381096954763144,0.9374248
1.6919816131478935,1.6861076
1.0377082934200843,1.0388153
0.569199482674658,0.5704105
0.6076470943719214,0.60543144
0.8336348567390428,0.8357351
0.1444918936341035,0.14722615
1.0840103053692476,1.0797374
1.066157487179977,1.0629196
1.4180114393085097,1.4578547
1.1018203288661823,1.0998836
0.4138728931385901,0.41729257
0.6157399400303939,0.6185055
1.2734158076474549,1.270579
0.5874689905571167,0.5969431
1.3293890110271684,1.3284093
1.2250445795537348,1.2502066
1.570124215351104,1.5577672
0.0116651648444562,0.010125998
0.8850484554381739,0.8725848
1.2499841672828451,1.2508972
1.022996181785269,1.0196898
1.1944992732933788,1.1920583
2.019757807661726,2.0205424
1.073924271910713,1.0740502
0.9233153203122524,0.92188174
0.5256311432946568,0.5257817
1.2403175590763542,1.2527099
0.839689142838617,0.8425432
1.0165066762278052,1.0178027
1.216041298848059,1.21924
0.8946472647052702,0.89013743
1.5160931772523258,1.5085304
0.0669248160159003,0.064370774
1.3072342307743836,1.3045132
0.2390508318384019,0.24027112
0.6730954351961644,0.6721512
1.0118435253675089,1.0109031
0.0111403926582808,0.010569613
0.1860237004131988,0.18245414
1.4853001269581028,1.4831998
1.0741836762446917,1.0879977
1.8664887310142813,1.8721437
0.6694935255295283,0.65501744
0.9235283141193044,0.9203173
0.1199158613622122,0.11947458
1.3307377141174517,1.3302865
0.9238481864237204,0.91983664
1.4752325080837694,1.4697527
0.9648759310406172,0.9680264
1.245007300320649,1.2371153
0.4763547385446665,0.47450754
0.5986418593742753,0.5975865
1.1795947634571873,1.1728973
0.989598421249434,0.9873822
1.2816932819209097,1.2784761
2.1005008686693896,2.100333
1.0329636715132036,1.0339187
0.0205760777999134,0.020080093
0.0727609826863579,0.07075343
1.1076080637068724,1.1044034
1.033534794952826,1.0461875
1.1524762995700994,1.1526732
1.827121765157112,1.8243084
1.3630474640873085,1.3571396
1.4068649742214128,1.4050733
0.02719695786202,0.021855079
0.6523533754773638,0.650638
0.5689167468094818,0.56215763
0.0645053012077728,0.065875106
1.836647124506624,1.8322618
1.296774914166873,1.3004651
1.2893594305899352,1.284993
0.599273361475587,0.59523726
1.30300954579043,1.3013874
0.0961758799361022,0.09530037
0.3768085100899301,0.3746928
0.8666714232960063,0.8682319
0.3917017668618013,0.39074826
1.1210399751353497,1.1176585
0.0450566929694251,0.041653574
0.5047440939645134,0.50563705
0.0722211851855553,0.06863401
2.063245566431388,2.0630863
1.383341844535095,1.3830616
1.0800973169931585,1.0786526
0.2810106986596982,0.2807736
1.3665362371049208,1.374036
0.8111561367080996,0.8133663
1.5217916084368357,1.5195841
1.094111852527819,1.0907122
0.5046139083925401,0.49284258
1.2753665891357333,1.2742131
0.8050873593206922,0.8004193
0.9470949637449398,0.9443807
1.0092704269849015,1.0083486
1.3660852663894154,1.3689762
0.9885546649486652,1.002601
1.0765300789347687,1.0788043
1.6141663365944172,1.6208522
1.3493442372626197,1.3564924
1.033505587267625,1.0317332
1.1026784916181134,1.1184967
1.7540322279073186,1.7499609
0.4098363684601647,0.411632
1.7202435839075028,1.7138542
0.9397511412410428,0.93238974
0.0516494003316451,0.054839812
1.670166897828583,1.6651142
0.2836325368186349,0.30486223
1.8319521466576876,1.8294972
1.0475116803024205,1.0359924
1.2118368344581736,1.1831155
1.0783037079109257,1.0814843
0.6242226029946307,0.62105465
1.0181940679338837,1.0222684
0.924752338973428,0.9167266
0.50427389726049,0.5032228
0.1546234882931747,0.15385798
1.340997280054511,1.3461771
1.414439615816976,1.4135537
0.9674771553233648,0.96952605
1.306562144673361,1.3037697
0.9333672158015062,0.9362912
0.3861717107741961,0.383158
0.1427817451164716,0.1439012
0.9159895546805792,0.9135731
0.0783521147875992,0.075035535
1.0201839669551187,1.0283923
0.8351564049801065,0.8383246
0.0373558129236097,0.036742665
1.7771186270977923,1.7695277
0.5094752947641731,0.5079847
1.1394841318185314,1.1384687
0.3260467661024958,0.3370173
1.0982609571902595,1.1041136
0.1087511545510579,0.10207408
0.7554696821271476,0.75451094
0.8488649016719243,0.8552557
1.0720821532592766,1.0691047
0.5884586507193915,0.5826434
1.91172569615201,1.9186093
0.1652765641132158,0.1560587
0.1814860774698313,0.16761726
1.166167727560885,1.1674435
1.3826119793259553,1.3771739
1.2159079340932613,1.2202661
0.7543980672452879,0.7604417
1.98883390781442,1.9920828
0.4930642008866359,0.4935992
1.4298027297787987,1.4308518
1.7723894527430275,1.770469
0.1072047994208046,0.09800475
0.9791656176472036,0.976743
1.2342636189353426,1.2350897
0.937050938601574,0.934841
0.9918502287516668,0.9932612
1.249488398568477,1.2455127
1.0232287641976705,1.0138898
1.3911427020661264,1.3900166
0.2507627241881948,0.25432682
1.22626125409007,1.2230275
0.6824349351869052,0.6910715
1.239047022867095,1.2725927
0.4334751875425143,0.4314716
0.9944650331473508,0.99344444
1.3298300015744846,1.3266034
0.0507316926151694,0.05877585
1.52480023066382,1.5202454
0.318065745123172,0.31422713
0.5149896649986409,0.5098541
2.110586629416349,2.1090586
0.2690986156271264,0.27361006
0.6890697557128579,0.6874355
0.8410963622814063,0.83908993
0.9607768533052512,0.9631965
0.4530275053834122,0.4513542
0.3715613691359655,0.3753296
2.175652663884671,2.1704144
0.0830494149090339,0.08431724
1.1052469063999464,1.1031914
1.2729000168734017,1.2748376
1.3166043742787503,1.3119354
1.6667036465434069,1.6527195
1.4931081061807971,1.4925452
1.0617739011332694,1.0660194
1.5321383142638347,1.5279176
0.0468805988096869,0.043105118
0.5053251473730488,0.50578547
0.0398215424112779,0.034959234
0.7092728384682441,0.7638473
0.396883898287781,0.39895678
1.2877244936412409,1.2848713
1.026957534896677,1.0298853
0.1073736569146194,0.10277311
1.3637200456504324,1.3986905
0.0726848274561364,0.06528692
0.9248693681685972,0.9212876
1.4174430936240838,1.4150608
1.1971975889934767,1.1978456
0.390586454509937,0.3881341
1.0287826605357475,1.0255898
2.057166678931456,2.0578456
1.3521094772118667,1.351603
1.658605934833976,1.652567
0.8658927167623378,0.8649975
1.3492929392342423,1.3494443
0.960946376801482,0.956269
1.769716652738495,1.7676659
1.4131814839763028,1.4119314
1.0422916233649435,1.0422134
0.1620440886927244,0.16346416
0.5419610918395374,0.5387105
0.594823854282457,0.5953816
1.030292058463214,1.0332541
0.5583510740078802,0.5634412
1.0729042753182938,1.0737882
0.406516591949099,0.40639275
0.3734679348281824,0.36759803
0.0386656631832569,0.037298054
1.1843804208148792,1.1907592
0.96413158265103,0.95863336
0.969188153544275,0.9662576
0.9076380306268846,0.9070796
0.9488958173112724,0.9463564
0.221595491877855,0.21645245
1.005316565912349,1.0006939
1.3079691284050046,1.3045472
0.1389665824736989,0.13903975
0.8920043655830766,0.8911984
1.1027760291974025,1.1098363
0.3212377139246239,0.32453287
0.0707021958772945,0.06919704
0.2347548062860186,0.23473784
0.7306378773650889,0.7788406
1.099468002803418,1.0966307
0.5460878744558524,0.5464579
1.110798903352077,1.1123779
0.944154296901141,0.94307613
0.1174290950945243,0.11096477
1.0129163642150087,1.0118818
1.36853531199256,1.3600183
0.1267229223222755,0.12664574
0.8265604055686925,0.8215741
0.7695609857888159,0.7766868
0.5504452608036695,0.5493087
1.1727197649766257,1.1723398
1.3872391176166008,1.3889859
0.9218437958345772,0.91946983
1.1126527801618638,1.1121705
2.014034862124232,2.010454
1.3540012640320636,1.3547406
0.2007082537406593,0.18062004
1.321140118011311,1.309655
1.167627888824505,1.1677151
1.9096321509593883,1.9142214
0.9785542977175364,0.9740602
1.415681393277398,1.4127542
1.056974572904523,1.055547
1.6662071320060858,1.6627471
1.3791948568634909,1.3760557
1.1924040012120192,1.1876984
0.2032607764335109,0.19876242
0.4479998538701368,0.45120472
0.1934769044030855,0.1924713
0.2249405692210727,0.20982951
0.6890243421781058,0.6863121
1.4852237132668238,1.4812763
1.1171817192312254,1.1119025
1.9398304439274947,1.940362
1.425188655064252,1.4206023
0.978968142249799,0.97765255
1.357993307912188,1.3485446
1.1209731433366568,1.1448696
1.1781579788000156,1.1749561
1.1027027991138905,1.1001544
1.0475829078385883,1.0407346
1.1682748835992816,1.1844054
0.970648547200464,0.97145236
0.9166490762189884,0.8954108
0.9651115923576272,0.9542777
0.1826576187318916,0.1866506
0.4841908729586338,0.48782673
2.134513311310381,2.147008
0.9897481593609746,1.0089698
1.203794098417781,1.2024531
0.376746776164747,0.36075577
0.6895172039593078,0.6852076
0.1167322660549987,0.111932896
0.7491795155827102,0.74343884
2.157348467702187,2.1574883
1.36948360292307,1.3724645
0.0879957799766824,0.08399901
1.0426252175320578,1.038866
2.151173284946931,2.1404278
1.4254271485257066,1.4268436
0.4313362268519735,0.43024877
0.3496409507334933,0.34745255
1.0760469144837974,1.0714109
1.0321721628474847,1.0355749
1.288695583282858,1.2841811
0.931513693067892,0.9593488
1.1792921999953094,1.1806343
1.1309664755282636,1.1288564
1.22479647976145,1.2325648
0.9692952981852568,0.96986985
1.3461066304692786,1.3360054
1.248891719644876,1.2457478
1.3516169247036842,1.3501551
0.0637377851497055,0.06482523
0.48216366587183,0.47634336
1.0250938939876593,1.0222855
1.2502439370256608,1.2486225
0.4618522915028508,0.4615242
1.425444218781348,1.4222797
0.9505311158691492,0.95289063
1.0741583453032773,1.0697303
1.0415254783472605,1.0376924
0.972505825104854,0.9697491
1.6108218821711078,1.6004047
1.2763741526572296,1.2754599
0.1781014198281476,0.17623991
1.0373873051104443,1.0326984
1.1700312574732263,1.154074
0.7088902672634426,0.7069076
1.0437054903249607,1.0433095
0.9864013605179396,0.9880829
1.7348831750280111,1.7353666
0.0252028690949445,0.023866035
0.522391015306772,0.49741343
1.179512944209725,1.1733379
1.1523565849215616,1.1492141
0.0348889392995521,0.030129202
1.4842446292643423,1.4801708
1.133820551642975,1.1154134
1.5060222568687265,1.5055374
1.2448979161177256,1.2460223
1.0365528563772404,1.0365901
0.3975951988287019,0.3960391
2.1856224688137096,2.1902435
1.3654227256436169,1.370065
0.5684353121732669,0.5617212
0.0177071302543244,0.01663689
0.1878974525604135,0.18598199
0.2588116996676269,0.25525203
1.7723698045754976,1.7860188
1.1232250547436624,1.1254718
0.4816596547653158,0.47797254
0.0218393414037883,0.028940804
1.1662164541552626,1.1611586
0.974521563321902,0.9718009
1.4258597802706718,1.4264555
0.2312045797867963,0.23068696
1.8048890155268045,1.8344038
1.1635951619297955,1.1653006
1.0767320666116171,1.0774782
1.0281631019466324,1.0368487
0.0192511678858036,0.021366123
0.6668499009312399,0.6683476
0.5282826835907897,0.5224717
2.236917194661188,2.2153268
0.7328860903751772,0.7290793
1.1399023537845214,1.1312566
1.2635928213093883,1.2618654
0.932835752641444,0.92822057
1.0517772268105685,1.0441933
1.6940308704553493,1.7144675
0.5978396003374538,0.59902906
0.3568710204703494,0.35102633
0.362359324595323,0.3581947
0.601346030286154,0.59728
1.2737500275623612,1.2681881
0.0409048044654632,0.037210107
1.004714941906214,1.0050457
0.3507348610094326,0.35288608
1.1115230850961215,1.105948
0.7717519801886087,0.7690278
2.017381111238075,2.0276515
1.3316760921914743,1.3299621
0.2466633398900126,0.24547341
0.0756916042081783,0.0743881
2.1743197813662887,2.1735656
1.092513467030938,1.129154
1.350187976608598,1.3481852
1.040379089377089,1.0318084
0.936493428568184,0.9366252
1.2133059417143834,1.2112141
1.382545403123749,1.3846948
1.158468274523302,1.1541353
2.104583127264181,2.101246
0.9972553087366312,0.9939971
0.0369882494213585,0.030605897
1.8417563508849395,1.8424091
0.5529420390035208,0.5419955
1.1246966478779514,1.1327202
1.6965354488745343,1.6899483
1.0124852960342745,1.0134847
1.2848029263015557,1.2783307
1.1057546445144313,1.1128082
1.26575133744072,1.2649289
1.2946293288859223,1.2890948
0.4227267308314099,0.41512513
0.9997514916912724,0.99981964
0.6801761717881801,0.681191
1.1485850533751625,1.1513672
1.591337477970558,1.5827522
0.0487130701241769,0.048244864
1.2202528900483658,1.2231839
0.1210356232314051,0.115254246
0.1676163726520147,0.16167265
1.341884453554885,1.3448515
1.2378382465165128,1.2348545
0.8311137464624186,0.82518554
0.5115049626415102,0.51218885
1.4133753084739822,1.4241669
0.5588875881090054,0.56239706
0.2596700568667104,0.25899443
1.5634834218179527,1.5614828
0.0587989035819086,0.056903906
2.175810433813781,2.156609
0.3190452690230412,0.31640866
1.231003843072624,1.2219741
0.057392384285265,0.05438619
0.3181201166971739,0.3280039
1.0607573458069597,1.0596156
1.3547767672060291,1.346047
1.2796154661930457,1.2699273
0.8020017697180957,0.79944134
1.2832984448089324,1.275555
0.9477819193140956,0.94716483
0.9640730290877346,0.9632972
0.9914647371972256,0.99072266
1.5097008323520646,1.5107069
0.1046448380311125,0.09777715
1.0727801596630973,1.0673604
0.7135812223515066,0.74246633
0.7520659897825352,0.74705565
0.0299515675279342,0.03334999
2.1918994181438487,2.190183
0.8613207903135945,0.8609365
2.0617084846463256,2.080257
0.6551344363853858,0.6515246
0.6036754468701893,0.60551
0.4212081670545276,0.417595
1.030272821951203,1.0384625
0.5980946735568272,0.5937458
1.1626513018000413,1.1628523
1.8181164377042929,1.8213112
0.9107240429621342,0.9013628
0.6225458210799653,0.62107503
1.5135056927129948,1.5089546
0.1634940047020933,0.16053706
0.7755488908126316,0.7691924
0.6772615664481912,0.67322874
1.3374346053896546,1.334249
0.9611755668961208,0.947695
1.4689955592644417,1.4654012
0.6150465452998314,0.613166
1.3219592554004893,1.3193187
1.014890240221139,1.0149128
0.6559385189340307,0.6547289
1.0454550114692136,1.045886
1.3683885514545342,1.3670254
0.7151400565169702,0.7122193
1.3732185429732238,1.3747187
0.8299154041169038,0.8292213
0.9649637428202568,0.96193707
1.3245234351661763,1.3130497
1.111070660553644,1.1200753
1.492517312663934,1.4762323
1.0634993050598234,1.0585415
0.8257019530171212,0.8277358
1.0610061606856889,1.0704277
1.7160922228260505,1.7130387
0.2478728435597067,0.24896425
2.160000685443621,2.1401684
0.5444555765641255,0.5443095
1.468039634859904,1.4652318
1.6782251985904753,1.6693949
1.327231252538848,1.3229841
0.7092355949392549,0.714356
0.6065229287825907,0.6074348
0.2664493275361302,0.2943946
0.0881742356259211,0.08554808
1.1600172459486455,1.1555982
0.339623550034024,0.32677752
1.2288930749294438,1.2279013
0.3538534473041674,0.35357624
0.9649882650677,0.9695506
1.0252782253034909,1.0238832
1.2076469268389751,1.2053852
1.2105034570949742,1.2127492
0.0380713294289214,0.03335335
1.9330960208366317,1.9379619
0.3888421609764044,0.39289427
0.7382649833352483,0.7303039
1.5902265769624702,1.5854397
0.8853203891443389,0.8853029
1.0866871828224118,1.0873854
1.659773280658959,1.6528442
0.5357634269249332,0.53575456
0.7817494679281654,0.7800554
1.0304431771493168,1.0290285
0.7420764155514874,0.73957163
1.2603148752060218,1.2510164
1.0717858755425866,1.069531
1.1431398779367123,1.1407286
1.4351790235364277,1.4303749
0.887176369004153,0.8820608
1.211377187483562,1.2089843
1.6147438278369537,1.6100268
1.141526419329444,1.1133884
1.360698190943066,1.3579667
1.1141680739450897,1.1099831
1.305252681741758,1.312223
1.0102838908860183,1.0207953
1.4507031480507633,1.4365568
0.031192093051112,0.028147519
2.1851417782404106,2.1749516
1.0058316950308095,1.0019357
0.0510025252145775,0.05068735
0.0144356668181927,0.012279175
1.1586931356098722,1.1562248
0.025877665420162,0.021514252
0.3147375756442721,0.31843802
0.4341689604522176,0.4371983
2.160755299343129,2.164418
0.1593080163371541,0.14426246
1.4134526472017244,1.4128172
1.07273964039843,1.0687006
0.8530299857781696,0.87941617
1.028158737390558,1.0314361
2.156815971891558,2.1519408
1.22752226895781,1.2251092
1.3535689946088996,1.3508027
1.2939868774348262,1.2966108
0.5756054434985982,0.5722974
0.5778660354197513,0.57386893
1.2492477295952968,1.2502067
0.7310903979752174,0.72479326
1.2759530196202755,1.2751248
0.6546284005765635,0.6552553
0.0111096585083011,0.0063295476
1.3299302723222215,1.3273637
1.3079541344586412,1.3041966
1.178476342521143,1.1801358
1.1623997361295662,1.1613393
1.0829586955627963,1.0730914
1.1139431776697273,1.1124247
0.0304536279527509,0.028666593
1.1462153021916428,1.163868
1.1768684496347166,1.1805265
1.3243465482090635,1.321746
1.1778863926574743,1.1766307
0.9422318453770674,0.9364232
1.027966596330408,1.0317436
0.1550489580220967,0.15369362
0.394265797452012,0.39284077
0.9353446744134644,0.93903047
0.7528697325974065,0.7499915
0.7851464273920791,0.7906195
1.1994660996918036,1.2072424
1.0104981268858564,1.0082686
1.0430583073151305,1.0396767
1.0985032699485613,1.0966291
1.9636930018767815,1.9759438
0.0624408044163081,0.06101457
1.6130961449934231,1.6036781
0.0437729899037723,0.04305222
0.7851718496023556,0.7933383
1.7570397390905046,1.7338283
0.2259840969253651,0.22958505
1.1399464477849648,1.1387396
0.6068715910456831,0.60547584
0.5079147977273838,0.5021089
1.0668677640520214,1.0659397
1.4873263814340771,1.485628
0.7306672381963989,0.7268702
1.1900413733861517,1.1927688
0.7516500304540662,0.7511522
1.6087676702672682,1.5970039
0.9145081876482938,0.9372129
0.9178745736722784,0.9189645
1.4318952587756486,1.4242132
0.9375580257531166,0.9330157
0.6207759533314358,0.61992395
1.635510011828585,1.6264275
0.4823794457549237,0.48301616
1.924361142348132,1.927394
0.3122407612863053,0.31712872
1.9884367416772848,1.9938445
1.7720451023453605,1.8488495
1.2471000368033958,1.243748
0.5306356992289295,0.5234382
1.062367748797224,1.0606635
0.7666889086472799,0.76743853
1.3364565361453151,1.3391762
1.39151163995351,1.3774248
1.8783593530657443,1.9054579
0.9823841542578664,0.9894222
1.087184110272806,1.0857955
0.7717509103810023,0.7705991
0.3647189710555695,0.36318892
0.3920901170749077,0.39060086
1.3973488108685963,1.3983117
2.041462328848457,2.061615
1.565883156056616,1.5599163
1.8055899371129709,1.8165978
0.4533823199566624,0.45847273
2.0973486561069667,2.1103706
0.2551354617426455,0.25747395
1.250835745310395,1.2487344
1.6681353725867367,1.6630309
0.6443271715859794,0.64199156
1.9100659330048868,1.9229295
1.3741787467391453,1.3767837
1.384524064293131,1.3806789
1.4489878649706514,1.451981
0.4775452731354466,0.4780124
1.1149477583762215,1.1115942
0.1576300106414869,0.17545635
1.314519586194433,1.3089523
0.9300166627883092,0.9306811
2.0074863986280977,2.017052
1.2924247332969678,1.2819369
1.6249697798068512,1.6528568
0.6725713645973518,0.6743517
0.9937251880645422,0.9968225
0.7114400814410307,0.71082956
0.0179498879646705,0.016989116
0.613711591567198,0.60689116
1.2561299579096528,1.2646072
2.2335987777531976,2.2251937
0.5117979239678773,0.51472527
0.4532305804711999,0.4502913
0.3162904995931533,0.3174623
0.1452832366271388,0.14393142
1.9250919552758237,1.9216349
1.3044074818006035,1.3042738
0.8284108003585378,0.823621
1.807800515086312,1.8109632
1.3504469031156656,1.3491367
1.2468943218627948,1.2456026
0.0171137429902688,0.012196943
2.160822410909168,2.1642637
1.048520564891015,1.0462556
2.1927882407796018,2.204877
0.6235974320032074,0.6219068
0.9141860963699392,0.91435015
0.1523690390216096,0.1503267
0.445916550902959,0.44674015
0.582883982703365,0.5833213
1.1316895094444763,1.1294405
0.7550820532644377,0.7611777
0.5419750051960767,0.5476378
1.317194580763685,1.3124895
1.7518866362743524,1.7507272
1.273437592309652,1.2691858
1.8874820979025195,1.904737
1.027315541696739,1.0295804
0.9871595645717772,0.9834511
0.4889712858738761,0.48750255
0.583095047198549,0.5791459
0.6026002425966414,0.60386556
0.9649047288659336,0.96416664
0.4189769588882888,0.42185342
1.0711195914282534,1.0693697
1.3923169620584113,1.393987
1.4179244145766183,1.4172199
1.8440281737546316,1.8594965
0.4745960415242871,0.4646242
0.1478547847490801,0.14375672
1.3431508746217515,1.3457226
0.7213882853163612,0.720297
2.0107922339273454,2.0098176
2.044016784214895,2.0468004
1.5430716759317455,1.5378742
1.0289423589793327,1.0231076
0.6367937640986915,0.63608634
0.6737166171272542,0.6659607
0.58010332754928,0.58403075
1.0287224448094252,1.0248995
1.1653970407353882,1.1375501
0.0461462696306243,0.03917323
1.3133842447961104,1.311034
1.4891184314466457,1.4821215
1.5535604778610812,1.549228
0.3382728456627384,0.3420512
0.1840094729227613,0.17621091
0.929808984051945,0.9350405
0.969014738803669,0.9587765
1.0251920150126224,1.0216577
0.5575661554900703,0.5434142
0.9125137614325032,0.89496666
1.3342940610447558,1.3337644
0.8764396277657156,0.8793632
0.5775637922889295,0.57319444
1.244218158454682,1.24385
0.7396512971958173,0.7350037
0.1308477245205069,0.12753469
1.181637332116814,1.1835328
0.1242915475279479,0.12689364
1.3017210088687623,1.2987344
0.6061472156548384,0.60469776
0.2170269061226218,0.21359351
1.1851976053178288,1.1828284
0.0779470087268981,0.07898207
0.8256001711394518,0.8273897
1.2762379788735116,1.2716489
2.093362892554374,2.0892231
0.8574110461115838,0.8533857
0.4499317116077417,0.44742686
1.5367128835807171,1.5343062
0.9390535962520072,0.94345003
0.9255576710010054,0.92335635
0.0102051706042444,0.01101217
1.2997519369041388,1.2990687
0.926820492863666,0.92656684
0.017974286415721,0.01619633
0.7570402298643034,0.7518405
0.1030908214468595,0.114875875
2.027605509093702,2.0119298
1.4756175810800003,1.4759977
2.048428386738437,2.0523763
1.0609301413088277,1.0710936
2.048803490690748,2.0466354
0.6580887273046448,0.6540534
0.8570256529748348,0.8545847
0.9510021088729154,0.9532045
0.997774866830492,0.996609
0.1666553515563353,0.16307577
0.6236034111135735,0.62761915
0.7190548412736464,0.7173161
2.039953520541357,2.0479257
1.6686036399409732,1.656075
0.8978215641697007,0.9012569
1.5171626111777907,1.5177274
1.1632923960321322,1.166436
1.0194664796556558,1.0156848
0.2158920696048961,0.22452116
1.2326940693204318,1.2323973
0.5953175762673794,0.60149616
0.4905424153926955,0.49098757
2.218767265060601,2.2142808
0.3975657629045366,0.40148988
1.98380660326185,1.983701
0.9778657661173844,0.97869027
0.4514318543464375,0.45300397
1.4127401336023633,1.4128298
0.0925649544728041,0.08519254
2.0036459268754028,2.0028276
1.3428973875834846,1.3458192
1.2330871342639875,1.2296702
0.5909644934008111,0.5897821
1.0848816143159896,1.0873592
0.9127650992934638,0.9158749
0.7183924564317247,0.7172575
1.2872863373892618,1.2846359
0.6020889712397788,0.6057795
1.555461187141702,1.5408432
1.0031772582777794,1.0023621
0.5391850742796284,0.5420904
1.0221259109573035,1.0218141
0.8851955178605373,0.8866632
0.8898418641097542,0.8866158
1.602605813689688,1.5968134
1.2515285686359914,1.2518959
0.2130971282096226,0.21042958
0.65200460154644,0.6496983
1.661107015335181,1.6583838
0.5801735174682656,0.5823511
1.877366991244922,1.8805258
1.7717435358813975,1.7700028
0.4235320555093467,0.42565778
0.9394042392701676,0.93784356
1.001887583814202,1.0013919
1.999840141119502,1.9975264
0.9066221927574016,0.9083084
0.825048655394122,0.8272883
0.9167991604282536,0.91646856
1.06854510175573,1.0749332
0.4642559841373405,0.4659491
1.1047909067490584,1.1018245
1.847970842688844,1.8503293
1.8346180077533767,1.8323609
1.1522028324899818,1.141649
1.5003958447958612,1.4973849
0.5661061387707943,0.5701927
1.1405727340330118,1.1356859
1.0349300461349749,1.0299392
0.5795897184755242,0.5767553
1.2972801520235913,1.2943728
0.0133387910908368,0.009450823
1.0969052192673134,1.0933901
1.7352710358064931,1.7438849
0.5466650179784743,0.54663706
1.208132107803238,1.2070085
1.082309725785986,1.1596402
1.1361864186882185,1.1349448
1.4354092808062393,1.4339793
1.1417924903600445,1.1383392
0.2356811990125487,0.23313355
1.822298506452788,1.8147781
1.6203738416390752,1.6131172
1.5657674142182936,1.5739791
1.4824201821850689,1.4734417
1.9026263546926516,1.9019375
1.7835782043291868,1.7913187
0.5404156909099439,0.54558635
1.0793257847750966,1.0757424
0.9871103413768656,0.9851029
0.1152456548289681,0.110344134
0.946897397524242,0.9396467
1.238637524563717,1.247636
1.6455704048156323,1.6431658
2.1050760239808723,2.083983
1.4769134267338055,1.4697168
1.7248997715051946,1.7207325
1.609993572844133,1.6028985
0.6387968266590497,0.64003515
1.378723914503207,1.3857553
1.0408150420063675,1.0386188
1.306912615399987,1.3054116
0.8639339359118239,0.86397505
1.2710716315680397,1.2688439
1.3694813549880416,1.3690344
1.2489146025487232,1.2475834
0.5075540543163689,0.5104168
1.0576957468418633,1.0593536
0.9498924097003248,0.9432462
1.1366226847019023,1.1288332
1.3648257600409153,1.3606222
0.4264358741982489,0.42039385
0.6065362277186023,0.6080639
1.023557743984378,1.0244939
1.3014747845286443,1.3000188
0.8325577354486752,0.8006798
0.592345430973487,0.60259604
0.8784776837059058,0.8795506
0.6294123994461134,0.6296385
1.155662914807127,1.1534685
1.2876844059968964,1.2733037
1.6672350032573586,1.6645746
0.0892371767535871,0.08604985
0.9328305718660332,0.9376347
1.062763734640224,1.0670152
1.073204742646621,1.0696349
0.0187239596938095,0.01794292
1.2496671200098328,1.2591951
1.091308180105573,1.0834873
0.390189243633491,0.38915187
1.2602398906171266,1.2586219
1.6703272571723349,1.6732659
0.5594441368918709,0.5613866
0.2209993103702955,0.2173624
1.0701028777825965,1.0662045
1.0368039175073398,1.0353129
0.18316553393054,0.17112625
1.3300347577315377,1.3300781
2.2196450580962344,2.214256
1.0121553616959793,1.0070063
1.0910233104615592,1.0947915
1.0367565794137454,1.0347699
1.0751102887390998,1.0659044
0.3980812034871515,0.40762246
1.0902918645362074,1.0845739
0.9272048564690172,0.9286909
1.9554931368208,1.9681723
0.1394354844846253,0.13849702
1.4280895360552068,1.4272883
0.9599810034361989,0.958118
1.9994598833763344,2.0005946
0.1773555067126725,0.1731874
1.3490826789245791,1.3591187
0.8875334705179092,0.88855815
1.0297516982524455,1.030256
0.88978881332213,0.8911283
0.9559043389225352,0.94778764
0.5551345759860524,0.55595064
1.1057537478276989,1.0966209
1.6064994650407067,1.5945137
1.1966949005559913,1.1917685
1.1080397533739403,1.1049218
0.5587559562808421,0.55959785
0.1532854074937437,0.16381797
0.6308179750771286,0.63383365
1.0850589424179704,1.0800385
2.040735501571251,2.0493402
1.2335824712189836,1.2337823
0.7734894620851007,0.77217805
1.3935557430087309,1.3890243
0.0269270761703155,0.025940306
1.2041992235224137,1.2006342
0.7418067077254866,0.7426235
0.4234624125322714,0.42478088
1.2233190718951663,1.2267792
0.9267373164419936,0.9267833
1.0899494167101067,1.0931756
0.9316359047065788,0.92801213
0.417197513197002,0.41025588
1.0429074019896143,1.0378802
0.6551898489995541,0.6576801
1.2887894738655985,1.2888236
1.2379297679037151,1.2323713
0.927101668967428,0.9274918
1.2530492532464577,1.2601038
1.6948406143248942,1.6930753
1.5380096926585605,1.5464756
1.367388141253251,1.366729
0.9652687218698048,0.9663507
1.3951127993546273,1.39293
2.174127739797284,2.1722033
2.193104277204481,2.1832855
0.6629706977122024,0.6642341
1.0515330652770944,1.0463988
1.4855617492355064,1.4795408
1.1057215835498293,1.1075001
1.3156239958962097,1.3098048
0.9670619718511616,0.9780389
1.306548672728597,1.3061216
0.996401007978179,1.0333613
1.0111201372854606,1.0090368
1.3975780364497337,1.3953168
0.1394622418411594,0.13660732
1.3397321418488366,1.339695
1.1437224215531698,1.1527803
1.324489270829471,1.3264989
0.3829031978437874,0.3822593
1.0756237320133333,1.0740377
0.352201578658711,0.34786043
0.4433640574025492,0.44057143
1.7361487267828524,1.7323117
1.363290090208746,1.360294
0.4055204747858803,0.41036206
0.9653450768080886,0.9630364
0.3815763913928073,0.38398793
0.0386778438831338,0.027072519
0.1123392751014848,0.11125263
1.1139991600593115,1.1132715
0.6325368158987565,0.6201331
1.0075567562080392,1.0049084
0.6396749071200692,0.6414015
0.985704293395967,0.98502254
0.2103676040413923,0.20767266
2.2024320381700297,2.1962416
1.6164011103819615,1.6361338
0.1745388599031917,0.17512804
0.0907285734394381,0.08826958
1.9994868184334076,2.0103705
0.5124515655355237,0.5126172
0.5012659551513118,0.5196941
0.3970144004384648,0.39703193
1.1240392833762891,1.1318576
1.0478658033377846,1.052942
0.3827897113176039,0.38440135
1.0161921171990982,1.0137081
0.4196320085418505,0.41877553
1.0936854449562694,1.0877448
0.6985731148513163,0.69380563
0.9258704039008764,0.9322746
2.154192123118128,2.150736
1.1724071826127924,1.1689193
0.9026908900540296,0.9199235
1.1761983018906,1.1736078
0.68525265450113,0.684098
0.1252740041318238,0.12067454
1.1662452782184736,1.1650027
0.844456288291641,0.8408648
1.425028783180321,1.4217579
0.9885071203627837,0.98812914
0.2092560583831435,0.20508647
1.238766150444771,1.2418544
1.1694038255912829,1.1665297
0.3214165761006394,0.32948297
0.4605459583441868,0.4530564
2.2311221380023167,2.234192
0.5709285436084268,0.5709659
0.6148113891825515,0.61686957
0.7511491491919136,0.75962806
0.99823740597621,0.99718714
0.4301710268086497,0.42576942
0.9126646713828316,0.90786827
0.567834306340379,0.5671555
0.4449070423088685,0.44697723
0.5702874882479637,0.5667956
0.5897503276920756,0.5908401
0.4876650488653504,0.48703125
0.9853927896042364,0.98323286
1.335302412506209,1.3354064
1.4172104259649252,1.4173876
0.8890644923065827,0.8842204
0.3040044152797224,0.30208182
1.0537935505894844,1.0514057
1.2780936728911292,1.274354
1.1712097543815778,1.1718161
1.0252436421058075,1.020695
0.7596285680746953,0.7620085
0.9728599758253932,0.969296
1.1352516789927694,1.131777
0.6822578500970549,0.6796422
0.6547869482403212,0.6632147
0.045838276112669,0.047271557
1.0176358252445856,1.0214479
0.8914210791122674,0.8979119
0.9275529279086964,0.9266664
1.5470885057971344,1.5399721
1.2770861584903583,1.2653332
0.1292235344881445,0.12935746
1.437634314165943,1.4357336
1.740512601129912,1.7314311
1.03935343412391,1.0418192
1.4166477829970685,1.4148719
1.853093825643189,1.8584945
0.0446291041140115,0.04014153
0.6700015438486555,0.67101896
0.5638637745428952,0.5639501
1.0070033364996,1.0038669
1.842670113435806,1.8460261
0.7072930132243219,0.7013982
1.0933451330993464,1.0967581
1.0909680235270691,1.0886083
1.1318213365469505,1.1357026
1.1602272130032243,1.1743492
0.0955844965067541,0.09451573
1.4360753695390007,1.4322035
0.8195845356877333,0.81644666
0.6266751837457722,0.6200223
0.5822474216452097,0.57910717
1.3412763089977509,1.3439876
0.4360032468323586,0.4342833
1.296892649619359,1.2967331
1.6814409934118462,1.6767212
0.2405029599385662,0.24021485
1.1205452320944316,1.1251788
1.7655907659830066,1.8381668
1.0246539233334586,1.0359768
1.4388924680102897,1.4398212
0.2510080493603752,0.25671914
0.9111888872222724,0.91001385
2.0876872651786127,2.083273
1.1728130116288882,1.1747565
0.543283266125818,0.5427273
0.9960012116223176,0.9998691
2.047936744870789,2.0515304
1.0318763962258233,1.0323621
1.389129417039984,1.3656559
2.111193406262044,2.1101665
1.3954435413461974,1.394208
0.491918822326393,0.48882076
2.033630451818792,2.0403206
0.9507051403160524,0.95130646
1.3333412861209488,1.4415503
0.095327073084022,0.092309125
0.6183487854338108,0.61679244
0.8266247896583581,0.82189596
0.7463232642274914,0.74665827
0.7858171848205058,0.7852221
1.1215217803242057,1.1183184
1.207446688391683,1.206126
1.201541737033244,1.1981878
1.0684164921393162,1.073025
1.1579406828525096,1.1642995
1.3960295756573238,1.3921292
0.8754720626808327,0.87263703
0.2938198690710548,0.2955748
2.149342888986699,2.1558943
1.0151669351464008,1.0111271
1.3310855806344184,1.3292861
1.4019774645831284,1.4019463
0.0230399410541802,0.020234194
1.4346852837155808,1.4366353
1.5064015306170846,1.5028296
2.082934575636285,2.0710566
1.044409628966717,1.0405078
1.2243784441070236,1.2234721
0.1045326437447533,0.10522538
1.100904351112941,1.0972002
0.0302332177136372,0.024985395
0.7780183606073717,0.7725023
1.0287783999621458,1.0253714
1.269969109319049,1.2674993
0.4762335583221775,0.47621974
0.404632562002665,0.40359393
0.4051373173770854,0.4014832
0.6301958228761237,0.62042236
1.4475705727264274,1.4499816
0.0214195532888342,0.018945511
1.872733383061396,1.888776
1.345025870938778,1.3435934
0.3034128907673299,0.3004306
1.1808071667023432,1.1858327
1.0879049991839371,1.0888293
2.0833478396152705,2.0758975
1.002264923102125,0.99953663
0.6748545081483902,0.67905146
1.541193682413877,1.5969726
0.2671390549177379,0.26015458
1.0182549038407616,1.0172286
0.3939426628229018,0.3903371
0.9276046597491516,0.9277115
0.9123226006580962,0.9126204
1.1876584168826654,1.1748778
0.2548196603083376,0.25167295
0.2844149892451644,0.28770113
1.3673209163745936,1.3652
1.091111789938504,1.13452
0.0206902819628983,0.018684749
0.5812458358062063,0.57652694
0.528008771843039,0.52617455
1.129701980824941,1.1326573
1.4245264103497075,1.4241076
1.322384729834308,1.3307804
1.2001685621506115,1.200301
0.0260146874661236,0.026418842
0.0883275062207584,0.087333195
0.6836401440617272,0.683537
1.4389804804410038,1.4346321
1.1017106747614926,1.1086531
1.1014413804932026,1.14318
0.0255598556664891,0.023838922
1.7339134705242816,1.7155714
0.1140690129026391,0.1092469
0.6382331923595534,0.6472347
0.9605200687571832,0.9577801
0.0871758623094663,0.085991
2.086508904377813,2.0698066
1.4184864793788503,1.419428
0.1311380374017012,0.12924364
1.431390403231198,1.4132116
0.1198892616745767,0.11717556
0.0936204965466712,0.092679255
0.1929903111427053,0.18468559
0.1166544730690142,0.115142874
1.7576486294745033,1.7512755
0.5181474299201626,0.515254
0.923199004480374,0.9247616
1.1573936402741376,1.1468122
1.0254566803640648,1.0244159
1.0986806087617105,1.0987217
1.0880909853108722,1.0869867
1.2128107230619654,1.2120199
0.1172518404509293,0.11122837
0.3916978448490855,0.40042803
0.499319990579448,0.4976717
1.3980964196122652,1.3963317
0.0270085354800305,0.019534815
1.052278216604822,1.0553443
0.7336085873111554,0.72294664
1.4420394599862996,1.4356508
0.5508228476150853,0.5545746
2.234228157848764,2.224635
0.3960979323705754,0.39013523
1.386157118783531,1.385565
0.0153433963613723,0.015303902
0.3626267351750171,0.36201367
0.7736741458597827,0.7679422
1.280833253758055,1.2739406
2.0334636861017032,2.0416977
0.9352085246863174,0.9379592
1.3650768206763206,1.3636689
0.3637254629776215,0.36056268
0.1697988104343024,0.16213757
2.1869477958779133,2.1814015
1.5014099505737448,1.5009878
0.8255881471865557,0.83125085
0.3927839502797206,0.39660546
1.0303409658255451,1.0271912
1.478252604907488,1.4706992
0.2262631301285911,0.22229189
1.1703768347534511,1.1589209
0.0120280127970894,0.010489956
1.383789358815143,1.3739158
1.3805154243075826,1.3790889
0.694880931602603,0.69839704
0.8185922030845225,0.81423354
1.858867335597292,1.858688
0.8632793498181349,0.862226
0.3911215337796689,0.39054888
0.5793530458864768,0.5837194
0.2626735220532071,0.26226744
1.608769510481973,1.6038032
0.4742471130602299,0.47530052
1.0250133773298906,1.0233753
1.8147295770700085,1.8171852
1.2071206741189495,1.2047869
0.0357348803384088,0.03452208
1.0961096333048037,1.0968548
0.6591630596169454,0.65675545
0.3679704039168086,0.3670322
1.8847753178300728,1.9255736
1.1719889401641226,1.1680377
1.9098331223199805,1.9034824
1.5300987726962378,1.5264695
0.7867568466723022,0.78937984
0.1411450884002344,0.13817877
0.9203486645733764,0.92336184
0.0327803712431549,0.03207416
0.7186580048377286,0.7227184
1.7583611220895805,1.757019
0.5010580097419131,0.49156037
1.1030985072751256,1.104909
0.1623419497063867,0.16316044
0.7340564289206561,0.7375076
0.9600520864017594,0.9576902
1.0012559073539655,0.9983187
0.1382973738371778,0.1360842
0.238382786883415,0.2347317
1.2975240488158988,1.2913433
0.0395043382831978,0.029440187
1.966849390463924,1.9409893
0.4410142594401506,0.43930152
0.3557246963847169,0.3571496
0.9250349916994764,0.92941904
0.6348443092462164,0.63688135
1.1304006089289045,1.1277674
1.279952409401789,1.2751656
0.4747280470412151,0.47643474
1.4007398068677712,1.3991593
1.51976347474863,1.5194058
2.0514005132739093,2.0490782
0.161196182665157,0.16012916
0.6788942140709141,0.6794381
0.1335271831936909,0.13370574
1.2276775639679711,1.2276939
0.1950809530818278,0.19121173
0.9443981104662328,0.94665074
1.0501944787873274,1.0567523
1.3692437519111451,1.3675895
0.97824322699885,0.979532
0.57788969496771,0.5765797
1.009982325718329,1.0282391
0.1800166141738828,0.17685637
2.0895636199392853,2.092674
0.9240303656550536,0.9309071
0.0551838925134434,0.054418914
1.256860033500728,1.2535305
0.6049824155172255,0.6073501
1.2080289879318935,1.2088768
1.2412349088625951,1.2408178
1.4080220248417128,1.4053736
0.491670263377858,0.4810076
0.300283081630374,0.29608423
0.5872391859247469,0.5896661
2.084903699872521,2.087117
0.3817615311685635,0.3825091
2.1486499754955357,2.1526558
0.6705220934261227,0.6729264
0.4226734954588032,0.42271146
1.754638790958451,1.7593297
0.1895505920024444,0.18945709
2.2179225572486825,2.2166417
1.5871213951604384,1.5800331
1.4844199184355595,1.4845911
1.0507416341509677,1.04437
0.0158566449658259,0.015188944
1.4016765231434394,1.4032695
1.063775437445546,1.0738885
0.3701714270312635,0.36883274
0.9345327996088352,0.94138753
0.0706665838818719,0.073253
0.96423935942334,0.9642663
0.5669078906122432,0.56834304
0.3913974324553891,0.3901258
0.0920296859659059,0.08764874
1.9853272426721649,1.9894354
0.9856374871724788,0.9790094
1.0187860148273904,1.0175647
1.0256756833987213,1.0225612
0.6069240585757703,0.6211974
1.0118112459787458,1.0060647
1.2192148338802515,1.2151649
1.188596687645064,1.1874423
0.3372623589963719,0.3404322
1.627522715231139,1.619643
0.7802856725576451,0.77757734
0.73839776302893,0.7414876
0.96055103724917,0.96240854
1.1490628025665153,1.1423233
0.7874628292292636,0.78404963
1.2591762161240343,1.2568748
0.4945081300727301,0.494836
0.3874630818151138,0.38713944
2.0406334426350177,2.0335367
1.101906313458204,1.1008173
0.6182326995371069,0.61607313
0.9556700580267292,0.95675683
0.3637649399194232,0.36619028
0.8378040417857449,0.8364963
1.375218889264923,1.3778028
1.4134317367786076,1.4152925
0.92452794325295,0.920907
1.633453018416217,1.6199667
0.0106425190943365,0.010259435
0.3305528450814241,0.3324522
1.2624058433710963,1.2438524
1.018455689684489,1.0143764
1.165539178805444,1.1628592
0.4563633694363984,0.45152977
0.1447325852612526,0.1467515
1.294286033126791,1.2929056
0.2667350163366168,0.2686109
1.0251138541281208,1.02952
0.3860678024984678,0.38512185
0.027073814435679,0.020901576
0.8944948579586189,0.89242387
0.3842067014583908,0.3869225
1.019878378612503,1.023153
0.8441384560211704,0.8448723
0.9821427711677674,0.9834136
0.4548574430328548,0.45374292
0.1051581470060244,0.10401257
0.771965346450457,0.7694819
0.1721543457946608,0.17077082
0.6359093185652328,0.63473713
0.0223365878943478,0.021178316
0.6609888869642476,0.65697193
0.9713324701085264,0.9740765
1.0540245505875645,1.0535343
1.4140491587143629,1.4175733
1.2720886472015052,1.2857509
1.523229070540211,1.509701
0.4970692882809319,0.49848196
0.6496713457638442,0.6534747
1.1425977481343812,1.13797
0.1243674783070943,0.11819657
0.7167232248784104,0.717449
1.872472704929012,1.8781931
1.2710809630624824,1.2567037
0.7949575547578734,0.7948908
1.7479226681121938,1.7394571
0.4351038238923462,0.42542872
1.2194125990831497,1.2239573
0.5502371499540171,0.5358793
1.1629515429641144,1.1414171
2.160086059941421,2.158238
1.1241304778691674,1.122761
1.407361634522235,1.413263
1.0065059813019814,1.0039494
0.97321529098349,0.9662279
0.0369945245186127,0.02697619
1.2909258688186185,1.2808598
1.0615006235654667,1.0556827
1.0033976039264747,1.0036869
0.9344580788979971,0.934526
1.1208447570777005,1.1264755
0.4268740447889766,0.42800847
1.315050350220978,1.3130407
0.3919100044256619,0.38547078
0.454866915810321,0.45566738
0.569187336941018,0.56570524
0.705294297955088,0.7037346
1.065681880522067,1.0618076
1.35465733255428,1.3540725
0.2409434693732012,0.23742288
0.0419768893770461,0.040645875
0.5910643735012054,0.59240097
0.2262811212220483,0.22873363
1.4687691670904854,1.4637444
1.580900263342742,1.5785869
1.0042423803658231,1.0039495
2.075611926341266,2.0710232
1.3877669679194842,1.3789194
0.908809476600544,0.9119878
0.5891167102371854,0.57870615
2.2402302505920155,2.223215
1.1324974248241986,1.1270152
0.9024866433300118,0.9043665
1.764640165238316,1.7658321
0.0904162606639221,0.088499896
2.057993504626675,2.0567262
0.937363115689089,0.9473473
0.9855670951582316,0.9859787
0.6387756244425918,0.64079934
0.9617676451975128,0.9690658
0.9783693440356108,0.9811083
0.9147656149490784,0.91418767
0.0601798556345015,0.06046419
1.9782953850486968,1.9777958
0.2821291023904483,0.2795706
0.8047958776037903,0.8043988
0.9790275985294232,0.9704634
1.155840901252396,1.1546501
1.186842343999406,1.1771243
2.1319296763627915,2.1322925
0.8097308278264278,0.81043047
0.3973688145000816,0.39819992
0.9496235282351192,0.94739217
1.718926159086242,1.7227432
1.2526299399722332,1.2544401
1.220876167831609,1.2197511
0.9404840118859582,0.9408058
1.4117976763879796,1.4188468
1.3570848408619214,1.3491625
1.0275638212668707,1.022934
1.746983934721802,1.7502295
1.006484725178666,1.0034887
0.9375694547020949,0.9371765
1.6237996370154335,1.6144805
0.2031021847393817,0.20650864
1.207833109163177,1.2107869
1.822927990377936,1.827884
1.0087998681589248,1.0042746
0.6429146564717185,0.64225185
0.5285461435427539,0.5285268
0.6924540715301947,0.6941107
0.086257160613313,0.08457768
1.5797481391166326,1.5732963
1.1457808069867992,1.1407629
0.6708240241873027,0.66969323
1.0482673850662316,1.0498447
0.4404591039939298,0.43782943
0.5792815249636263,0.579264
1.1760003168339357,1.1669679
1.4675813761766472,1.4772894
1.3802522015774374,1.3754526
0.3674096340229662,0.36450702
1.026812131669934,1.0356641
1.9986825804025763,1.9587291
0.3955665482021324,0.39155173
1.0891406461224593,1.0943544
0.980908121092201,0.97983193
0.0766069417533337,0.07219406
1.0273024791603096,1.0262977
1.0942941075018815,1.0969955
1.1463626831846634,1.1461457
1.1229528681442131,1.1256862
1.1027710236192745,1.1009464
0.1363780580821966,0.13389951
0.0365929198180285,0.035669744
1.626014832002593,1.6232007
0.2055352069678583,0.20199022
1.1401052704708157,1.1473486
1.3608251453066391,1.3558106
2.206736642389436,2.1968944
1.5255941988275252,1.5212455
0.7173975893670633,0.72907203
0.9840322949639124,0.98309445
0.0225344766949328,0.01862124
1.4252119074737424,1.422834
2.0531745782036306,2.044905
1.2444568879809326,1.2476295
0.3176646823879367,0.3255393
1.2630862147492017,1.2613337
0.417071130545859,0.4204323
1.209196318612875,1.2082884
1.4330689195058113,1.4315218
0.4316405817533443,0.43048644
0.0912324758251745,0.09335583
0.080742192953229,0.08162557
0.6111817656588657,0.6134731
1.2829548914873046,1.2813642
0.9235146295910364,0.91882086
1.0251401452179676,1.0250413
0.2984356783474525,0.29678985
1.0534466734379415,1.0516058
0.3247576437071311,0.32475322
1.175047672809118,1.1685807
0.7046972250780151,0.6999219
1.3656701862803675,1.3650819
0.7198908349336058,0.71864057
1.1440204193953534,1.1392698
0.9474586716236688,0.93919593
0.3978713727989011,0.3974301
0.4186805052409726,0.41420755
0.8616041876873328,0.8622238
1.6178962140136914,1.6141254
0.0168885621791192,0.016593285
1.3515754893097536,1.3512169
1.2058026684994432,1.2074018
0.9010568243531832,0.90125376
0.9727296311461714,0.9628275
0.0199643997726516,0.016146544
0.0240339993351772,0.020278346
1.43499313919112,1.4381661
0.9537972917307882,0.95428944
1.135073739556334,1.128664
1.579209912582845,1.5758022
1.0540394190326392,1.0517373
1.0078902872671704,1.0062369
0.4626657203110804,0.45899245
1.2277376974847338,1.2395217
1.2291272633239088,1.2247541
1.69874860427646,1.6996924
1.2103284925302251,1.2079518
1.1375448369300698,1.1353326
0.3374264556804073,0.33140647
0.6020922624517583,0.6036663
1.8743765927698088,1.8584441
0.5770948769789228,0.57581043
1.0940816125543802,1.1012673
1.0017709977067912,0.9998888
0.5118908348792702,0.5125401
2.179190158839672,2.176434
0.5482689617953816,0.5559629
0.3697451979668896,0.37162492
1.8433025005163683,1.8382905
1.9306426105113337,1.9396735
0.7353875771297245,0.7336466
0.1432879507898087,0.1396752
0.9352209449813974,0.93451506
0.0920299986423012,0.09104281
0.6712992755420143,0.6669743
1.7201337043358285,1.715299
0.6845505513469482,0.68574476
1.0808595814777089,1.078272
0.1258522348872217,0.12426973
0.9168919174683152,0.9127073
0.3892684391330205,0.3878695
1.285466712821206,1.2767134
0.5308408239443752,0.5301445
1.1006845392505382,1.0998609
0.3978703404829342,0.39404273
1.0442041981173469,1.040738
1.7537265279579966,1.7546318
0.4621918250070533,0.4622008
1.8768636346664067,1.886315
0.7512219987134422,0.7576937
0.2676979800779177,0.27597314
0.6036069717409966,0.60290784
0.1039384092175047,0.09770804
0.920285006876291,0.9230507
1.534538627508027,1.5303984
1.0720748933983415,1.0698879
2.193553672238609,2.1880164
1.0903439064898175,1.0899702
0.2927443427754104,0.29546413
1.2102907015814968,1.2111311
1.3887384068244082,1.3846797
1.1746346733414694,1.1743658
0.9091218182502676,0.9120449
1.012639847081104,1.0188771
1.2462842776877912,1.233093
1.7595133041360569,1.7618828
1.076644650129806,1.0745636
0.3834761035521392,0.38383698
2.043109716185337,2.04433
0.3897269211305378,0.390605
0.5227975675872797,0.5261528
1.8121149475466007,1.8148946
0.0716377613810232,0.069288604
1.057656697338125,1.0545949
0.0842398050552593,0.08966517
0.8030608455054535,0.8048165
0.2125006162864759,0.21322736
0.5795525379805104,0.5760763
0.0111424824746554,0.010813344
0.2872562699867709,0.2902987
0.785922568368604,0.78716177
1.2536944927275475,1.2517855
0.4463194713016442,0.4492712
0.7918437694919988,0.7863813
0.0426556989832135,0.039662234
1.768027160255906,1.7579277
1.1555339105420146,1.1528411
1.135074189695226,1.1310246
0.5064589200409955,0.5067563
1.0103018663926098,1.0067501
0.4300112198860448,0.43046084
0.0240419811225914,0.023471694
0.6753774710222644,0.67101413
0.7849834419888186,0.7904718
1.1695783344872424,1.1635512
1.229276949829027,1.223767
1.978866175778504,1.9732692
2.2467213125464385,2.2411067
1.613578329987286,1.6093665
0.9257731775241465,0.9306565
0.1453264920135937,0.14298108
0.7804180004918911,0.78063893
1.8229281335295,1.8163862
0.9161930427092824,0.9177823
0.973901746188179,0.9749588
1.2830995909802905,1.2829165
1.0465843749975128,1.0418082
1.0242870143533498,1.0203794
1.641143257007986,1.654017
1.2551546929361976,1.2508136
0.736982448634636,0.734809
0.6442265397044432,0.6459903
0.0622255660185962,0.064017825
1.076868315305002,1.0777017
0.8239642338276388,0.8273786
0.794203432130132,0.79545355
1.3083152749363578,1.3044329
0.6853951766580172,0.67587316
2.0422022391161088,2.0484836
1.3194454607742767,1.3155684
1.957193623175092,1.9534785
0.0251603427430674,0.022512034
1.1141641923626318,1.110605
0.975852326710532,0.9728049
0.4610517144363341,0.4653286
1.2612553992698583,1.2595611
1.0472347065847234,1.0472498
1.0915320848497096,1.0906613
0.6522812477119696,0.6453844
0.0161089091596734,0.016675781
0.3724927402863569,0.37375936
0.5364505431238721,0.53713727
0.6973322448080611,0.6972804
1.2880688659670672,1.2909224
0.980685720331959,0.9405911
0.5167318138667684,0.51504123
1.372736687706866,1.3728124
1.4216550157457144,1.4196576
0.9332577523727285,0.9311582
0.4616908744345012,0.4607837
1.4074619126689285,1.4035121
1.3797033922501938,1.3669795
0.5480968542296605,0.54240835
1.2365436352340096,1.2347634
1.7991916171668458,1.7972064
0.3148144152320905,0.31707597
0.9714613354738958,0.970531
0.6625646344367305,0.6591932
1.24925235710047,1.2502415
0.9093867579612788,0.9100907
0.5896667913305905,0.5911231
0.3349779757047638,0.33093855
0.2129192566166353,0.2078335
1.2449711043834322,1.2480214
2.044566909398951,2.0361679
1.2916689235044454,1.2854066
1.782612985827282,1.7841523
1.1977192094305864,1.1954187
0.8313287322892463,0.8342209
1.357685926536753,1.3696576
1.805668081955784,1.8327241
1.4062941907141857,1.4064746
1.3185780725117895,1.315059
1.6028427952698587,1.6097686
1.1998335300178662,1.1949703
1.2732729174027957,1.2764322
0.4613413877363029,0.46494028
0.2852362486080983,0.28442404
0.407089270079444,0.4060562
1.109344907575805,1.0745271
1.9304893131885308,1.9321967
1.0904473457890052,1.089426
2.1298665633547964,2.1401317
0.3934003290713271,0.39275712
1.0510856593374878,1.0540345
0.8824744508324577,0.8804261
1.4629800261838593,1.4637444
1.2554898045146017,1.2470522
0.8079614042309156,0.8107701
0.5213198164781553,0.51833516
1.0370022990393906,1.0308955
1.41383120478599,1.4127941
1.1667020358320184,1.1639466
1.0729808148896327,1.0961187
0.7701693460987921,0.76993775
0.4922547478156581,0.4902924
1.019858804324463,1.0119389
0.903683472066267,0.9052726
2.040687797615896,2.036505
1.1186217830653251,1.1174444
2.2331839307434187,2.2365458
1.0758457634896137,1.0752103
1.2926159913155577,1.3044287
1.2834016673077224,1.276158
1.310160572446151,1.3072844
1.317166158509537,1.3106356
1.1102066125774248,1.1147163
1.9802448822683465,1.9802029
2.180992154234149,2.183433
0.422350890332014,0.42341045
1.8545143680140217,1.8686495
0.7624240017561225,0.76412064
1.6513965442080367,1.6405411
0.7447906009783,0.7394306
1.0830922065952475,1.0805132
1.42326391673541,1.4370234
1.1707447791313068,1.1673127
0.8244819290572354,0.8269267
1.167442619366065,1.1671581
0.6324618032770721,0.62890196
0.612349034385637,0.6060392
2.0785418214841758,2.0870934
1.0653907184486506,1.0720296
1.3228937622917345,1.3215008
0.0568636038024682,0.05792617
